1	deserving or inciting pity	hapless|miserable|misfortunate|pathetic|piteous|pitiable|pitiful|poor
2	offensively malodorous	fetid|foetid|foul|foul-smelling|funky|noisome|smelly|stinking
3	given or giving freely	big|bighearted|bounteous|bountiful|freehanded|handsome|giving|liberal
4	very good	bang-up|bully|corking|cracking|dandy|great|groovy|keen
5	extremely evil or cruel	demonic|diabolic|diabolical|fiendish|hellish|infernal|satanic|unholy
6	annoyed and irritable	crabbed|crabby|cross|fussy|grouchy|grumpy|bad-tempered|ill-tempered
7	easily irritated or annoyed	cranky|fractious|irritable|nettlesome|peevish|peckish|pettish|petulant
8	showing a brooding ill humor	dark|dour|glowering|glum|moody|morose|saturnine|sour
9	(used of statements) harmful and often untrue	calumniatory|calumnious|defamatory|denigrative|denigrating|denigratory|libellous|libelous
10	marked by deliberate deceptiveness especially by pretending one set of feelings and acting under the influence of another	ambidextrous|deceitful|double-dealing|duplicitous|Janus-faced|two-faced|double-faced|double-tongued
11	occurring with or following as a consequence	attendant|consequent|accompanying|concomitant|incidental|ensuant|resultant|sequent
12	(informal) small and of little importance	fiddling|footling|lilliputian|little|niggling|piddling|piffling|petty
13	so lacking in interest as to cause mental weariness	boring|deadening|dull|ho-hum|irksome|slow|tedious|tiresome
14	widely known and esteemed	celebrated|famed|far-famed|famous|illustrious|notable|noted|renowned
15	(used informally) very small	bitty|bittie|teensy|teentsy|teeny|wee|weeny|weensy
16	having or covered with protective barbs or quills or spines or thorns or setae etc.	barbed|barbellate|briary|briery|bristled|bristly|burred|burry
17	marked by skill in deception	crafty|cunning|dodgy|foxy|guileful|knavish|slick|sly
18	without qualification	arrant(a)|complete(a)|consummate(a)|double-dyed(a)|everlasting(a)|gross(a)|perfect(a)|pure(a)
19	unrestrained by convention or morality	debauched|degenerate|degraded|dissipated|dissolute|libertine|profligate|riotous
20	unrestrained by convention or propriety	audacious|barefaced|bodacious|bald-faced|brassy|brazen|brazen-faced|insolent
21	more than is needed, desired, or required	excess|extra|redundant|spare|supererogatory|superfluous|supernumerary|surplus
22	of high moral or intellectual value	exalted|elevated|sublime|grand|high-flown|high-minded|lofty|rarefied
23	highly offensive	disgusting|disgustful|distasteful|foul|loathly|loathsome|repellent|repellant
24	showing characteristics of age, especially having grey or white hair	grey|gray|grey-haired|gray-haired|grey-headed|gray-headed|grizzly|hoar
25	extraordinarily good or great	fantastic|grand|howling(a)|marvelous|marvellous|rattling(a)|terrific|tremendous
26	repeated too often	banal|commonplace|hackneyed|old-hat|shopworn|stock(a)|threadbare|timeworn
27	conducted with or marked by hidden aims or methods	clandestine|cloak-and-dagger|hole-and-corner(a)|hugger-mugger|hush-hush|secret|surreptitious|undercover
28	slanted across a polygon on a diagonal line	catacorner|cata-cornered|catercorner|cater-cornered|catty-corner|catty-cornered|kitty-corner|kitty-cornered
29	in an advanced stage of pregnancy	big(p)|enceinte|expectant|gravid|great(p)|large(p)|heavy(p)|with child(p)
30	having or demonstrating ability to recognize or draw fine distinctions	acute|discriminating|incisive|keen|knifelike|penetrating|penetrative|piercing
31	continuing forever or indefinitely	ageless|aeonian|eonian|eternal|everlasting|perpetual|unending|unceasing
32	perplexed by many conflicting situations or statements	baffled|befuddled|bemused|bewildered|confounded|confused|lost|mazed
33	harsh or corrosive in tone	acerb|acerbic|acid|acrid|bitter|blistering|caustic|sulfurous
34	aroused to impatience or anger	annoyed|irritated|miffed|nettled|peeved|pissed|pissed off|riled
35	with little or no preparation or forethought	ad-lib|extemporaneous|extemporary|extempore|impromptu|offhand|offhanded|off-the-cuff
36	exaggeratedly proper	priggish|prim|prissy|prudish|puritanical|square-toed|straitlaced|strait-laced
37	(used colloquially) overly conceited or arrogant	bigheaded|persnickety|snooty|snot-nosed|snotty|stuck-up|too big for one's breeches|uppish
38	exhibiting self-importance	boastful|braggart(a)|bragging(a)|braggy|big|cock-a-hoop|crowing|self-aggrandizing
39	having or showing arrogant superiority to and disdain of those one views as unworthy	disdainful|haughty|imperious|lordly|overbearing|prideful|sniffy|supercilious
40	causing fear or dread or terror	awful|dire|direful|dread(a)|dreaded|dreadful|fearful|fearsome
41	threatening or foreshadowing evil or tragic developments	baleful|forbidding|menacing|minacious|minatory|ominous|sinister|threatening
42	marked by firm determination or resolution	firm|steadfast|steady|stiff|unbendable|unfaltering|unshakable|unwavering
43	in fortunate circumstances financially	comfortable|easy|prosperous|well-fixed|well-heeled|well-off|well-situated|well-to-do
44	ostentatiously rich and superior in quality	deluxe|gilded|grand|luxurious|opulent|princely|sumptuous|lush
45	lacking bodily or muscular strength or vitality	decrepit|debile|feeble|infirm|rickety|sapless|weak|weakly
46	rounded like an egg	egg-shaped|elliptic|elliptical|oval|oval-shaped|ovate|oviform|ovoid
47	improperly forward or bold	fresh|impertinent|impudent|overbold|smart|saucy|sassy|wise
48	informal or slang terms for mentally irregular	balmy|barmy|bats|batty|bonkers|buggy|cracked|crackers
49	affected with madness or insanity	brainsick|crazy|demented|disturbed|mad|sick|unbalanced|unhinged
50	lacking seriousness	airheaded|dizzy|empty-headed|featherbrained|giddy|light-headed|lightheaded|silly
51	naughtily or annoyingly playful	arch|impish|implike|mischievous|pixilated|prankish|puckish|wicked
52	suggestive of sexual impropriety	blue|gamy|gamey|juicy|naughty|racy|risque|spicy
53	(of a woman's body) having a large bosom and pleasing curves	bosomy|busty|buxom|curvaceous|curvy|full-bosomed|sonsie|sonsy
54	in the shape of a coil	coiling|helical|spiral|spiraling|volute|voluted|whorled|turbinate
55	of the highest quality	ace|A-one|crack|first-rate|super|tiptop|topnotch|top-notch
56	of very poor quality	bum|cheap|cheesy|chintzy|crummy|punk|sleazy|tinny
57	serving to support or corroborate	collateral|confirmative|confirming|confirmatory|corroborative|corroboratory|substantiating|substantiative
58	having an allergy or peculiar or excessive susceptibility (especially to a specific factor)	allergic|hypersensitive|hypersensitized|hypersensitised|sensitized|sensitised|supersensitive|supersensitized
59	tastelessly showy	brassy|cheap|flash|flashy|garish|gaudy|gimcrack|loud
60	full of flavor	flavorful|flavourful|flavorous|flavourous|flavorsome|flavoursome|sapid|saporous
61	lacking taste or flavor or tang	bland|flat|flavorless|flavourless|insipid|savorless|savourless|vapid
62	being in a tense state	edgy|high-strung|highly strung|jittery|jumpy|nervy|overstrung|restive
63	so thin as to transmit light	diaphanous|filmy|gauzy|gauze-like|gossamer|see-through|sheer|transparent
64	deeply or seriously thoughtful	brooding|broody|contemplative|meditative|musing|pensive|pondering|reflective
65	drained of energy or effectiveness	exhausted|dog-tired|fagged|fatigued|played out|spent|washed-out|worn-out(a)
66	resembling a fork	bifurcate|biramous|branched|forked|fork-like|forficate|pronged|prongy
67	somewhat ill or prone to illness	ailing|indisposed|peaked(p)|poorly(p)|sickly|unwell|under the weather|seedy
68	(of soil) soft and watery	boggy|marshy|miry|mucky|muddy|quaggy|sloppy|sloughy
69	causing or able to cause nausea	nauseating|nauseous|noisome|queasy|loathsome|offensive|sickening|vile
70	so unreasonable as to invite derision	absurd|cockeyed|derisory|idiotic|laughable|ludicrous|nonsensical|preposterous
71	having brief brilliant points or flashes of light	aglitter(p)|coruscant|fulgid|glinting|glistering|glittering|glittery|scintillant
72	of or relating to or supporting Romanism	Roman|R.C.|Romanist|romish|Roman Catholic|popish|papist|papistic
73	too numerous to be counted	countless|infinite|innumerable|innumerous|multitudinous|myriad|numberless|uncounted
74	causing dejection	blue|dark|dingy|disconsolate|dismal|gloomy|grim|sorry
75	of a color at the end of the color spectrum (next to orange)	red|reddish|ruddy|blood-red|carmine|cerise|cherry|cherry-red
76	of the color of slate or granite	slate-grey|slate-gray|slaty-grey|slaty-gray|slaty|slatey|stone-grey|stone-gray
77	having sections or patches colored differently and usually brightly	motley|calico|multicolor|multi-color|multicolour|multi-colour|multicolored|multi-colored
78	confused and vague	addled|befuddled|muddled|muzzy|woolly|wooly|woolly-headed|wooly-minded
79	having or revealing stupidity	anserine|dopy|dopey|foolish|goosey|goosy|gooselike|jerky
80	(used informally) stupid	blockheaded|boneheaded|duncical|duncish|fatheaded|loggerheaded|thick|thickheaded
81	dressed in fancy or formal clothing	dressed(p)|dressed-up|dressed to the nines(p)|dressed to kill(p)|dolled up|spruced up|spiffed up|togged up
82	(used informally) completely unclothed	bare-assed|bare-ass|in the altogether|in the buff|in the raw|raw|peeled|naked as a jaybird
83	lacking orderly continuity	confused|disconnected|disjointed|disordered|garbled|illogical|scattered|unconnected
84	eminent beyond or above comparison	matchless|nonpareil|one(a)|one and only(a)|peerless|unmatched|unmatchable|unrivaled
85	broad in scope or content	across-the-board|all-embracing|all-encompassing|all-inclusive|blanket(a)|broad|encompassing|extensive
86	having the sticky properties of an adhesive	gluey|glutinous|gummy|mucilaginous|pasty|sticky|viscid|viscous
87	being determined by conditions or circumstances that follow	contingent|contingent on(p)|contingent upon(p)|dependent on(p)|dependant on(p)|dependent upon(p)|dependant upon(p)|depending on(p)
88	conspicuously or grossly unconventional or unusual	bizarre|eccentric|freakish|freaky|flaky|flakey|gonzo|off-the-wall
89	resembling a tree in form and branching structure	arboreal|arboreous|arborescent|arboresque|arboriform|dendriform|dendroid|dendroidal
90	large in amount or extent or degree	goodly|goodish|healthy|hefty|respectable|sizable|sizeable|tidy
91	lacking physical movement skills, especially with the hands	bumbling|bungling|butterfingered|ham-fisted|ham-handed|handless|heavy-handed|left-handed
92	expletives used informally as intensifiers	blasted|blame|blamed|blessed|damn|damned|darned|deuced
93	filled with melancholy and despondency	gloomy|grim|blue|depressed|dispirited|down(p)|downcast|downhearted
94	characterized by directness in manner or speech	blunt|candid|forthright|frank|free-spoken|outspoken|plainspoken|point-blank
95	very drunk	besotted|blind drunk|blotto|crocked|cockeyed|fuddled|loaded|pie-eyed
96	characterized by effort to the point of exhaustion	arduous|backbreaking|grueling|gruelling|hard|heavy|laborious|operose
97	effusively or insincerely emotional	bathetic|drippy|hokey|maudlin|mawkish|kitschy|mushy|schmaltzy
98	based primarily on surmise rather than adequate evidence	conjectural|divinatory|hypothetical|hypothetic|supposed|suppositional|suppositious|supposititious
99	having your attention fixated as though by a spell	fascinated|hypnotized|hypnotised|mesmerized|mesmerised|spellbound|spell-bound|transfixed
100	quick and energetic	alert|brisk|lively|merry|rattling|snappy|spanking|zippy
101	causing irritation or annoyance	annoying|bothersome|galling|irritating|nettlesome|pesky|pestering|pestiferous
102	not made explicit	unexpressed|unsaid|unstated|unuttered|unverbalized|unverbalised|unvoiced|unspoken
103	beyond or deviating from the usual or expected	curious|funny|odd|peculiar|queer|rum|rummy|singular
104	marked by up-to-dateness in dress and manners	dapper|dashing|jaunty|natty|raffish|rakish|spiffy|snappy
105	out of fashion	antique|demode|ex|old-fashioned|old-hat(p)|outmoded|passe|passee
106	being very thin	scraggy|scraggly|boney|bony|scrawny|skinny|underweight|weedy
107	a man who is much concerned with his dress and appearance	dandy|dude|fop|gallant|sheik|beau|swell|fashion plate
108	a stupid person	dunce|dunderhead|numskull|blockhead|bonehead|lunkhead|hammerhead|knucklehead
109	an illusory feat	magic trick|conjuring trick|trick|magic|legerdemain|conjuration|thaumaturgy|illusion
110	offensive term for a homosexual man	fagot|faggot|fag|fairy|nance|pansy|queen|queer
111	someone acting as an informer or decoy for the police	fink|snitch|snitcher|stoolpigeon|stool pigeon|stoolie|sneak|sneaker
112	a professional killer who uses a gun	gunman|gunslinger|hired gun|gun|gun for hire|triggerman|hit man|hitman
113	a man who is a stupid incompetent fool	fathead|goof|goofball|bozo|jackass|goose|cuckoo|twat
114	an aggressive and violent young criminal	hood|hoodlum|goon|punk|thug|tough|toughie|strong-armer
115	a person who makes deceitful pretenses	imposter|impostor|pretender|fake|faker|fraud|sham|shammer
116	a person employed to keep watch for some anticipated event	lookout|lookout man|sentinel|sentry|watch|spotter|scout|picket
117	an awkward stupid person	lout|clod|stumblebum|goon|oaf|lubber|lummox|lump
118	informal terms for a mother	ma|mama|mamma|mom|momma|mommy|mammy|mum
119	a man who serves as a sailor	mariner|seaman|tar|Jack-tar|Jack|old salt|seafarer|gob
120	any new participant in some activity	newcomer|fledgling|fledgeling|starter|neophyte|freshman|newbie|entrant
121	a woman who engages in sexual intercourse for money	prostitute|cocotte|whore|harlot|bawd|tart|cyprian|fancy woman
122	a person who is deemed to be despicable or contemptible	rotter|dirty dog|rat|skunk|stinker|stinkpot|bum|puke
123	a very attractive or seductive looking woman	smasher|stunner|knockout|beauty|ravisher|sweetheart|peach|lulu
124	a laborer who loads and unloads vessels in a port	stevedore|loader|longshoreman|docker|dockhand|dock worker|dockworker|dock-walloper
125	a person who is not very bright	stupid|stupid person|stupe|dullard|dolt|pudding head|pudden-head|poor fish
126	someone who drives a taxi for a living	taxidriver|taximan|cabdriver|cabman|cabby|hack driver|hack-driver|livery driver
127	a person given to excessive complaints and crying and whining	whiner|complainer|moaner|sniveller|crybaby|bellyacher|grumbler|squawker
128	(Roman Catholic Church) English monk and scholar (672-735)	Bede|Saint Bede|St. Bede|Baeda|Saint Baeda|St. Baeda|Beda|Saint Beda
129	German mystic and theosophist who founded modern theosophy	Boehme|Jakob Boehme|Bohme|Jakob Bohme|Boehm|Jakob Boehm|Behmen|Jakob Behmen
130	Irish abbess	Bridget|Saint Bridget|St. Bridget|Brigid|Saint Brigid|St. Brigid|Bride|Saint Bride
131	Flemish painter of landscapes (1525-1569)	Brueghel|Breughel|Bruegel|Pieter Brueghel|Pieter Breughel|Pieter Bruegel|Breughel the Elder|Pieter Brueghel the Elder
132	43rd President of the United States	Bush|George Bush|George W. Bush|George Walker Bush|President Bush|President George W. Bush|Dubyuh|Dubya
133	Russian novelist who wrote of human suffering with humor and psychological insight (1821-1881)	Dostoyevsky|Dostoevski|Dostoevsky|Feodor Dostoyevsky|Fyodor Dostoyevsky|Feodor Dostoevski|Fyodor Dostoevski|Feodor Dostoevsky
134	English comedienne and mistress of Charles II (1650-1687)	Gwynn|Gywn|Gynne|Nell Gwynn|Nell Gywn|Nell Gwynne|Eleanor Gwynn|Eleanor Gwyn
135	a teacher and prophet born in Bethlehem and active in Nazareth	Jesus|Jesus of Nazareth|the Nazarene|Jesus Christ|Christ|Savior|Saviour|Good Shepherd
136	Venezuelan master terrorist raised by a Marxist-Leninist father	Sanchez|Ilich Sanchez|Ilich Ramirez Sanchez|Carlos|Carlos the Jackal|Salim|Andres Martinez|Taurus
137	(New Testament) a Christian missionary to the Gentiles	Paul|Saint Paul|St. Paul|Apostle Paul|Paul the Apostle|Apostle of the Gentiles|Saul|Saul of Tarsus
138	helping someone grow up to be an accepted member of the community	breeding|bringing up|fostering|fosterage|nurture|raising|rearing|upbringing
139	English theologian whose objections to Roman Catholic doctrine anticipated the Protestant Reformation (1328-1384)	Wycliffe|John Wycliffe|Wickliffe|John Wickliffe|Wyclif|John Wyclif|Wiclif|John Wiclif
140	a column of light (as from a beacon)	beam|beam of light|light beam|ray|ray of light|shaft|shaft of light|irradiation
141	an electrical discharge accompanied by ionization of surrounding atmosphere	corona discharge|corona|corposant|St. Elmo's fire|Saint Elmo's fire|Saint Elmo's light|Saint Ulmo's fire|Saint Ulmo's light
142	tall herb of eastern North America and Asia having blue berrylike fruit and a thick knotty rootstock formerly used medicinally	blue cohosh|blueberry root|papooseroot|papoose root|squawroot|squaw root|Caulophyllum thalictrioides|Caulophyllum thalictroides
143	Pacific coast tree having aromatic foliage and small umbellate flowers followed by olivelike fruit	California laurel|California bay tree|Oregon myrtle|pepperwood|spice tree|sassafras laurel|California olive|mountain laurel
144	short hairy perennial with early spring blue-violet or lilac flowers	American pasqueflower|Eastern pasque flower|wild crocus|lion's beard|prairie anemone|blue tulip|American pulsatilla|Pulsatilla patens
145	tropical American thorny shrub or small tree	huisache|cassie|mimosa bush|sweet wattle|sweet acacia|scented wattle|flame tree|Acacia farnesiana
146	commonly cultivated Old World woody herb having large pinkish to red flowers	periwinkle|rose periwinkle|Madagascar periwinkle|old maid|Cape periwinkle|red periwinkle|cayenne jasmine|Catharanthus roseus
147	tropical shrub having glossy foliage and fragrant nocturnal flowers with crimped or wavy corollas	crape jasmine|crepe jasmine|crepe gardenia|pinwheel flower|East Indian rosebay|Adam's apple|Nero's crown|coffee rose
148	tall showy tropical American annual having hairy stems and long spikes of usually red flowers above leaves deeply flushed with purple	prince's-feather|gentleman's-cane|prince's-plume|red amaranth|purple amaranth|Amaranthus cruentus|Amaranthus hybridus hypochondriacus|Amaranthus hybridus erythrostachys
149	European grass spreading rapidly by creeping rhizomes	dog grass|couch grass|quackgrass|quack grass|quick grass|witch grass|witchgrass|Agropyron repens
150	trailing grass native to Europe now cosmopolitan in warm regions	Bermuda grass|devil grass|Bahama grass|kweek|doob|scutch grass|star grass|Cynodon dactylon
151	East Indian cereal grass whose seed yield a somewhat bitter flour, a staple in the Orient	finger millet|ragi|ragee|African millet|coracan|corakan|kurakkan|Eleusine coracana
152	valuable fiber plant of East Indies now widespread in cultivation	kenaf|kanaf|deccan hemp|bimli|bimli hemp|Indian hemp|Bombay hemp|Hibiscus cannabinus
153	large tree of Australasia	red beech|brown oak|booyong|crow's foot|stave wood|silky elm|Heritiera trifoliolata|Terrietia trifoliolata
154	evergreen mat-forming shrub of North America and northern Eurasia having small white flowers and red berries	common bearberry|red bearberry|wild cranberry|mealberry|hog cranberry|sand berry|sandberry|mountain box
155	creeping shrub of eastern North America having white bell-shaped flowers followed by spicy red berrylike fruit and shiny aromatic leaves that yield wintergreen 	teaberry|wintergreen|checkerberry|mountain tea|groundberry|ground-berry|creeping wintergreen|Gaultheria procumbens
156	a very prickly woody vine of the eastern United States growing in tangled masses having tough round stems with shiny leathery leaves and small greenish flowers 	bullbrier|greenbrier|catbrier|horse brier|horse-brier|brier|briar|Smilax rotundifolia
157	erect shrub having racemes of tawny yellow flowers	Alexandria senna|Alexandrian senna|true senna|tinnevelly senna|Indian senna|Senna alexandrina|Cassia acutifolia|Cassia augustifolia
158	tropical woody herb with showy yellow flowers and flat pods	pigeon pea|pigeon-pea plant|cajan pea|catjang pea|red gram|dhal|dahl|Cajanus cajan
159	small Eurasian shrub having clusters of yellow flowers that yield a dye	woodwaxen|dyer's greenweed|dyer's-broom|dyeweed|greenweed|whin|woadwaxen|Genista tinctoria
160	erect bushy hairy annual herb having trifoliate leaves and purple to pink flowers	soy|soya|soybean|soya bean|soybean plant|soja|soja bean|Glycine max
161	the annual woody vine of Asia having long clusters of purplish flowers and densely hairy pods	cowage|velvet bean|Bengal bean|Benghal bean|Florida bean|Mucuna pruriens utilis|Mucuna deeringiana|Mucuna aterrima
162	seed of the mung bean plant	mung|mung bean|green gram|golden gram|moong|mash bean|munggo|monggo
163	European weed naturalized in southwestern United States and Mexico having reddish decumbent stems with small fernlike leaves and small deep reddish-lavender flo	redstem storksbill|alfilaria|alfileria|filaree|filaria|clocks|pin grass|pin clover
164	tree of northern India and China having purple blossoms and small inedible yellow fruits	chinaberry|chinaberry tree|China tree|Persian lilac|pride-of-India|azederach|azedarach|Melia azederach
165	tropical American tree bearing a small edible fruit with green leathery skin and sweet juicy translucent pulp	Spanish lime|Spanish lime tree|honey berry|mamoncillo|genip|ginep|Melicocca bijuga|Melicocca bijugatus
166	twining shrub of North America having yellow capsules enclosing scarlet seeds	bittersweet|American bittersweet|climbing bittersweet|false bittersweet|staff vine|waxwork|shrubby bittersweet|Celastrus scandens
167	small Asiatic tree yielding a toxic exudate from which lacquer is obtained	varnish tree|lacquer tree|Chinese lacquer tree|Japanese lacquer tree|Japanese varnish tree|Japanese sumac|Toxicodendron vernicifluum|Rhus verniciflua
168	weedy nightshade with silvery foliage and violet or blue or white flowers	trompillo|white horse nettle|prairie berry|purple nightshade|silverleaf nightshade|silver-leaved nightshade|silver-leaved nettle|Solanum elaeagnifolium
169	cassava with long tuberous edible roots and soft brittle stems	bitter cassava|manioc|mandioc|mandioca|tapioca plant|gari|Manihot esculenta|Manihot utilissima
170	erect perennial of eastern and southern United States having showy orange flowers	butterfly weed|orange milkweed|chigger flower|chiggerflower|pleurisy root|tuber root|Indian paintbrush|Asclepias tuberosa
171	informal terms for money	boodle|bread|cabbage|clams|dinero|dough|gelt|kale
172	a piece of paper money (especially one issued by a central bank)	bill|note|government note|bank bill|banker's bill|bank note|banknote|Federal Reserve note
173	the formation of blood cells in the living body (especially in the bone marrow)	hematopoiesis|haematopoiesis|hemopoiesis|haemopoiesis|hemogenesis|haemogenesis|hematogenesis|haematogenesis
174	a unit of measurement of volume or capacity	volume unit|capacity unit|capacity measure|cubage unit|cubic measure|cubic content unit|displacement unit|cubature unit
175	a quantity of no importance	nothing|nil|nix|nada|null|aught|cipher|cypher
176	two items of the same kind	couple|pair|twosome|twain|brace|span|yoke|couplet
177	a small worthless amount	jack|doodly-squat|diddly-squat|diddlysquat|diddly-shit|diddlyshit|diddly|diddley
178	a tiny or scarcely detectable amount	shred|scintilla|whit|iota|tittle|smidgen|smidgeon|smidgin
179	a slight but appreciable amount	touch|hint|tinge|mite|pinch|jot|speck|soupcon
180	(often followed by `of') a large number or amount or extent	batch|deal|flock|good deal|great deal|hatful|heap|lot
181	a large number or amount	tons|dozens|heaps|lots|piles|scores|stacks|loads
182	a round shape formed by a series of concentric circles (as formed by leaves or flower petals)	coil|whorl|roll|curl|curlicue|ringlet|gyre|scroll
183	something that bulges out or is protuberant or projects from its surroundings	bulge|bump|hump|swelling|gibbosity|gibbousness|jut|prominence
184	the highest level or degree attainable	acme|height|elevation|peak|pinnacle|summit|superlative|meridian
185	a disorderly outburst or tumult	disturbance|disruption|commotion|flutter|hurly burly|to-do|hoo-ha|hoo-hah
186	a condition (mostly in boys) characterized by behavioral and learning disorders	attention deficit disorder|ADD|attention deficit hyperactivity disorder|ADHD|hyperkinetic syndrome|minimal brain dysfunction|minimal brain damage|MBD
187	severe diabetes mellitus with an early onset	type I diabetes|insulin-dependent diabetes mellitus|IDDM|juvenile-onset diabetes|juvenile diabetes|growth-onset diabetes|ketosis-prone diabetes|ketoacidosis-prone diabetes
188	mild form of diabetes mellitus that develops gradually in adults	type II diabetes|non-insulin-dependent diabetes mellitus|NIDDM|non-insulin-dependent diabetes|ketosis-resistant diabetes mellitus|ketosis-resistant diabetes|ketoacidosis-resistant diabetes mellitus|ketoacidosis-resistant diabetes
189	a mild form of smallpox caused by a less virulent form of the virus	alastrim|variola minor|pseudosmallpox|pseudovariola|milk pox|white pox|West Indian smallpox|Cuban itch
190	a communicable infection transmitted by sexual intercourse or genital contact	venereal disease|VD|venereal infection|social disease|Cupid's itch|Cupid's disease|Venus's curse|dose
191	a disease or disorder that is inherited genetically	genetic disease|genetic disorder|genetic abnormality|genetic defect|congenital disease|inherited disease|inherited disorder|hereditary disease
192	presence of excess lipids in the blood	lipemia|lipaemia|lipidemia|lipidaemia|lipoidemia|lipoidaemia|hyperlipemia|hyperlipaemia
193	a rare chronic progressive encephalitis caused by the measles virus and occurring primarily in children and young adults	subacute sclerosing panencephalitis|SSPE|inclusion body encephalitis|subacute inclusion body encephalitis|sclerosing leukoencephalitis|subacute sclerosing leukoencephalitis|Bosin's disease|Dawson's encephalitis
194	enlargement of the nose with dilation of follicles and redness and prominent vascularity of the skin	rhinophyma|hypertrophic rosacea|toper's nose|brandy nose|rum nose|rum-blossom|potato nose|hammer nose
195	everything available	whole shebang|whole kit and caboodle|kit and caboodle|whole kit and boodle|kit and boodle|whole kit|whole caboodle|whole works
196	the general atmosphere of a place or situation and the effect that it has on people	spirit|tone|feel|feeling|flavor|flavour|look|smell
197	a white crystalline oxide used in the production of calcium hydroxide	calcium oxide|quicklime|lime|calx|calcined lime|fluxing lime|unslaked lime|burnt lime
198	solid excretory product evacuated from the bowels	fecal matter|faecal matter|feces|faeces|BM|stool|ordure|dejection
199	salt of potassium (KCl) (trade names K-Dur 20, Kaochlor and K-lor and Klorvess and K-lyte)	potassium chloride|potassium muriate|potash muriate|K-Dur 20|Kaochlor|K-lor|Klorvess|K-lyte
200	any thick, viscous matter	sludge|slime|goo|goop|gook|guck|gunk|muck
201	the first light of day	dawn|dawning|morning|aurora|first light|daybreak|break of day|break of the day
202	the time of day immediately following sunset	twilight|dusk|gloaming|gloam|nightfall|evenfall|fall|crepuscule
203	(New Testament) day at the end of time following Armageddon when God will decree the fates of all individual humans according to the good and evil of their eart	Judgment Day|Judgement Day|Day of Judgment|Day of Judgement|Doomsday|Last Judgment|Last Judgement|Last Day
204	(Judaism) a Jewish holy day celebrated on the 22nd or 23rd of Tishri to celebrate the completion of the annual cycle of readings of the Torah	Shimchath Torah|Simchat Torah|Simhath Torah|Simhat Torah|Simchas Torah|Rejoicing over the Law|Rejoicing of the Law|Rejoicing in the Law
205	(Judaism) a major fast day on the Jewish calendar commemorating the destruction of the temples in Jerusalem	Tishah b'Av|Tishah b'Ab|Tisha b'Av|Tisha b'Ab|Ninth of Av|Ninth of Ab|Fast of Av|Fast of Ab
206	(Judaism) an eight-day Jewish holiday commemorating the rededication of the Temple of Jerusalem in 165 BC	Hanukkah|Hanukah|Hannukah|Chanukah|Chanukkah|Channukah|Channukkah|Festival of Lights
207	a very short time (as the time it takes the eye to blink or the heart to beat)	blink of an eye|flash|heartbeat|instant|jiffy|split second|trice|twinkling
208	the time at which something is supposed to begin	beginning|commencement|first|outset|get-go|start|kickoff|starting time
209	the period of greatest prosperity or productivity	flower|prime|peak|heyday|bloom|blossom|efflorescence|flush
210	small Australian parakeet usually light green with black and yellow markings in the wild but bred in many colors	budgerigar|budgereegah|budgerygah|budgie|grass parakeet|lovebird|shell parakeet|Melopsittacus undulatus
211	the delivery of a fetus by surgical incision through the abdominal wall and uterus (from the belief that Julius Caesar was born that way)	cesarean delivery|caesarean delivery|caesarian delivery|cesarean section|cesarian section|caesarean section|caesarian section|C-section
212	terrestrial worm that burrows into and helps aerate soil	earthworm|angleworm|fishworm|fishing worm|wiggler|nightwalker|nightcrawler|crawler
213	the termination of someone's employment (leaving them free to depart)	dismissal|dismission|discharge|firing|liberation|release|sack|sacking
214	slender-bodied non-stinging insect having iridescent wings that are outspread at rest	dragonfly|darning needle|devil's darning needle|sewing needle|snake feeder|snake doctor|mosquito hawk|skeeter hawk
215	the act of starting something for the first time	initiation|founding|foundation|institution|origination|creation|innovation|introduction
216	all of the living human inhabitants of the earth	world|human race|humanity|humankind|human beings|humans|mankind|man
217	raccoon-like omnivorous mammal of Mexico and the southwestern United States having a long bushy tail with black and white rings	bassarisk|cacomistle|cacomixle|coon cat|raccoon fox|ringtail|ring-tailed cat|civet cat
218	fishes having large mouths with a wormlike filament attached for luring prey	goosefish|angler|anglerfish|angler fish|monkfish|lotte|allmouth|Lophius Americanus
219	street name for lysergic acid diethylamide	acid|back breaker|battery-acid|dose|dot|Elvis|loony toons|Lucy in the sky with diamonds
220	a device or control that is very useful for a particular job	appliance|contraption|contrivance|convenience|gadget|gizmo|gismo|widget
221	a bin that holds rubbish until it is collected	ashcan|trash can|garbage can|wastebin|ash bin|ash-bin|ashbin|dustbin
222	a small vehicle with four wheels in which a baby or child is pushed around	baby buggy|baby carriage|carriage|perambulator|pram|stroller|go-cart|pushchair
223	pejorative terms for an insane asylum	Bedlam|booby hatch|crazy house|cuckoo's nest|funny farm|funny house|loony bin|madhouse
224	a vehicle carrying many passengers	bus|autobus|coach|charabanc|double-decker|jitney|motorbus|motorcoach
225	goods carried by a large vehicle	cargo|lading|freight|load|loading|payload|shipment|consignment
226	an engine that provided medieval artillery used during sieges	catapult|arbalest|arbalist|ballista|bricole|mangonel|onager|trebuchet
227	something unspecified whose name is either forgotten or not known	doodad|doohickey|doojigger|gimmick|gizmo|gismo|gubbins|thingamabob
228	a man's hat with a tall crown	dress hat|high hat|opera hat|silk hat|stovepipe|top hat|topper|beaver
229	a broad highway designed for high-speed traffic	expressway|freeway|motorway|pike|state highway|superhighway|throughway|thruway
230	any obstruction that impedes or is burdensome	hindrance|hinderance|hitch|preventive|preventative|encumbrance|incumbrance|interference
231	an oriental tobacco pipe with a long flexible tube connected to a container where the smoke is cooled by passing through water	hookah|narghile|nargileh|sheesha|shisha|chicha|calean|kalian
232	tranquilizer used to treat psychotic conditions when a calming effect is desired	major tranquilizer|major tranquillizer|major tranquilliser|antipsychotic drug|antipsychotic agent|antipsychotic|neuroleptic drug|neuroleptic agent
233	an amphetamine derivative (trade name Methedrine) used in the form of a crystalline hydrochloride	methamphetamine|methamphetamine hydrochloride|Methedrine|meth|deoxyephedrine|chalk|chicken feed|crank
234	street names for marijuana	pot|grass|green goddess|dope|weed|gage|sess|sens
235	a toilet that is available to the public	public toilet|comfort station|public convenience|convenience|public lavatory|restroom|toilet facility|wash room
236	street names for flunitrazepan	R-2|Mexican valium|rophy|rope|roofy|roach|forget me drug|circle
237	street names for gamma hydroxybutyrate	soap|scoop|max|liquid ecstasy|grievous bodily harm|goop|Georgia home boy|easy lay
238	an electronic device that receives television signals and displays them on a screen	television receiver|television|television set|tv|tv set|idiot box|boob tube|telly
239	a plumbing fixture for defecation and urination	toilet|can|commode|crapper|pot|potty|stool|throne
240	a building where prostitutes are available	whorehouse|brothel|bordello|bagnio|house of prostitution|house of ill repute|bawdyhouse|cathouse
241	excessive sternness	severity|severeness|harshness|rigor|rigour|rigorousness|rigourousness|inclemency
242	something hard to endure	asperity|grimness|hardship|rigor|rigour|severity|severeness|rigorousness
243	elegance by virtue of being fashionable	chic|chicness|chichi|modishness|smartness|stylishness|swank|last word
244	lack of elegance as a consequence of being pompous and puffed up with vanity	ostentation|ostentatiousness|pomposity|pompousness|pretentiousness|puffiness|splashiness|inflation
245	tasteless showiness	flashiness|garishness|gaudiness|loudness|brashness|meretriciousness|tawdriness|glitz
246	extreme stinginess	meanness|minginess|niggardliness|niggardness|parsimony|parsimoniousness|tightness|tightfistedness
247	the property of being cohesive and sticky	cohesiveness|glueyness|gluiness|gumminess|tackiness|ropiness|viscidity|viscidness
248	unnatural lack of color in the skin (as from bruising or sickness or emotional distress)	lividness|lividity|luridness|paleness|pallidness|pallor|wanness|achromasia
249	unusual largeness in size or extent or number	enormousness|grandness|greatness|immenseness|immensity|sizeableness|vastness|wideness
250	a wild gathering involving excessive drinking and promiscuity	orgy|debauch|debauchery|saturnalia|riot|bacchanal|bacchanalia|drunken revelry
251	something of little value	damn|darn|hoot|red cent|shit|shucks|tinker's damn|tinker's dam
252	an asset of special worth or utility	forte|strong suit|long suit|metier|specialty|speciality|strong point|strength
253	alternative names for the body of a human being	human body|physical body|material body|soma|build|figure|physique|anatomy
254	the jaw in vertebrates that is hinged to open the mouth	lower jaw|mandible|mandibula|mandibular bone|submaxilla|lower jawbone|jawbone|jowl
255	the system that includes all organs involved in reproduction and in the formation and voidance of urine	urogenital system|urogenital apparatus|urinary system|urinary apparatus|genitourinary system|genitourinary apparatus|systema urogenitale|apparatus urogenitalis
256	one of the two male reproductive glands that produce spermatozoa and secrete androgens	testis|testicle|orchis|ball|ballock|bollock|nut|egg
257	the fleshy part of the human body that you sit on	buttocks|nates|arse|butt|backside|bum|buns|can
258	informal terms for the nose	beak|honker|hooter|nozzle|snoot|snout|schnozzle|schnoz
259	the faculty of bodily perception	somesthesia|somesthesis|somaesthesia|somaesthesis|somatesthesia|somataesthesis|somatosensory system|somatic sensory system
260	something immaterial that interferes with or delays action or progress	hindrance|hinderance|deterrent|impediment|balk|baulk|check|handicap
261	a distinctive odor that is offensively unpleasant	malodor|malodour|stench|stink|reek|fetor|foetor|mephitis
262	the taste experience when a savoury condiment is taken into the mouth	relish|flavor|flavour|sapidity|savor|savour|smack|nip
263	any undertaking that is easy to do	cinch|breeze|picnic|snap|duck soup|child's play|pushover|walkover
264	absentminded dreaming while awake	reverie|revery|daydream|daydreaming|oneirism|air castle|castle in the air|castle in Spain
265	a job in an organization	position|post|berth|office|spot|billet|place|situation
266	the choicest or most essential or most vital part of some idea or experience	kernel|substance|core|center|centre|essence|gist|heart
267	an esoteric theosophy of rabbinical origin based on the Hebrew scriptures and developed between the 7th and 18th centuries	Kabbalah|Kabbala|Kabala|Cabbalah|Cabbala|Cabala|Qabbalah|Qabbala
268	a branch of knowledge	discipline|subject|subject area|subject field|field|field of study|study|bailiwick
269	the sacred writings of the Christian religions	Bible|Christian Bible|Book|Good Book|Holy Scripture|Holy Writ|Scripture|Word of God
270	pretentious or silly talk or writing	baloney|boloney|bilgewater|bosh|drool|humbug|taradiddle|tarradiddle
271	nonsensical talk or writing	folderol|rubbish|tripe|trumpery|trash|wish-wash|applesauce|codswallop
272	a form of entertainment that enacts a story by sound and a sequence of images giving the illusion of continuous movement	movie|film|picture|moving picture|moving-picture show|motion picture|motion-picture show|picture show
273	a farewell remark	adieu|adios|arrivederci|auf wiedersehen|au revoir|bye|bye-bye|cheerio
274	an esoteric or occult matter resembling the Kabbalah that is traditionally secret	cabala|cabbala|cabbalah|kabala|kabbala|kabbalah|qabala|qabalah
275	plastic surgery to remove wrinkles and other signs of aging from your face	face lift|facelift|lift|face lifting|cosmetic surgery|rhytidectomy|rhytidoplasty|nip and tuck
276	a composition that imitates or misrepresents somebody's style, usually in a humorous way	parody|lampoon|spoof|sendup|send-up|mockery|takeoff|burlesque
277	a nonstandard form of American English characteristically spoken by African Americans in the United States	African American Vernacular English|AAVE|African American English|Black English|Black English Vernacular|Black Vernacular|Black Vernacular English|Ebonics
278	a very loud utterance (like the sound of an animal)	bellow|bellowing|holla|holler|hollering|hollo|holloa|roar
279	a cry or noise made to express displeasure or contempt	boo|hoot|Bronx cheer|hiss|raspberry|razzing|razz|snort
280	light informal conversation for social occasions	chitchat|chit-chat|chit chat|small talk|gab|gabfest|gossip|tittle-tattle
281	a contentious speech act	controversy|contention|contestation|disputation|disceptation|tilt|argument|arguing
282	an advertisement (usually printed on a page or in a leaflet) intended for wide distribution	circular|handbill|bill|broadside|broadsheet|flier|flyer|throwaway
283	a truncated cloth cone mounted on a mast	windsock|wind sock|sock|air sock|air-sleeve|wind sleeve|wind cone|drogue
284	reckless or malicious behavior that causes discomfort or annoyance in others	mischief|mischief-making|mischievousness|deviltry|devilry|devilment|rascality|roguery
285	a sudden happening that brings good fortune (as a sudden opportunity to make money)	boom|bonanza|gold rush|gravy|godsend|manna from heaven|windfall|bunce
286	a positive feeling of liking	affection|affectionateness|fondness|tenderness|heart|warmness|warmheartedness|philia
287	an embarrassing mistake	blunder|blooper|bloomer|bungle|pratfall|foul-up|fuckup|flub
288	a flat cake of thin batter fried on both sides on a griddle	pancake|battercake|flannel cake|flannel-cake|flapcake|flapjack|griddlecake|hotcake
289	a smooth-textured sausage of minced beef or pork usually smoked	frank|frankfurter|hotdog|hot dog|dog|wiener|wienerwurst|weenie
290	a large sandwich made of a long crusty roll split lengthwise and filled with meats and cheese (and tomato and onion and lettuce and condiments)	bomber|grinder|hero|hero sandwich|hoagie|hoagy|Cuban sandwich|Italian sandwich
291	seed of the mung bean plant used for food	mung bean|mung|green bean|green gram|golden gram|moong|mash bean|munggo
292	a swindle in which you cheat at gambling or persuade a person to buy worthless property	bunco|bunco game|bunko|bunko game|con|confidence trick|confidence game|con game
293	an interest group that tries to influence legislators or bureaucrats to act in their favor, typically through lobbying	special interest|special-interest group|special interest group|advocacy group|lobby group|lobby|pressure group|third house
294	a Shiite terrorist organization with strong ties to Iran	Hizballah|Hezbollah|Hizbollah|Hizbullah|Lebanese Hizballah|Party of God|Islamic Jihad|Islamic Jihad for the Liberation of Palestine
295	the descendants of one individual	lineage|line|line of descent|descent|bloodline|blood line|blood|pedigree
296	an international organization of European countries formed after World War II to reduce trade barriers and increase cooperation among its members	European Union|EU|European Community|EC|European Economic Community|EEC|Common Market|Europe
297	a collection containing a variety of sorts of things	assortment|mixture|mixed bag|miscellany|miscellanea|variety|salmagundi|smorgasbord
298	a motley assortment of things	odds and ends|oddments|melange|farrago|ragbag|mishmash|mingle-mangle|hodgepodge
299	a form of government in which the ruler is an absolute dictator (not restricted by a constitution or laws or opposition etc.)	dictatorship|absolutism|authoritarianism|Caesarism|despotism|monocracy|one-man rule|shogunate
300	sexual activity between individuals, especially the insertion of a man's penis into a woman's vagina until orgasm and ejaculation occur	sexual intercourse|intercourse|sex act|copulation|coitus|coition|sexual congress|sexual relation
301	slang for sexual intercourse	fuck|fucking|screw|screwing|ass|nooky|nookie|piece of ass
302	affectionate play (or foreplay without contact with the genital organs)	caressing|cuddling|fondling|hugging|kissing|necking|petting|smooching
303	an accumulation of refuse and discarded matter	garbage heap|junk heap|rubbish heap|scrapheap|trash heap|junk pile|trash pile|refuse heap
304	an automatic instinctive unlearned reaction to a stimulus	reflex|reflex response|reflex action|instinctive reflex|innate reflex|inborn reflex|unconditioned reflex|physiological reaction
305	a landlocked republic in west central Asia bordering on northwestern China	Kyrgyzstan|Kyrgyz Republic|Kirghizia|Kirgizia|Kirghiz|Kirgiz|Kirghizstan|Kirgizstan
306	North American republic containing 50 states - 48 conterminous states in North America plus Alaska in northwest North America and the Hawaiian Islands in the Pa	United States|United States of America|America|the States|US|U.S.|USA|U.S.A.
307	terms referring to the Judeo-Christian God	Godhead|Lord|Creator|Maker|Divine|God Almighty|Almighty|Jehovah
308	a name for the God of the Old Testament as transliterated from the Hebrew consonants YHVH	Yahweh|YHWH|Yahwe|Yahveh|YHVH|Yahve|Wahvey|Jahvey
309	someone who is dazzlingly skilled in any field	ace|adept|champion|sensation|maven|mavin|virtuoso|genius
310	a woman adulterer	adulteress|fornicatress|hussy|jade|loose woman|slut|strumpet|trollop
311	insulting terms of address for people who are stupid or irritating or ridiculous	asshole|bastard|cocksucker|dickhead|shit|mother fucker|motherfucker|prick
312	a very wealthy or powerful businessman	baron|big businessman|business leader|king|magnate|mogul|power|top executive
313	an important influential person	big shot|big gun|big wheel|big cheese|big deal|big enchilada|big fish|head honcho
314	a cruel and brutal fellow	bully|tough|hooligan|ruffian|roughneck|rowdy|yob|yobo
315	someone who makes mistakes because of incompetence	bungler|blunderer|fumbler|bumbler|stumbler|sad sack|botcher|butcher
316	a professional card player who makes a living by cheating at card games	cardsharp|card sharp|cardsharper|card sharper|sharper|sharpie|sharpy|card shark
317	a boy or man	chap|fellow|feller|fella|lad|gent|blighter|cuss
318	a young person of either sex	child|kid|youngster|minor|shaver|nipper|small fry|tiddler
319	a person who is gullible and easy to take advantage of	chump|fool|gull|mark|patsy|fall guy|sucker|soft touch
320	a hired hand who tends cattle and performs other duties on horseback	cowboy|cowpuncher|puncher|cowman|cattleman|cowpoke|cowhand|cowherd
321	(used as an intensifier) extremely well	wonderfully|wondrous|wondrously|superbly|toppingly|marvellously|terrifically|marvelously
322	despite anything to the contrary (usually preceding a concession)	however|nevertheless|withal|still|yet|all the same|even so|nonetheless
323	used in negative statement to describe a situation that has existed up to this point or up to the present time	so far|thus far|up to now|hitherto|heretofore|as yet|yet|til now
324	to certain extent or degree	reasonably|moderately|pretty|jolly|somewhat|fairly|middling|passably
325	without delay or hesitation	immediately|instantly|straightaway|straight off|directly|now|right away|at once
326	with intention	intentionally|deliberately|designedly|on purpose|purposely|advisedly|by choice|by design
327	(of actions or states) slightly short of or not quite accomplished	about|almost|most|nearly|near|nigh|virtually|well-nigh
328	(of quantities) imprecise but fairly close to correct	approximately|about|close to|just about|some|roughly|more or less|around
329	to a complete degree or to the full or entire extent (`whole' is often used informally for `wholly')	wholly|entirely|completely|totally|all|altogether|whole|right
330	speak (about unimportant matters) rapidly and incessantly	chatter|piffle|palaver|prate|tittle-tattle|twaddle|clack|maunder
331	talk or behave amorously, without serious intentions	chat up|flirt|dally|butterfly|coquet|coquette|romance|philander
332	talk socially without exchanging too much information	chew the fat|shoot the breeze|chat|confabulate|confab|chitchat|chit-chat|chatter
333	refuse to talk or stop talking	close up|clam up|dummy up|shut up|belt up|button up|be quiet|keep mum
334	give up in the face of defeat of lacking hope	drop out|give up|fall by the wayside|drop by the wayside|throw in|throw in the towel|quit|chuck up the sponge
335	be or do something to a greater degree	surpass|outstrip|outmatch|outgo|exceed|outdo|surmount|outperform
336	use up (resources or materials)	consume|eat up|use up|eat|deplete|exhaust|run through|wipe out
337	overeat or eat immodestly	gorge|ingurgitate|overindulge|glut|englut|stuff|engorge|overgorge
338	make fat or plump	fatten|fat|flesh out|fill out|plump|plump out|fatten out|fatten up
339	drink down entirely	toss off|pop|bolt down|belt down|pour down|down|drink down|kill
340	cultivate, tend, and cut back the growth of	snip|clip|crop|trim|lop|dress|prune|cut back
341	remove, usually with some force or effort	extract|pull out|pull|pull up|take out|draw out|rip out|tear out
342	beat severely with a whip or rod	flog|welt|whip|lather|lash|slash|strap|trounce
343	have sexual intercourse with	sleep together|roll in the hay|love|make out|make love|sleep with|get laid|have sex
344	lie adjacent to another or share a boundary	border|adjoin|edge|abut|march|butt|butt against|butt on
345	do random, unplanned work or activities or spend time idly	putter|mess around|potter|tinker|monkey|monkey around|muck about|muck around
346	set (something or oneself) down with or as if with a noise	plank|flump|plonk|plop|plunk|plump down|plunk down|plump
347	get rid of	shed|cast|cast off|shake off|throw|throw off|throw away|drop
348	take in, also metaphorically	absorb|suck|imbibe|soak up|sop up|suck up|draw|take in
349	summon into action or bring into existence, often as if by magic	raise|conjure|conjure up|invoke|evoke|stir|call down|arouse
350	put in motion or move to act	trip|actuate|trigger|activate|set off|spark off|spark|trigger off
351	change from a waking to a sleeping state	fall asleep|dope off|flake out|drift off|nod off|drop off|doze off|drowse off
352	call forth (emotions, feelings, and responses)	arouse|elicit|enkindle|kindle|evoke|fire|raise|provoke
353	make calm or still	calm|calm down|quiet|tranquilize|tranquillize|tranquillise|quieten|lull
354	cause to be more favorably inclined	pacify|lenify|conciliate|assuage|appease|mollify|placate|gentle
355	be bossy towards	strong-arm|bully|browbeat|bullyrag|ballyrag|boss around|hector|push around
356	prepare for sleep	go to bed|turn in|bed|crawl in|kip down|hit the hay|hit the sack|sack out
357	cause to lose courage	daunt|dash|scare off|pall|frighten off|scare away|frighten away|scare
358	cause annoyance in	annoy|rag|get to|bother|get at|irritate|rile|nark
359	annoy continually or chronically	harass|hassle|harry|chivy|chivvy|chevy|chevvy|beset
360	get very angry and fly into a rage	flip one's lid|blow up|throw a fit|hit the roof|hit the ceiling|have kittens|have a fit|combust
361	lower someone's spirits	depress|deject|cast down|get down|dismay|dispirit|demoralize|demoralise
362	move about aimlessly or without any destination, often in search of food or employment	roll|wander|swan|stray|tramp|roam|cast|ramble
363	play boisterously	frolic|lark|rollick|skylark|disport|sport|cavort|gambol
364	move or stir about violently	convulse|thresh|thresh about|thrash|thrash about|slash|toss|jactitate
365	spring back	bounce|resile|take a hop|spring|bound|rebound|recoil|reverberate
366	travel across or pass over	traverse|track|cover|cross|pass over|get over|get across|cut through
367	direct the course	steer|maneuver|manoeuver|manoeuvre|direct|point|head|guide
368	pull back or move away or backward	withdraw|retreat|pull away|draw back|recede|pull back|retire|move back
369	go after with the intent to catch	chase|chase after|trail|tail|tag|give chase|dog|go after
370	turn sharply	swerve|sheer|curve|trend|veer|slue|slew|cut
371	move hurridly	rush|hotfoot|hasten|hie|speed|race|pelt along|rush along
372	draw back, as with fear or pain	flinch|squinch|funk|cringe|shrink|wince|recoil|quail
373	bulge outward	start|protrude|pop|pop out|bulge|bulge out|bug out|come out
374	make less visible or unclear	obscure|befog|becloud|obnubilate|haze over|fog|cloud|mist
375	detect with the senses	spot|recognize|recognise|distinguish|discern|pick out|make out|tell apart
376	throw or cast away	discard|fling|toss|toss out|toss away|chuck out|cast aside|dispose
377	make off with belongings of others	pilfer|cabbage|purloin|pinch|abstract|snarf|swipe|hook
378	find unexpectedly	fall upon|strike|come upon|light upon|chance upon|come across|chance on|happen upon
379	earn on some commercial or business transaction	gain|take in|clear|make|earn|realize|realise|pull in
380	administer or bestow, as in small portions	distribute|administer|mete out|deal|parcel out|lot|dispense|shell out
381	steal goods	plunder|despoil|loot|reave|strip|rifle|ransack|pillage
382	terminate the employment of	displace|fire|give notice|can|dismiss|give the axe|send away|sack
383	work hard	labor|labour|toil|fag|travail|grind|drudge|dig
384	give new life or energy to	animate|recreate|reanimate|revive|renovate|repair|quicken|vivify
385	prevent the occurrence of	debar|forefend|forfend|obviate|deflect|avert|head off|stave off
386	make legal	legalize|legalise|decriminalize|decriminalise|legitimize|legitimise|legitimate|legitimatize
387	kill intentionally and with premeditation	murder|slay|hit|dispatch|bump off|off|polish off|remove
388	celebrate noisily, often indulging in drinking	revel|racket|make whoopie|make merry|make happy|whoop it up|jollify|wassail
389	lock up or confine, in or as in a jail	imprison|incarcerate|lag|immure|put behind bars|jail|jug|gaol
390	make a mess of, destroy or ruin	botch|bodge|bumble|fumble|botch up|muff|blow|flub
391	take a risk in the hope of a favorable outcome	gamble|chance|risk|hazard|take chances|adventure|run a risk|take a chance
392	hinder or prevent (the efforts, plans, or desires) of	thwart|queer|spoil|scotch|foil|cross|frustrate|baffle
393	treat with excessive indulgence	pamper|featherbed|cosset|cocker|baby|coddle|mollycoddle|spoil
394	deprive of by deceit	victimize|swindle|rook|goldbrick|nobble|diddle|bunco|defraud
395	deceive somebody	flim-flam|play a joke on|play tricks|trick|fob|fox|pull a fast one on|play a trick on
396	corrupt morally or by intemperance or sensuality	corrupt|pervert|subvert|demoralize|demoralise|debauch|debase|profane
397	succeed in doing, achieving, or producing (something) with the limited or inadequate means available	cope|get by|make out|make do|contend|grapple|deal|manage
398	restore by replacing a part or putting together what is torn or broken	repair|mend|fix|bushel|doctor|furbish up|restore|touch on
399	continue to live and avoid dying	survive|last|live|live on|go|endure|hold up|hold out
400	require as useful, just, or proper	necessitate|ask|postulate|need|require|take|involve|call for
401	be about	loiter|lounge|footle|lollygag|loaf|lallygag|hang around|mess about
402	be lazy or idle	bum|bum around|bum about|arse around|arse about|fuck off|loaf|frig around
403	hold back to a later time	postpone|prorogue|hold over|put over|table|shelve|set back|defer
404	be compatible, similar or consistent	match|fit|correspond|check|jibe|gibe|tally|agree
405	be relevant to	refer|pertain|relate|concern|come to|bear on|touch|touch on
406	remove color from	bleach|bleach out|decolor|decolour|decolorize|decolourize|decolorise|decolourise
407	add color to	color|colorize|colorise|colourise|colourize|colour|color in|colour in
408	come to pass	happen|hap|go on|pass off|occur|pass|fall out|come about
409	take the first step or steps in carrying out an action	get down|begin|get|start out|start|set about|set out|commence
410	pass from physical life and lose all bodily attributes and functions necessary to sustain life	die|decease|perish|go|exit|pass away|expire|pass
411	mix together different elements	blend|flux|mix|conflate|commingle|immix|fuse|coalesce
412	cut down on	reduce|cut down|cut back|trim|trim down|trim back|cut|bring down
413	stop operating or functioning	fail|go bad|give way|die|give out|conk out|go|break
414	put on special clothes to appear particularly appealing and attractive	overdress|dress up|fig out|fig up|deck up|gussy up|fancy up|trick up
415	provide with clothes or put clothes on	dress|clothe|enclothe|garb|raiment|tog|garment|habilitate
416	get undressed	undress|discase|uncase|unclothe|strip|strip down|disrobe|peel
417	make (offspring) by reproduction	beget|get|engender|father|mother|sire|generate|bring forth
418	get the meaning of something	grok|get the picture|comprehend|savvy|dig|grasp|compass|apprehend
419	understand, usually after some initial difficulty	catch on|get wise|get onto|tumble|latch on|cotton on|twig|get it
420	become clear or enter one's consciousness or emotions	click|get through|dawn|come home|get across|sink in|penetrate|fall into place
421	get to know or become aware of, usually accidentally	learn|hear|get word|get wind|pick up|find out|get a line|discover
422	study intensively, as before an exam	cram|grind away|drum|bone up|swot|get up|mug up|swot up
423	leave undone or leave out	neglect|pretermit|omit|drop|miss|leave out|overlook|overleap
424	make free from confusion or ambiguity	clear|clear up|shed light on|crystallize|crystallise|crystalize|crystalise|straighten out
425	be confusing or perplexing to	confuse|throw|fox|befuddle|fuddle|bedevil|confound|discombobulate
426	be a mystery or bewildering to	perplex|vex|stick|get|puzzle|mystify|baffle|beat
427	reflect deeply on a subject	chew over|think over|meditate|ponder|excogitate|contemplate|muse|reflect
428	to believe especially on uncertain or tentative grounds	speculate|theorize|theorise|conjecture|hypothesize|hypothesise|hypothecate|suppose
429	mark as different	distinguish|separate|differentiate|secern|secernate|severalize|severalise|tell
430	examine so as to determine accuracy, quality, or condition	check|check up on|look into|check out|suss out|check over|go over|check into
431	be careful or certain to do something	see|check|insure|see to it|ensure|control|ascertain|assure
432	put up with something or somebody unpleasant	digest|endure|stick out|stomach|bear|stand|tolerate|support
433	look on as or consider	think of|repute|know as|be known as|regard as|look upon|look on|esteem
434	have faith or confidence in	count|bet|depend|swear|rely|bank|look|calculate
435	eliminate urine	make|urinate|piddle|puddle|micturate|piss|pee|pee-pee
436	have a bowel movement	stool|defecate|shit|take a shit|take a crap|ca-ca|crap|make
437	exhaust or get tired through overuse or great strain or stress	tire|wear upon|tire out|wear|weary|jade|wear out|outwear
438	eject the contents of the stomach through the mouth	vomit|vomit up|purge|cast|sick|cat|be sick|disgorge
439	make a retreat from an earlier commitment or activity	retreat|pull back|back out|back away|crawfish|crawfish out|pull in one's horns|withdraw
440	cancel officially	revoke|annul|lift|countermand|reverse|repeal|overturn|rescind
441	avoid or try to avoid fulfilling, answering, or performing (duties, questions, or issues)	hedge|fudge|evade|put off|circumvent|parry|elude|skirt
442	censure severely or angrily	call on the carpet|take to task|rebuke|rag|trounce|lecture|reprimand|jaw
443	give away information about somebody	denounce|tell on|betray|give away|rat|grass|shit|shop
444	charge falsely or with malicious intent	defame|slander|smirch|asperse|denigrate|calumniate|smear|sully
445	harass with persistent criticism or carping	tease|razz|rag|cod|tantalize|tantalise|bait|taunt
446	subject to laughter or ridicule	ridicule|roast|guy|blackguard|laugh at|jest at|rib|make fun
447	fool or hoax	gull|dupe|slang|befool|cod|fool|put on|take in
448	spur on or encourage especially by cheers and shouts	cheer|root on|inspire|urge|barrack|urge on|exhort|pep up
449	wish harm upon	curse|beshrew|damn|bedamn|anathemize|anathemise|imprecate|maledict
450	indicate, as with a sign or an omen	bode|portend|auspicate|prognosticate|omen|presage|betoken|foreshadow
451	show off	boast|tout|swash|shoot a line|brag|gas|blow|bluster
452	complain	gripe|bitch|grouse|crab|beef|squawk|bellyache|holler
453	utter a sudden loud cry	shout|shout out|cry|call|yell|scream|holler|hollo
454	make known to the public information that was previously known only to a few people or that was meant to be kept a secret	unwrap|disclose|let on|bring out|reveal|discover|expose|divulge
455	divulge confidential information or secrets	spill the beans|let the cat out of the bag|talk|tattle|blab|peach|babble|sing
456	determine the sum of	total|tot|tot up|sum|sum up|summate|tote up|add
457	add details, as to an account or idea	elaborate|lucubrate|expatiate|exposit|enlarge|flesh out|expand|expound
458	add details to	embroider|pad|lard|embellish|aggrandize|aggrandise|blow up|dramatize
459	cause to become widely known	circulate|circularize|circularise|distribute|disseminate|propagate|broadcast|spread
460	characteristic of or suffering from kyphosis, an abnormality of the vertebral column	crookback|crookbacked|humped|humpbacked|hunchbacked|gibbous|kyphotic
461	having a natural fragrance	odoriferous|odorous|perfumed|scented|sweet|sweet-scented|sweet-smelling
462	devouring or craving food in great quantities	edacious|esurient|rapacious|ravening|ravenous|voracious|wolfish
463	very generous	lavish|munificent|overgenerous|too-generous|unsparing|unstinted|unstinting
464	adopted in order to deceive	assumed|false|fictitious|fictive|pretended|put on|sham
465	exceptionally bad or displeasing	atrocious|abominable|awful|dreadful|painful|terrible|unspeakable
466	very bad	icky|crappy|lousy|rotten|shitty|stinking|stinky
467	morally reprehensible	despicable|ugly|vile|slimy|unworthy|worthless|wretched
468	causing distress or worry or anxiety	distressing|distressful|disturbing|perturbing|troubling|worrisome|worrying
469	having an oblique or slanted direction	aslant|aslope|diagonal|slanted|slanting|sloped|sloping
470	(of persons or their actions) able or disposed to inflict pain or suffering	barbarous|brutal|cruel|fell|roughshod|savage|vicious
471	arousing or provoking laughter	amusing|comic|comical|funny|laughable|mirthful|risible
472	extending out above or beyond a surface or boundary	jutting|projected|projecting|protruding|relieved|sticking(p)|sticking out(p)
473	showing or motivated by sympathy and understanding and generosity	charitable|benevolent|kindly|sympathetic|good-hearted|openhearted|large-hearted
474	very small	bantam|diminutive|lilliputian|midget|petite|tiny|flyspeck
475	preferred above all others and treated with partiality	favored|favorite(a)|favourite(a)|best-loved|pet|preferred|preferent
476	marked by foolish or unreasoning fondness	enamored|infatuated|in love|potty|smitten|soft on(p)|taken with(p)
477	having unsuitable feminine qualities	effeminate|emasculate|epicene|cissy|sissified|sissyish|sissy
478	deeply involved	neck-deep|up to my neck|up to your neck|up to her neck|up to his neck|up to our necks|up to their necks
479	informal intensifiers	bally(a)|blinking(a)|bloody(a)|blooming(a)|crashing(a)|flaming(a)|fucking(a)
480	possessing or using or characteristic of or appropriate to supernatural powers	charming|magic|magical|sorcerous|witching(a)|wizard(a)|wizardly
481	clearly revealed to the mind or the senses or judgment	apparent|evident|manifest|palpable|patent|plain|unmistakable
482	extremely painful	agonizing|agonising|excruciating|harrowing|torturing|torturous|torturesome
483	characterized by intense emotion	ardent|fervent|fervid|fiery|impassioned|perfervid|torrid
484	belonging to some prior time	erstwhile(a)|former(a)|old|onetime(a)|one-time(a)|quondam(a)|sometime(a)
485	excluded from use or mention	forbidden|out(p)|prohibited|proscribed|taboo|tabu|verboten
486	excessively or hypocritically pious	holier-than-thou|pietistic|pietistical|pharisaic|pharisaical|sanctimonious|self-righteous
487	not to be placated or appeased or moved by entreaty	grim|inexorable|relentless|stern|unappeasable|unforgiving|unrelenting
488	characteristic of false pride	conceited|egotistic|egotistical|self-conceited|swollen|swollen-headed|vain
489	planning prudently for the future	farseeing|farsighted|foresighted|foresightful|prospicient|long|longsighted
490	aimlessly drifting	adrift(p)|afloat(p)|aimless|directionless|planless|rudderless|undirected
491	not prepared or vigilant	napping|off-guard(a)|off guard(p)|off one's guard(p)|off his guard|off her guard|off your guard
492	related by blood	akin(p)|blood-related|cognate|consanguine|consanguineous|consanguineal|kin(p)
493	having the shape of a sphere or ball	ball-shaped|global|globose|globular|orbicular|spheric|spherical
494	shaped like a ring	annular|annulate|annulated|circinate|ringed|ring-shaped|doughnut-shaped
495	being satisfactory or in satisfactory condition	all right|fine|o.k.|ok|okay|hunky-dory|cool
496	having very keen vision	argus-eyed|hawk-eyed|keen-sighted|lynx-eyed|quick-sighted|sharp-eyed|sharp-sighted
497	unpleasantly and excessively suave or ingratiating in manner or speech	buttery|fulsome|oily|oleaginous|smarmy|soapy|unctuous
498	having more than one decidedly dissimilar aspects or qualities	double|dual|twofold|two-fold|treble|threefold|three-fold
499	having or showing knowledge and skill and aptitude	adept|expert|good|practiced|proficient|skillful|skilful
500	composed of or covered with particles resembling meal in texture or consistency	farinaceous|coarse-grained|grainy|granular|granulose|gritty|mealy
501	emitting or filled with bubbles as from carbonation or fermentation	bubbling|bubbly|foaming|foamy|frothy|effervescing|spumy
502	tending to soothe or tranquilize	ataractic|ataraxic|sedative|tranquilizing|tranquillizing|tranquilising|tranquillising
503	very lively and profitable	booming|flourishing|palmy|prospering|prosperous|roaring|thriving
504	as if struck dumb with astonishment and surprise	dumbfounded|dumfounded|flabbergasted|stupefied|thunderstruck|dumbstruck|dumbstricken
505	occurring or operating at the same time	coincident|coincidental|coinciding|concurrent|co-occurrent|cooccurring|simultaneous
506	extremely pleasing to the sense of taste	delectable|delicious|luscious|pleasant-tasting|scrumptious|toothsome|yummy
507	invulnerable to fear or intimidation	audacious|brave|dauntless|fearless|hardy|intrepid|unfearing
508	without merit	good-for-nothing|good-for-naught|meritless|no-account|no-count|no-good|sorry
509	(used of substances) capable of being volatilized	evaporable|vaporific|vapourific|vaporizable|vapourisable|volatilizable|volatilisable
510	willing to face danger	game|gamy|gamey|gritty|mettlesome|spirited|spunky
511	completely neat and clean	immaculate|speckless|spick-and-span|spic-and-span|spic|spick|spotless
512	dressed or clothed especially in fine attire	appareled|attired|dressed|garbed|garmented|habilimented|robed
513	of worldwide scope or applicability	cosmopolitan|ecumenical|oecumenical|general|universal|worldwide|world-wide
514	covered with beads or jewels or sequins	beady|gemmed|jeweled|jewelled|sequined|spangled|spangly
515	uninterrupted in time and indefinitely long continuing	ceaseless|constant|incessant|never-ending|perpetual|unceasing|unremitting
516	in deplorable condition	bedraggled|broken-down|derelict|dilapidated|ramshackle|tatterdemalion|tumble-down
517	joyful and proud especially because of triumph or success	exultant|exulting|jubilant|prideful|rejoicing|triumphal|triumphant
518	(used especially of glances) directed to one side with or as if with doubt or suspicion or envy	askance|askant|asquint|squint|squint-eyed|squinty|sidelong
519	indistinct or hazy in outline	bleary|blurred|blurry|foggy|fuzzy|hazy|muzzy
520	painful as if caused by a sharp instrument	cutting|keen|knifelike|piercing|stabbing|lancinate|lancinating
521	tending to diminish or disparage	belittling|deprecating|deprecative|deprecatory|depreciative|depreciatory|slighting
522	very thin especially from disease or hunger or cold	cadaverous|emaciated|gaunt|haggard|pinched|skeletal|wasted
523	an informal term for a father	dad|dada|daddy|pa|papa|pappa|pop
524	a special loved one	darling|favorite|favourite|pet|dearie|deary|ducky
525	one who attacks the reputation of another by slander or libel	defamer|maligner|slanderer|vilifier|libeler|backbiter|traducer
526	someone who guards an entrance	doorkeeper|doorman|door guard|hall porter|porter|gatekeeper|ostiary
527	someone employed to collect and dispose of refuse	garbage man|garbageman|garbage collector|garbage carter|garbage hauler|refuse collector|dustman
528	the mother of your father or mother	grandma|grandmother|granny|grannie|gran|nan|nanna
529	a member of a people with dark skin and hair who speak Romany and who traditionally live by seasonal work and fortunetelling	Gypsy|Gipsy|Romany|Rommany|Romani|Roma|Bohemian
530	a person of subnormal intelligence	idiot|imbecile|cretin|moron|changeling|half-wit|retard
531	one who is playfully mischievous	imp|scamp|monkey|rascal|rapscallion|scalawag|scallywag
532	model of excellence or perfection of a kind	ideal|paragon|nonpareil|saint|apotheosis|nonesuch|nonsuch
533	a Christian sacrament commemorating the Last Supper by consecrating bread and wine	Holy Eucharist|Eucharist|sacrament of the Eucharist|Holy Sacrament|Liturgy|Eucharistic liturgy|Lord's Supper
534	a crude uncouth ill-bred person lacking culture or refinement	peasant|barbarian|boor|churl|Goth|tyke|tike
535	someone who procures customers for whores (in England they call a pimp a ponce)	pimp|procurer|panderer|pander|pandar|fancy man|ponce
536	someone who takes spoils or plunder (as in war)	plunderer|pillager|looter|spoiler|despoiler|raider|freebooter
537	the head of the Roman Catholic Church	pope|Catholic Pope|Roman Catholic Pope|pontiff|Holy Father|Vicar of Christ|Bishop of Rome
538	someone who can be employed as a detective to collect information	private detective|PI|private eye|private investigator|operative|shamus|sherlock
539	someone who communicates vocally in a very loud voice	roarer|bawler|bellower|screamer|screecher|shouter|yeller
540	a deceitful and unreliable scoundrel	rogue|knave|rascal|rapscallion|scalawag|scallywag|varlet
541	the legendary patron saint of children	Santa Claus|Santa|Kriss Kringle|Father Christmas|Saint Nicholas|Saint Nick|St. Nick
542	someone who takes the place of another (as when things get dangerous or difficult)	stand-in|substitute|relief|reliever|backup|backup man|fill-in
543	a prostitute who attracts customers by walking the streets	streetwalker|street girl|hooker|hustler|floozy|floozie|slattern
544	a performer who provides erotic entertainment by undressing to music	stripper|striptease artist|striptease|stripteaser|exotic dancer|ecdysiast|peeler
545	someone employed to collect tolls	tollkeeper|tollman|tollgatherer|toll collector|toll taker|toll agent|toller
546	an experienced person who has been through many battles	veteran|old-timer|oldtimer|old hand|warhorse|old stager|stager
547	a person who is not very intelligent or interested in culture	yokel|rube|hick|yahoo|hayseed|bumpkin|chawbacon
548	the act of distributing by allotting or apportioning	allotment|apportionment|apportioning|allocation|parceling|parcelling|assignation
549	(New Testament) disciple of Jesus	John|Saint John|St. John|Saint John the Apostle|St. John the Apostle|John the Evangelist|John the Divine
550	Russian founder of the Bolsheviks and leader of the Russian Revolution and first head of the USSR (1870-1924)	Lenin|Vladimir Lenin|Nikolai Lenin|Vladimir Ilyich Lenin|Vladimir Ilich Lenin|Vladimir Ilyich Ulyanov|Vladimir Ilich Ulyanov
551	Scottish philologist and the lexicographer who shaped the Oxford English Dictionary (1837-1915)	Murray|James Murray|James Augustus Murray|James Augustus Henry Murray|Sir James Murray|Sir James Augustus Murray|Sir James Augustus Henry Murray
552	32nd President of the United States	Roosevelt|Franklin Roosevelt|Franklin Delano Roosevelt|F. D. Roosevelt|President Roosevelt|President Franklin Roosevelt|FDR
553	a phenomenon that follows and is caused by some previous phenomenon	consequence|effect|outcome|result|event|issue|upshot
554	a heavy rain	downpour|cloudburst|deluge|waterspout|torrent|pelter|soaker
555	small crystals of ice	ice crystal|snow mist|diamond dust|poudrin|ice needle|frost snow|frost mist
556	the act of inflicting corporal punishment with repeated blows	beating|thrashing|licking|drubbing|lacing|trouncing|whacking
557	lofty douglas fir of northwestern North America having short needles and egg-shaped cones	green douglas fir|douglas spruce|douglas pine|douglas hemlock|Oregon fir|Oregon pine|Pseudotsuga menziesii
558	swamp plant of Europe and North America having bright yellow flowers resembling buttercups	marsh marigold|kingcup|meadow bright|May blob|cowslip|water dragon|Caltha palustris
559	prostrate or semi-erect subshrub of tropical America, and Australia	sensitive plant|touch-me-not|shame plant|live-and-die|humble plant|action plant|Mimosa pudica
560	large ornamental tropical American tree with bipinnate leaves and globose clusters of flowers with crimson stamens and seed pods that are eaten by cattle	rain tree|saman|monkeypod|monkey pod|zaman|zamang|Albizia saman
561	any plant of the genus Lithops native to Africa having solitary yellow or white flowers and thick leaves that resemble stones	lithops|living stone|stoneface|stone-face|stone plant|stone life face|flowering stone
562	densely branched Eurasian plant	summer cypress|burning bush|fire bush|fire-bush|belvedere|Bassia scoparia|Kochia scoparia
563	bushy plant of Old World salt marshes and sea beaches having prickly leaves	saltwort|barilla|glasswort|kali|kelpwort|Salsola kali|Salsola soda
564	a reflex that closes and opens the eyes rapidly	blink|eye blink|blinking|wink|winking|nictitation|nictation
565	of southwestern Europe	Belle Isle cress|early winter cress|land cress|American cress|American watercress|Barbarea verna|Barbarea praecox
566	North American herb with pungent scaly or toothed roots	crinkleroot|crinkle-root|crinkle root|pepper root|toothwort|Cardamine diphylla|Dentaria diphylla
567	erect European annual often grown as a salad crop to be harvested when young and tender	rocket|roquette|garden rocket|rocket salad|arugula|Eruca sativa|Eruca vesicaria sativa
568	foetid Eurasian weed having round flat pods	field pennycress|French weed|fanweed|penny grass|stinkweed|mithridate mustard|Thlaspi arvense
569	low-growing sticky subshrub of southwestern United States having narrow linear leaves on many slender branches and hundreds of tiny yellow flower heads	rabbitweed|rabbit-weed|snakeweed|broom snakeweed|broom snakeroot|turpentine weed|Gutierrezia sarothrae
570	tall leafy-stemmed Eurasian perennial with white flowers	oxeye daisy|ox-eyed daisy|marguerite|moon daisy|white daisy|Leucanthemum vulgare|Chrysanthemum leucanthemum
571	tansy-scented Eurasian perennial herb with buttonlike yellow flowers	costmary|alecost|bible leaf|mint geranium|balsam herb|Tanacetum balsamita|Chrysanthemum balsamita
572	ubiquitous European annual weed with white flowers and finely divided leaves naturalized and sometimes cultivated in eastern North America	scentless camomile|scentless false camomile|scentless mayweed|scentless hayweed|corn mayweed|Tripleurospermum inodorum|Matricaria inodorum
573	the grasses: chiefly herbaceous but some woody plants including cereals	Gramineae|family Gramineae|Graminaceae|family Graminaceae|Poaceae|family Poaceae|grass family
574	annual or winter annual grass with softly hairy leaves of the Mediterranean	downy brome|downy bromegrass|downy cheat|downy chess|cheatgrass|drooping brome|Bromus tectorum
575	tall marsh plant with cylindrical seed heads that explode when mature shedding large quantities of down	cat's-tail|bullrush|bulrush|nailrod|reed mace|reedmace|Typha latifolia
576	perennial vine of dry parts of central and southwestern United States and Mexico having small hard mottled green inedible fruit	prairie gourd|prairie gourd vine|Missouri gourd|wild pumpkin|buffalo gourd|calabazilla|Cucurbita foetidissima
577	tall annual herb or subshrub of tropical Asia having velvety leaves and yellow flowers and yielding a strong fiber	velvetleaf|velvet-leaf|velvetweed|Indian mallow|butter-print|China jute|Abutilon theophrasti
578	massive tropical tree with deep ridges on its massive trunk and bearing large pods of seeds covered with silky floss	kapok|ceiba tree|silk-cotton tree|white silk-cotton tree|Bombay ceiba|God tree|Ceiba pentandra
579	low evergreen shrub of high north temperate regions of Europe and Asia and America bearing red edible berries	cowberry|mountain cranberry|lingonberry|lingenberry|lingberry|foxberry|Vaccinium vitis-idaea
580	East Indian tree that puts out aerial shoots that grow down into the soil forming additional trunks	banyan|banyan tree|banian|banian tree|Indian banyan|East Indian fig tree|Ficus bengalensis
581	fig tree of India noted for great size and longevity	pipal|pipal tree|pipul|peepul|sacred fig|bo tree|Ficus religiosa
582	deciduous or semi-evergreen tree having scented sepia to yellow flowers in drooping racemes and pods whose pulp is used medicinally	golden shower tree|drumstick tree|purging cassia|pudding pipe tree|canafistola|canafistula|Cassia fistula
583	a North American vine with fragrant blossoms and edible tubers	groundnut|groundnut vine|Indian potato|potato bean|wild bean|Apios americana|Apios tuberosa
584	Old World upright plant grown especially for its large flat edible seeds but also as fodder	broad bean|broad-bean|broad-bean plant|English bean|European bean|field bean|Vicia faba
585	perennial tropical American vine cultivated for its racemes of showy yellow and purple flowers having the corolla keel coiled like a snail shell	snailflower|snail-flower|snail flower|snail bean|corkscrew flower|Vigna caracalla|Phaseolus caracalla
586	chiefly tropical trees and shrubs and vines usually having a tall columnar trunk bearing a crown of very large leaves	Palmae|family Palmae|Palmaceae|family Palmaceae|Arecaceae|family Arecaceae|palm family
587	tall fan palm of Africa and India and Malaysia yielding a hard wood and sweet sap that is a source of palm wine and sugar	palmyra|palmyra palm|toddy palm|wine palm|lontar|longar palm|Borassus flabellifer
588	fishtail palm of India to Malay Peninsula	wine palm|jaggery palm|kitul|kittul|kitul tree|toddy palm|Caryota urens
589	tall palm tree bearing coconuts as fruits	coconut|coconut palm|coco palm|coco|cocoa palm|coconut tree|Cocos nucifera
590	an Old World plantain with long narrow ribbed leaves widely established in temperate regions	English plantain|narrow-leaved plantain|ribgrass|ribwort|ripple-grass|buckthorn|Plantago lanceolata
591	large semi-evergreen tree of the East Indies	neem|neem tree|nim tree|margosa|arishth|Azadirachta indica|Melia Azadirachta
592	any of various common orange trees yielding sour or bitter fruit	sour orange|Seville orange|bitter orange|bitter orange tree|bigarade|marmalade orange|Citrus aurantium
593	southeastern Asian tree producing large fruits resembling grapefruits	pomelo|pomelo tree|pummelo|shaddock|Citrus maxima|Citrus grandis|Citrus decumana
594	aspen with a narrow crown	Canadian aspen|bigtooth aspen|bigtoothed aspen|big-toothed aspen|large-toothed aspen|large tooth aspen|Populus grandidentata
595	tropical American prostrate or climbing herbaceous perennial having an enormous starchy root	wild potato vine|wild sweet potato vine|man-of-the-earth|manroot|scammonyroot|Ipomoea panurata|Ipomoea fastigiata
596	erect perennial strong-scented with serrate pointed leaves and a loose panicle of yellowish flowers	horse balm|horseweed|stoneroot|stone-root|richweed|stone root|Collinsonia canadensis
597	trailing European aromatic plant of the mint family having rounded leaves and small purplish flowers often grown in hanging baskets	ground ivy|alehoof|field balm|gill-over-the-ground|runaway robin|Glechoma hederaceae|Nepeta hederaceae
598	annual of southern United States to Mexico having large whitish or yellowish flowers mottled with purple and a long curving beak	common unicorn plant|devil's claw|common devil's claw|elephant-tusk|proboscis flower|ram's horn|Proboscidea louisianica
599	tall leafy European biennial or perennial having spectacular clusters of large tubular pink-purple flowers	common foxglove|fairy bell|fingerflower|finger-flower|fingerroot|finger-root|Digitalis purpurea
600	tall-stalked very woolly mullein with densely packed yellow flowers	common mullein|great mullein|Aaron's rod|flannel mullein|woolly mullein|torch|Verbascum thapsus
601	poisonous perennial Old World vine having violet flowers and oval coral-red berries	bittersweet|bittersweet nightshade|climbing nightshade|deadly nightshade|poisonous nightshade|woody nightshade|Solanum dulcamara
602	hairy upright herb native to southeastern Asia but widely cultivated for its large glossy edible fruit commonly used as a vegetable	eggplant|aubergine|brinjal|eggplant bush|garden egg|mad apple|Solanum melongena
603	plant bearing very hot and finely tapering long peppers	cayenne|cayenne pepper|chili pepper|chilli pepper|long pepper|jalapeno|Capsicum annuum longum
604	plant bearing large mild thick-walled usually bell-shaped fruits	sweet pepper|bell pepper|pimento|pimiento|paprika|sweet pepper plant|Capsicum annuum grossum
605	tropical American plant having poisonous milk and showy tapering usually scarlet petallike leaves surrounding small yellow flowers	poinsettia|Christmas star|Christmas flower|lobster plant|Mexican flameleaf|painted leaf|Euphorbia pulcherrima
606	a stinging herb of tropical America	spurge nettle|tread-softly|devil nettle|pica-pica|Cnidoscolus urens|Jatropha urens|Jatropha stimulosus
607	large branching biennial herb native to Eurasia and Africa and adventive in North America having large fernlike leaves and white flowers	hemlock|poison hemlock|poison parsley|California fern|Nebraska fern|winter fern|Conium maculatum
608	mat-forming lithophytic or terrestrial fern with creeping rootstocks and large pinnatifid fronds found throughout North America and Europe and Africa and east A	common polypody|adder's fern|wall fern|golden maidenhair|golden polypody|sweet fern|Polypodium vulgare
609	the excess of revenues over outlays in a given period of time (including depreciation and other non-cash expenses)	net income|net|net profit|lucre|profit|profits|earnings
610	the income or profit arising from such transactions as the sale of land or other property	return|issue|take|takings|proceeds|yield|payoff
611	goods or money obtained illegally	loot|booty|pillage|plunder|prize|swag|dirty money
612	a relatively small amount of money given for services rendered (as by a waiter)	gratuity|tip|pourboire|baksheesh|bakshish|bakshis|backsheesh
613	the fee charged for admission	entrance fee|admission|admission charge|admission fee|admission price|price of admission|entrance money
614	a complete metric system of units of measurement for scientists	Systeme International d'Unites|Systeme International|SI system|SI|SI unit|International System of Units|International System
615	a metric unit of volume equal to one thousandth of a liter	milliliter|millilitre|mil|ml|cubic centimeter|cubic centimetre|cc
616	one of four equal parts	one-fourth|fourth|one-quarter|quarter|fourth part|twenty-five percent|quartern
617	the cardinal number that is the sum of one and one and one	three|III|trio|threesome|tierce|leash|troika
618	the cardinal number that is the sum of three and one	four|IV|tetrad|quatern|quaternion|quaternary|quaternity
619	the cardinal number that is the sum of five and one	six|VI|sixer|sise|Captain Hicks|half a dozen|sextet
620	the cardinal number that is the sum of seven and one	eight|VIII|eighter|eighter from Decatur|octad|ogdoad|octonary
621	a very large indefinite number (usually hyperbole)	million|billion|trillion|zillion|jillion|gazillion|bazillion
622	the relation that exists when things occur at the same time	synchronism|synchrony|synchronicity|synchroneity|synchronization|synchronisation|synchronizing
623	a shaky motion	shaking|shakiness|trembling|quiver|quivering|vibration|palpitation
624	the state of inactivity following an interruption	arrest|check|halt|hitch|stay|stop|stoppage
625	concluding state of pregnancy	parturiency|labor|labour|confinement|lying-in|travail|childbed
626	a form of anthrax infection acquired by inhalation of dust containing Bacillus anthracis	pulmonary anthrax|inhalation anthrax|anthrax pneumonia|ragpicker's disease|ragsorter's disease|woolsorter's pneumonia|woolsorter's disease
627	a congenital form of anemia occurring mostly in blacks	sickle-cell anemia|sickle-cell anaemia|sickle-cell disease|crescent-cell anemia|crescent-cell anaemia|drepanocytic anemia|drepanocytic anaemia
628	an examination and dissection of a dead body to determine cause of death or the changes produced by disease	autopsy|necropsy|postmortem|post-mortem|PM|postmortem examination|post-mortem examination
629	a disease caused by deficiency of niacin or tryptophan (or by a defect in the metabolic conversion of tryptophan to niacin)	pellagra|Alpine scurvy|mal de la rosa|mal rosso|maidism|mayidism|Saint Ignatius' itch
630	(pathology) a deadly form of gangrene usually caused by clostridium bacteria that produce toxins that cause tissue death	gas gangrene|clostridial myonecrosis|emphysematous gangrene|emphysematous phlegmon|gangrenous emphysema|gas phlegmon|progressive emphysematous necrosis
631	dementia observed during the last stages of severe chronic alcoholism	alcoholic dementia|alcohol amnestic disorder|Korsakoff's psychosis|Korsakoff's syndrome|Korsakov's psychosis|Korsakov's syndrome|polyneuritic psychosis
632	informal terms for a difficult situation	fix|hole|jam|mess|muddle|pickle|kettle of fish
633	your overall circumstances or condition in life (including everything that happens to you)	fortune|destiny|fate|luck|lot|circumstances|portion
634	the state of being covered with unclean things	dirt|filth|grime|soil|stain|grease|grunge
635	a confused multitude of things	clutter|jumble|muddle|fuddle|mare's nest|welter|smother
636	hagfishes as distinguished from lampreys	Myxiniformes|suborder Myxiniformes|Hyperotreta|suborder Hyperotreta|Myxinoidei|Myxinoidea|suborder Myxinoidei
637	a caustic substance produced by heating limestone	calcium hydroxide|lime|slaked lime|hydrated lime|calcium hydrate|caustic lime|lime hydrate
638	a B vitamin that is essential for cell growth and reproduction	vitamin Bc|vitamin M|folate|folic acid|folacin|pteroylglutamic acid|pteroylmonoglutamic acid
639	the time from 3,800 million years to 2,500 million years ago	Archean|Archean eon|Archean aeon|Archeozoic|Archaeozoic|Archeozoic eon|Archaeozoic aeon
640	the earliest eon in the history of the Earth from the first accretion of planetary material (around 4,600 million years ago) until the date of the oldest known 	Hadean|Hadean time|Hadean eon|Hadean aeon|Priscoan|Priscoan eon|Priscoan aeon
641	the temporal end	stopping point|finale|finis|finish|last|conclusion|close
642	common black European thrush	blackbird|merl|merle|ouzel|ousel|European blackbird|Turdus merula
643	bulky greyish-brown eagle with a short wedge-shaped white tail	ern|erne|grey sea eagle|gray sea eagle|European sea eagle|white-tailed sea eagle|Haliatus albicilla
644	an edible American clam	quahog|quahaug|hard-shell clam|hard clam|round clam|Venus mercenaria|Mercenaria mercenaria
645	large American feline resembling a lion	cougar|puma|catamount|mountain lion|painter|panther|Felis concolor
646	any of several silvery marine fishes with very flat bodies	moonfish|Atlantic moonfish|horsefish|horsehead|horse-head|dollarfish|Selene setapinnis
647	the act of putting something in working order again	repair|fix|fixing|fixture|mend|mending|reparation
648	an analgesic for mild pain but not for inflammation	acetaminophen|Datril|Tylenol|Panadol|Phenaphen|Tempra|Anacin III
649	street names for methylenedioxymethamphetamine	Adam|ecstasy|XTC|go|disco biscuit|cristal|hug drug
650	a large entrance or reception room or area	anteroom|antechamber|entrance hall|hall|foyer|lobby|vestibule
651	artillery designed to shoot upward at airplanes	antiaircraft|antiaircraft gun|flak|flack|pom-pom|ack-ack|ack-ack gun
652	cheap showy jewelry or ornament on clothing	bangle|bauble|gaud|gewgaw|novelty|fallal|trinket
653	a car that has a long body and rear door with space behind rear seat	beach wagon|station wagon|wagon|estate car|beach waggon|station waggon|waggon
654	the act of moving forward (as toward a goal)	progress|progression|procession|advance|advancement|forward motion|onward motion
655	street names for heroin	big H|hell dust|nose drops|smack|thunder|skag|scag
656	a stiff hat made of straw with a flat crown	boater|leghorn|Panama|Panama hat|sailor|skimmer|straw hat
657	a protective structure of stone or concrete	breakwater|groin|groyne|mole|bulwark|seawall|jetty
658	an unattended machine (outside some banks) that dispenses money when a personal coded card is used	cash machine|cash dispenser|automated teller machine|automatic teller machine|automated teller|automatic teller|ATM
659	(Middle Ages) flexible armor made of interlinked metal rings	chain mail|ring mail|mail|chain armor|chain armour|ring armor|ring armour
660	a journey taken for pleasure	excursion|jaunt|outing|junket|pleasure trip|expedition|sashay
661	a platform raised above the surrounding level to give prominence to the person on it	dais|podium|pulpit|rostrum|ambo|stump|soapbox
662	the insertion of a cannula or tube into a hollow body organ	cannulation|canulation|cannulization|cannulisation|canulization|canulisation|intubation
663	formalwear consisting of full evening dress for men	dress suit|full dress|tailcoat|tail coat|tails|white tie|white tie and tails
664	a jet engine in which a fan driven by a turbine provides extra air to the burner and gives extra thrust	fanjet|fan-jet|fanjet engine|turbojet|turbojet engine|turbofan|turbofan engine
665	the first or preliminary coat of paint or size applied to a surface	flat coat|ground|primer|priming|primer coat|priming coat|undercoat
666	ornamental objects of no great value	folderal|falderol|frill|gimcrackery|gimcrack|nonsense|trumpery
667	lowest support of a structure	foundation|base|fundament|foot|groundwork|substructure|understructure
668	a correctional institution used to detain persons who are in the lawful custody of the government (either accused persons awaiting trial or convicted persons se	jail|jailhouse|gaol|clink|slammer|poky|pokey
669	street names for ketamine	jet|super acid|special K|honey oil|green|cat valium|super C
670	the leaves of the shrub Catha edulis which are chewed like tobacco or used to make tea	kat|khat|qat|quat|cat|Arabian tea|African tea
671	a hospital for mentally incompetent or unbalanced person	mental hospital|psychiatric hospital|mental institution|institution|mental home|insane asylum|asylum
672	a book with paper covers	paperback book|paper-back book|paperback|softback book|softback|soft-cover book|soft-cover
673	a contraceptive in the form of a pill containing estrogen and progestin to inhibit ovulation and so prevent conception	pill|birth control pill|contraceptive pill|oral contraceptive pill|oral contraceptive|anovulatory drug|anovulant
674	a plaything consisting of a board balanced on a fulcrum	seesaw|teeter|teeter-totter|teetertotter|teeterboard|tilting board|dandle board
675	a room enclosed largely with glass and affording exposure to the sun	sun parlor|sun parlour|sun porch|sunporch|sunroom|sun lounge|solarium
676	a room or building equipped with one or more toilets	toilet|lavatory|lav|can|john|privy|bathroom
677	a drug used to reduce stress or tension without reducing mental clarity	tranquilizer|tranquillizer|tranquilliser|antianxiety agent|ataractic drug|ataractic agent|ataractic
678	a disposition to exhibit uncontrolled anger	temper|biliousness|irritability|peevishness|pettishness|snappishness|surliness
679	a blemish made by dirt	smudge|spot|blot|daub|smear|smirch|slur
680	the qualities of a hero or heroine	heroism|gallantry|valor|valour|valorousness|valiance|valiancy
681	the trait of resolutely controlling your own behavior	self-control|self-possession|possession|willpower|will power|self-command|self-will
682	persistent determination	doggedness|perseverance|persistence|persistency|tenacity|tenaciousness|pertinacity
683	the trait of being rude and impertinent	crust|gall|impertinence|impudence|insolence|cheekiness|freshness
684	having the character of a loud deep sound	plangency|resonance|reverberance|ringing|sonorousness|sonority|vibrancy
685	a tart spicy quality	nip|piquance|piquancy|piquantness|tang|tanginess|zest
686	the property of being wild or turbulent	ferocity|fierceness|furiousness|fury|vehemence|violence|wildness
687	the quality of being meager	meagerness|meagreness|leanness|poorness|scantiness|scantness|exiguity
688	the arch of bone beneath the eye that forms the prominence of the cheek	cheekbone|zygomatic bone|zygomatic|malar|malar bone|jugal bone|os zygomaticum
689	a hormone produced by the anterior pituitary gland that stimulates the adrenal cortex	adrenocorticotropic hormone|adrenocorticotrophic hormone|ACTH|adrenocorticotropin|adrenocorticotrophin|corticotropin|corticotrophin
690	a hormone produced by the anterior pituitary gland	somatotropin|somatotrophin|somatotropic hormone|somatotrophic hormone|STH|human growth hormone|growth hormone
691	blood cells that engulf and digest bacteria and fungi	leukocyte|leucocyte|white blood cell|white cell|white blood corpuscle|white corpuscle|WBC
692	a mixed nerve that supplies the pharynx and larynx and lungs and heart and esophagus and stomach and most of the abdominal viscera	vagus|vagus nerve|nervus vagus|pneumogastric|pneumogastric nerve|tenth cranial nerve|wandering nerve
693	the fissure between the labia majora	pudendal cleft|urogenital cleft|rima pudendi|rima vulvae|pudendal cleavage|pudendal slit|vulvar slit
694	obscene terms for penis	cock|prick|dick|shaft|pecker|tool|putz
695	the human face (`kisser' and `smiler' and `mug' are informal terms for `face' and `phiz' is British)	countenance|physiognomy|phiz|visage|kisser|smiler|mug
696	shrewdness as demonstrated by being skilled in deception	craft|craftiness|cunning|foxiness|guile|slyness|wiliness
697	the ability to feel movements of the limbs and body	kinesthesis|kinaesthesis|kinesthesia|kinaesthesia|kinesthetics|muscle sense|sense of movement
698	confusion resulting from failure to understand	bewilderment|obfuscation|puzzlement|befuddlement|mystification|bafflement|bemusement
699	something or someone that causes trouble	annoyance|bother|botheration|pain|infliction|pain in the neck|pain in the ass
700	a plan for setting aside money to be spent after retirement	pension plan|pension account|retirement plan|retirement savings plan|retirement savings account|retirement account|retirement program
701	profound scholarly knowledge	eruditeness|erudition|learnedness|learning|scholarship|encyclopedism|encyclopaedism
702	obscene words for unacceptable behavior	bullshit|bull|Irish bull|horseshit|shit|crap|dogshit
703	a severe scolding	castigation|earful|bawling out|chewing out|upbraiding|going-over|dressing down
704	verbal misrepresentation intended to take advantage of you in some way	trickery|hocus-pocus|slickness|hanky panky|jiggery-pokery|skulduggery|skullduggery
705	a short note recognizing a source of information or of a quoted passage	citation|cite|acknowledgment|credit|reference|mention|quotation
706	an aggressive remark directed at a person like a missile and intended to have a telling effect	shot|shaft|slam|dig|barb|jibe|gibe
707	a joke that seems extremely funny	belly laugh|sidesplitter|howler|thigh-slapper|scream|wow|riot
708	a message expressing an opinion based on incomplete evidence	guess|conjecture|supposition|surmise|surmisal|speculation|hypothesis
709	surgical interruption of nerve tracts to and from the frontal lobe of the brain	lobotomy|leukotomy|leucotomy|prefrontal lobotomy|prefrontal leukotomy|prefrontal leucotomy|frontal lobotomy
710	a failure to maintain a higher state	backsliding|lapse|lapsing|relapse|relapsing|reversion|reverting
711	any of the forms of Chinese spoken in Fukien province	Min|Min dialect|Fukien|Fukkianese|Hokkianese|Amoy|Taiwanese
712	a succession of notes forming a distinctive sequence	tune|melody|air|strain|melodic line|line|melodic phrase
713	(language) communication by word of mouth	speech|speech communication|spoken communication|spoken language|language|voice communication|oral communication
714	profane or obscene expression usually of surprise or anger	curse|curse word|expletive|oath|swearing|swearword|cuss
715	a characteristic language of a particular group (as among thieves)	slang|cant|jargon|lingo|argot|patois|vernacular
716	a quarrel about petty points	bicker|bickering|spat|tiff|squabble|pettifoggery|fuss
717	a quick reply to a question or remark (especially a witty or critical one)	rejoinder|retort|return|riposte|replication|comeback|counter
718	a graphic or vivid verbal description	word picture|word-painting|delineation|depiction|picture|characterization|characterisation
719	an instance of boastful talk	brag|bragging|crow|crowing|vaporing|line-shooting|gasconade
720	a verbalization that encourages you to attempt something	goad|goading|prod|prodding|urging|spur|spurring
721	euphemistic expressions for death	passing|loss|departure|exit|expiration|going|release
722	a loud resonant repeating noise	clang|clangor|clangour|clangoring|clank|clash|crash
723	the noise of something spattering or sputtering explosively	spatter|spattering|splatter|splattering|sputter|splutter|sputtering
724	a sound defeat	thrashing|walloping|debacle|drubbing|slaughter|trouncing|whipping
725	feelings of great warmth and intensity	ardor|ardour|fervor|fervour|fervency|fire|fervidness
726	apathy demonstrated by an absence of emotional reactions	emotionlessness|impassivity|impassiveness|phlegm|indifference|stolidity|unemotionality
727	the absence of mental stress or anxiety	peace|peacefulness|peace of mind|repose|serenity|heartsease|ataraxis
728	an almost pleasurable sensation of fright	frisson|shiver|chill|quiver|shudder|thrill|tingle
729	the swift release of a store of affective force	bang|boot|charge|rush|flush|thrill|kick
730	an irritable petulant feeling	irritability|crossness|fretfulness|fussiness|peevishness|petulance|choler
731	a source of materials to nourish the body	nutriment|nourishment|nutrition|sustenance|aliment|alimentation|victuals
732	Chinese fruit having a thin brittle shell enclosing a sweet jellylike pulp and a single seed	litchi|litchi nut|litchee|lichi|leechee|lichee|lychee
733	an alcoholic beverage that is distilled rather than fermented	liquor|spirits|booze|hard drink|hard liquor|John Barleycorn|strong drink
734	whiskey distilled in Scotland	Scotch|Scotch whiskey|Scotch whisky|malt whiskey|malt whisky|Scotch malt whiskey|Scotch malt whisky
735	people descended from a common ancestor	family|family line|folk|kinfolk|kinsfolk|sept|phratry
736	a terrorist network intensely opposed to the United States that dispenses money and logistical support and training to a wide variety of radical Islamic terrori	al-Qaeda|Qaeda|al-Qa'ida|al-Qaida|al Qaeda|al Qaida|Base
737	a Palestinian international terrorist organization that split from the PLO in 1974	Fatah Revolutionary Council|Fatah-RC|Abu Nidal Organization|ANO|Arab Revolutionary Brigades|Black September|Revolutionary Organization of Socialist Muslims
738	an Islamic fundamentalist group in Pakistan that fought the Soviet Union in Afghanistan in the 1980s	Harkat-ul-Mujahidin|HUM|Harkat ul-Ansar|HUA|Harkat ul-Mujahedeen|Al Faran|Movement of Holy Warriors
739	the act of grasping	clasp|clench|clutch|clutches|grasp|grip|hold
740	the persons (or committees or departments etc.) who make up a body for the purpose of administering something	administration|governance|governing body|establishment|brass|organization|organisation
741	a politically organized body of people under a single government	state|nation|country|land|commonwealth|res publica|body politic
742	a military force of Muslim guerilla warriors engaged in a jihad	mujahidin|mujahedin|mujahedeen|mujahadeen|mujahadin|mujahideen|mujahadein
743	a formal association of people with similar interests	club|social club|society|guild|gild|lodge|order
744	(genetics) the act of mixing different species or varieties of animals or plants and thus to produce hybrids	hybridization|hybridisation|crossbreeding|crossing|cross|interbreeding|hybridizing
745	a site where people on holiday can pitch a tent	campsite|campground|camping site|camping ground|bivouac|encampment|camping area
746	the entire geographical area drained by a river and its tributaries	river basin|basin|watershed|drainage basin|catchment area|catchment basin|drainage area
747	the apparent surface of the imaginary sphere on which celestial bodies appear to be projected	celestial sphere|sphere|empyrean|firmament|heavens|vault of heaven|welkin
748	a tract of land used for burials	cemetery|graveyard|burial site|burial ground|burying ground|memorial park|necropolis
749	a piece of land where waste materials are dumped	dump|garbage dump|trash dump|rubbish dump|wasteyard|waste-yard|dumpsite
750	a change in the electrical properties of the skin in response to stress or anxiety	galvanic skin response|GSR|psychogalvanic response|electrodermal response|electrical skin response|Fere phenomenon|Tarchanoff phenomenon
751	an acquired response that is under the control of (conditional on the occurrence of) a stimulus	conditional reflex|conditioned reflex|acquired reflex|conditional reaction|conditioned reaction|conditional response|conditioned response
752	reflex erection of hairs of the skin in response to cold or emotional stress or skin irritation	pilomotor reflex|gooseflesh|goose bump|goosebump|goose pimple|goose skin|horripilation
753	a communist nation that covers a vast territory in eastern Asia	China|People's Republic of China|mainland China|Communist China|Red China|PRC|Cathay
754	the capital and largest city of Japan	Tokyo|Tokio|Yeddo|Yedo|Edo|Japanese capital|capital of Japan
755	arable land that is worked by plowing and sowing and raising crops	cultivated land|farmland|plowland|ploughland|tilled land|tillage|tilth
756	a downward slope or bend	descent|declivity|fall|decline|declination|declension|downslope
757	the bottom of a sea or ocean	ocean floor|sea floor|ocean bottom|seabed|sea bottom|Davy Jones's locker|Davy Jones
758	(folklore) fairies that are somewhat mischievous	elf|hob|gremlin|pixie|pixy|brownie|imp
759	(Judeo-Christian and Islamic religions) chief spirit of evil and adversary of God	Satan|Old Nick|Devil|Lucifer|Beelzebub|the Tempter|Prince of Darkness
760	a ghostly appearing figure	apparition|phantom|phantasm|phantasma|fantasm|specter|spectre
761	a person who drinks alcohol to excess habitually	alcoholic|alky|dipsomaniac|boozer|lush|soaker|souse
762	a person who swindles you by means of deception or fraud	swindler|defrauder|chiseller|chiseler|gouger|scammer|grifter
763	a seductive woman who uses her sex appeal to exploit men	coquette|flirt|vamp|vamper|minx|tease|prickteaser
764	in accordance with what is appropriate or suitable for the circumstances	appropriately|suitably|fittingly|befittingly|fitly|properly|duly
765	definitely or positively (`sure' is sometimes used informally for `surely')	surely|certainly|sure|for sure|for certain|sure enough|sure as shooting
766	sporadically and infrequently	occasionally|on occasion|once in a while|now and then|now and again|at times|from time to time
767	in an artful manner	craftily|cunningly|foxily|knavishly|slyly|trickily|artfully
768	in a dishonorable manner or to a dishonorable degree	disgracefully|ingloriously|ignominiously|discreditably|shamefully|dishonorably|dishonourably
769	unmistakably (`plain' is often used informally for `plainly')	obviously|evidently|manifestly|patently|apparently|plainly|plain
770	in a random manner	randomly|indiscriminately|haphazardly|willy-nilly|arbitrarily|at random|every which way
771	to declare or affirm solemnly and formally as true	affirm|verify|assert|avow|aver|swan|swear
772	obtain advantages, such as points, etc.	gain|advance|win|pull ahead|make headway|get ahead|gain ground
773	wait in hiding to attack	ambush|scupper|bushwhack|waylay|lurk|ambuscade|lie in wait
774	fill, satisfy or meet a want or need or condtion ro restriction	fit|conform to|meet|satisfy|fill|fulfill|fulfil
775	give suck to	breastfeed|suckle|suck|nurse|wet-nurse|lactate|give suck
776	spend frivolously and unwisely	fritter|frivol away|dissipate|shoot|fritter away|fool|fool away
777	take into custody	collar|nail|apprehend|arrest|pick up|nab|cop
778	spread or diffuse through	permeate|pervade|penetrate|interpenetrate|diffuse|imbue|riddle
779	make wrinkles or creases on a smooth surface	wrinkle|ruckle|crease|crinkle|scrunch|scrunch up|crisp
780	place in a place where something cannot be removed or someone cannot escape	lock in|lock away|lock|put away|shut up|shut away|lock up
781	change the arrangement or position of	agitate|vex|disturb|commove|shake up|stir up|raise up
782	block passage through	obstruct|obturate|impede|occlude|jam|block|close up
783	render unsuitable for passage	barricade|block|blockade|stop|block off|block up|bar
784	become or cause to become obstructed	clog|choke off|clog up|back up|congest|choke|foul
785	put in effect	carry through|accomplish|execute|carry out|action|fulfill|fulfil
786	tear down so as to make flat with the ground	level|raze|rase|dismantle|tear down|take down|pull down
787	cause to be agitated, excited, or roused	agitate|rouse|turn on|charge|commove|excite|charge up
788	become quiet or calm, especially after a state of agitation	calm|calm down|cool off|chill out|simmer down|settle down|cool it
789	disturb in mind or make uneasy or cause to be worried or alarmed	perturb|unhinge|disquiet|trouble|cark|distract|disorder
790	strike with disgust or revulsion	shock|offend|scandalize|scandalise|appal|appall|outrage
791	hold spellbound	enchant|enrapture|transport|enthrall|ravish|enthral|delight
792	stop sleeping	wake up|awake|arouse|awaken|wake|come alive|waken
793	cause to overturn from an upright or normal position	overturn|tip over|turn over|upset|knock over|bowl over|tump over
794	to walk with a lofty proud gait, often in an attempt to impress others	tittup|swagger|ruffle|prance|strut|sashay|cock
795	climb awkwardly, as if by scrambling	clamber|scramble|shin|shinny|skin|struggle|sputter
796	get up on the back of	hop on|mount|mount up|get on|jump on|climb on|bestride
797	move upward	rise|lift|arise|move up|go up|come up|uprise
798	break down, literally or metaphorically	collapse|fall in|cave in|give|give way|break|founder
799	force to go away	chase away|drive out|turn back|drive away|dispel|drive off|run off
800	to come or go into	enter|come in|get into|get in|go into|go in|move into
801	move towards	approach|near|come on|go up|draw near|draw close|come near
802	run away	abscond|bolt|absquatulate|decamp|run off|go off|make off
803	keep or lay aside for future use	store|hive away|lay in|put in|salt away|stack away|stash away
804	to surrender someone or something to another	hand over|fork over|fork out|fork up|turn in|deliver|render
805	get or gather together	roll up|collect|accumulate|pile up|amass|compile|hoard
806	reduce in scope while retaining essential elements	abridge|foreshorten|abbreviate|shorten|cut|contract|reduce
807	do one's shopping at	patronize|patronise|shop|shop at|buy at|frequent|sponsor
808	take in marriage	marry|get married|wed|conjoin|hook up with|get hitched with|espouse
809	develop in a positive way	progress|come on|come along|advance|get on|get along|shape up
810	expel from a community or group	banish|ban|ostracize|ostracise|shun|cast out|blackball
811	to cause inconvenience or discomfort to	trouble|put out|inconvenience|disoblige|discommode|incommode|bother
812	lessen the intensity of	control|hold in|hold|contain|check|curb|moderate
813	behave in a certain manner	behave|acquit|bear|deport|conduct|comport|carry
814	hinder or prevent the progress or accomplishment of	obstruct|blockade|block|hinder|stymie|stymy|embarrass
815	act in disregard of laws, rules, contracts, or promises	transgress|offend|infract|violate|go against|breach|break
816	force (someone) to have sex against their will	rape|ravish|violate|assault|dishonor|dishonour|outrage
817	tamper, with the purpose of deception	fudge|manipulate|fake|falsify|cook|wangle|misrepresent
818	come into existence	originate|arise|rise|develop|uprise|spring up|grow
819	postpone doing what one should be doing	procrastinate|stall|drag one's feet|drag one's heels|shillyshally|dilly-dally|dillydally
820	adjust for	compensate|counterbalance|correct|make up|even out|even off|even up
821	pose a threat to	endanger|jeopardize|jeopardise|menace|threaten|imperil|peril
822	go together	harmonize|harmonise|consort|accord|concord|fit in|agree
823	be contingent on	depend on|devolve on|depend upon|ride|turn on|hinge on|hinge upon
824	put (things or places) in order	tidy|tidy up|clean up|neaten|straighten|straighten out|square away
825	make neat, smart, or trim	spruce up|spruce|titivate|tittivate|smarten up|slick up|spiff up
826	start to be active	get cracking|bestir oneself|get going|get moving|get weaving|get started|get rolling
827	produce buds, branches, or germinate	shoot|spud|germinate|pullulate|bourgeon|burgeon forth|sprout
828	arrange attractively	dress|arrange|set|do|coif|coiffe|coiffure
829	kill in large numbers	eliminate|annihilate|extinguish|eradicate|wipe out|decimate|carry off
830	finish a task completely	get through|wrap up|finish off|mop up|polish off|clear up|finish up
831	pursue to a conclusion or bring to a successful issue	follow through|follow up|follow out|carry out|implement|put through|go through with
832	change texture so as to become matted and felt-like	felt|felt up|mat up|matt-up|matte up|matte|mat
833	devote (oneself) fully to	steep|immerse|engulf|plunge|engross|absorb|soak up
834	recall knowledge from memory	remember|retrieve|recall|call back|call up|recollect|think
835	make infertile	sterilize|sterilise|desex|unsex|desexualize|desexualise|fix
836	make a mathematical calculation or computation	calculate|cipher|cypher|compute|work out|reckon|figure
837	identify as in botany or biology, for example	identify|discover|key|key out|distinguish|describe|name
838	make a logical or causal connection	associate|tie in|relate|link|colligate|link up|connect
839	influence or urge by gentle urging, caressing, or flattering	wheedle|cajole|palaver|blarney|coax|sweet-talk|inveigle
840	break into a conversation	chime in|cut in|put in|butt in|chisel in|barge in|break in
841	command against	forbid|prohibit|interdict|proscribe|veto|disallow|nix
842	reject with contempt	reject|spurn|freeze off|scorn|pooh-pooh|disdain|turn down
843	bar from attention or consideration	dismiss|disregard|brush aside|brush off|discount|push aside|ignore
844	to enlarge beyond bounds or the truth	overstate|exaggerate|overdraw|hyperbolize|hyperbolise|magnify|amplify
845	curse or declare to be evil or anathema or threaten with divine punishment	accurse|execrate|anathemize|comminate|anathemise|anathematize|anathematise
846	try to gain favor by cringing or flattering	fawn|toady|truckle|bootlick|kowtow|kotow|suck up
847	make a prediction about	predict|foretell|prognosticate|call|forebode|anticipate|promise
848	find out, learn, or determine with certainty, usually by making an inquiry or other effort	determine|check|find out|see|ascertain|watch|learn
849	convert ordinary language into code	code|encipher|cipher|cypher|encrypt|inscribe|write in code
850	not elegant or graceful in expression	awkward|clumsy|cumbersome|inapt|inept|ill-chosen
851	having come or been brought to a conclusion	complete|concluded|ended|over(p)|all over|terminated
852	disabled in the feet or legs	crippled|halt|halting|lame|gimpy|game
853	packed full to capacity	chockablock(p)|chock-full|chockful|choke-full|chuck-full|cram full
854	marked by utter benignity	angelic|angelical|beatific|saintlike|saintly|sainted
855	quickly aroused to anger	choleric|irascible|hotheaded|hot-tempered|quick-tempered|short-tempered
856	gracefully thin and bending and moving with ease	lissome|lissom|lithe|lithesome|supple|sinuous
857	tending to cure or restore to health	curative|healing(p)|alterative|remedial|sanative|therapeutic
858	(used of conduct or character) deserving or bringing disgrace or shame	black|disgraceful|ignominious|inglorious|opprobrious|shameful
859	having the back and shoulders rounded	hunched|round-backed|round-shouldered|stooped|stooping|crooked
860	extremely cold	arctic|frigid|gelid|glacial|icy|polar
861	of plants that bloom during the autumn	autumn-flowering|autumn-blooming|fall-flowering|fall-blooming|late-flowering|late-blooming
862	devoid of warmth and cordiality	frigid|frosty|frozen|glacial|icy|wintry
863	(usually followed by `to') strongly opposed	antipathetic|antipathetical|averse(p)|indisposed(p)|loath(p)|loth(p)
864	displaying luxury and furnishing gratification to the senses	epicurean|luxurious|luxuriant|sybaritic|voluptuary|voluptuous
865	(of disease) capable of being transmitted by infection	catching|communicable|contagious|contractable|transmissible|transmittable
866	occurring among members of a family usually by heredity	familial|genetic|hereditary|inherited|transmitted|transmissible
867	freed from any question of guilt	absolved|clear|cleared|exculpated|exonerated|vindicated
868	deserving blame or censure as being wrong or evil or injurious	blameworthy|blamable|blameable|blameful|censurable|culpable
869	moderating pain or sorrow by making it easier to bear	alleviative|alleviatory|lenitive|mitigative|mitigatory|palliative
870	being concerned with the social and physical environment	extrovert|extravert|extroverted|extraverted|extrovertive|extravertive
871	intrusive in a meddling or offensive manner	interfering|meddlesome|meddling|officious|busy|busybodied
872	curving outward	bellied|bellying|bulbous|bulging|bulgy|protuberant
873	imparting vitality and energy	bracing|brisk|fresh|refreshing|refreshful|tonic
874	sorrowful through loss or deprivation	bereaved|bereft|grief-stricken|grieving|mourning(a)|sorrowing(a)
875	full of or showing high-spirited merriment	gay|jocund|jolly|jovial|merry|mirthful
876	of or related to New World monkeys having nostrils far apart or to people with broad noses	platyrrhine|platyrrhinian|platyrhine|platyrhinian|platyrrhinic|broadnosed
877	relatively moderate, limited, or small	minor|modest|small|small-scale|pocket-size|pocket-sized
878	(of animals) fully developed	adult|big|full-grown|fully grown|grown|grownup
879	expressing yourself readily, clearly, effectively	eloquent|facile|fluent|silver|silver-tongued|smooth-spoken
880	greatly exceeding bounds of reason or moderation	exorbitant|extortionate|outrageous|steep|unconscionable|usurious
881	resembling or characteristic of a phantom	apparitional|ghostlike|ghostly|phantasmal|spectral|spiritual
882	belonging to or characteristic of the nobility or aristocracy	aristocratic|aristocratical|blue|blue-blooded|gentle|patrician
883	giving or marked by complete attention to	captive|absorbed|engrossed|enwrapped|intent|wrapped
884	found in the ordinary course of events	everyday|mundane|quotidian|routine|unremarkable|workaday
885	capturing interest as if by a spell	bewitching|captivating|enchanting|enthralling|entrancing|fascinating
886	fanatically patriotic	chauvinistic|flag-waving(a)|jingoistic|nationalistic|ultranationalistic|superpatriotic
887	lasting a very short time	ephemeral|passing|short-lived|transient|transitory|fugacious
888	affectedly genteel	grandiose|hifalutin|highfalutin|highfaluting|hoity-toity|la-di-da
889	not in keeping with accepted standards of what is right or proper in polite society	indecent|indecorous|unbecoming|uncomely|unseemly|untoward
890	resembling or characteristic of a prophet or prophecy	divinatory|mantic|sibylline|sibyllic|vatic|vatical
891	arousing to action or rebellion	incendiary|incitive|inflammatory|instigative|rabble-rousing|seditious
892	marked by refinement in taste and manners	civilized|civilised|cultivated|cultured|genteel|polite
893	ill-mannered and coarse and contemptible in behavior or appearance	boorish|loutish|neanderthal|neandertal|oafish|swinish
894	(of persons) lacking in refinement or grace	ill-bred|bounderish|lowbred|rude|underbred|yokelish
895	shockingly repellent	ghastly|grim|grisly|gruesome|macabre|sick
896	cheerfully irresponsible	carefree|devil-may-care|freewheeling|happy-go-lucky|harum-scarum|slaphappy
897	having open interstices or resembling a web	lacy|netlike|netted|webbed|weblike|webby
898	ostentatiously lofty in style	bombastic|declamatory|large|orotund|tumid|turgid
899	lacking pathways	pathless|roadless|trackless|untracked|untrod|untrodden
900	having an abundant supply of money or possessions of value	affluent|flush|loaded|moneyed|wealthy|substantial
901	poor enough to need help from others	destitute|impoverished|indigent|necessitous|needy|poverty-stricken
902	not having enough money to pay for necessities	hard up|impecunious|in straitened circumstances(p)|penniless|penurious|pinched
903	having a flat circular shape	discoid|discoidal|disklike|disclike|disk-shaped|disc-shaped
904	having cusps or points	cuspate|cuspated|cusped|cuspidal|cuspidate|cuspidated
905	inferior in rank or status	junior-grade|lower-ranking|lowly|petty(a)|secondary|subaltern
906	feeling great sexual desire	aroused|horny|randy|ruttish|steamy|turned on(p)
907	having strong sexual appeal	juicy|luscious|red-hot|toothsome|voluptuous|lush
908	capable of being shaped or bent or drawn out	ductile|malleable|pliable|pliant|tensile|tractile
909	having greatly reduced vision	dim-sighted|near-blind|purblind|sand-blind|visually impaired|visually challenged
910	highly complex or intricate and occasionally devious	Byzantine|convoluted|involved|knotty|tangled|tortuous
911	pleasing in appearance especially by reason of conformity to ideals of form and proportion	fine-looking|good-looking|better-looking|handsome|well-favored|well-favoured
912	consisting of fine particles	powdered|powdery|pulverized|pulverised|small-grained|fine-grained
913	causing or characterized by jolts and irregular movements	rough|rocky|bumpy|jolty|jolting|jumpy
914	resembling or characteristic of vapor	vaporific|vapourific|vaporish|vapourish|vaporous|vapourous
915	sleep inducing	soporific|soporiferous|somniferous|somnific|hypnogogic|hypnagogic
916	turned or twisted toward one side	askew|awry(p)|cockeyed|lopsided|wonky|skew-whiff
917	forming or resembling an arch	arced|arched|arching|arciform|arcuate|bowed
918	stubbornly unyielding	dogged|dour|persistent|pertinacious|tenacious|unyielding
919	disappointingly unsuccessful	defeated|disappointed|discomfited|foiled|frustrated|thwarted
920	without a basis in reason or fact	baseless|groundless|idle|unfounded|unwarranted|wild
921	furnishing added support	accessory|adjunct|ancillary|adjuvant|appurtenant|auxiliary
922	full of trivial conversation	chatty|gabby|garrulous|loquacious|talkative|talky
923	short and thick	chunky|dumpy|low-set|squat|squatty|stumpy
924	(of persons) taken advantage of	exploited|ill-used|put-upon|used|victimized|victimised
925	serving no useful purpose	otiose|pointless|purposeless|senseless|superfluous|wasted
926	immune to attack	impregnable|inviolable|secure|strong|unassailable|unattackable
927	(used especially of vegetation) having lost all moisture	dried-up|sere|sear|shriveled|shrivelled|withered
928	of or providing nourishment	alimentary|alimental|nourishing|nutrient|nutritious|nutritive
929	worn and broken down by hard use	creaky|decrepit|derelict|flea-bitten|run-down|woebegone
930	easily frightened	chicken|chickenhearted|lily-livered|white-livered|yellow|yellow-bellied
931	pertaining to the formation of blood or blood cells	hematopoietic|haematopoietic|hemopoietic|haemopoietic|hematogenic|haematogenic
932	shining intensely	blazing|blinding|dazzling|fulgent|glaring|glary
933	reflecting light	glistening|glossy|lustrous|sheeny|shiny|shining
934	having a smooth, gleaming surface reflecting light	satiny|sleek|silken|silky|silklike|slick
935	disinclined to work or exertion	faineant|indolent|lazy|otiose|slothful|work-shy
936	unpleasantly harsh or grating in sound	grating|gravelly|rasping|raspy|rough|scratchy
937	immoderately desirous of acquiring e.g. wealth	avaricious|covetous|grabby|grasping|greedy|prehensile
938	(of a body of water) free from disturbance by heavy waves	placid|quiet|still|tranquil|smooth|unruffled
939	pertaining to or resembling amoebae	amoebic|amebic|amoeban|ameban|amoebous|amebous
940	having overlapping hull planks	clinker-built|clincher-built|lap-strake|lap-straked|lap-streak|lap-streaked
941	characterized by undue haste and lack of thought or deliberation	hotheaded|impulsive|impetuous|madcap|tearaway(a)|brainish
942	casual and unrestrained in sexual behavior	easy|light|loose|promiscuous|sluttish|wanton
943	having two colors	bicolor|bicolour|bicolored|bicoloured|bichrome|dichromatic
944	without civilizing influences	barbarian|barbaric|savage|uncivilized|uncivilised|wild
945	thickly covered with ingrained dirt or soot	begrimed|dingy|grimy|grubby|grungy|raunchy
946	(of language) transparently clear	limpid|lucid|luculent|pellucid|crystal clear|perspicuous
947	transmitting light	crystalline|crystal clear|limpid|lucid|pellucid|transparent
948	slow to learn or understand	dense|dim|dull|dumb|obtuse|slow
949	(comparatives of `far') most remote in space or time or order	farthermost|farthest|furthermost|furthest|utmost|uttermost
950	having removed clothing	unappareled|unattired|unclad|undressed|ungarbed|ungarmented
951	lighted up by or as by fire or flame	ablaze(p)|afire(p)|aflame(p)|aflare(p)|alight(p)|on fire(p)
952	complete and without restriction or qualification	absolute|downright|out-and-out(a)|rank(a)|right-down|sheer(a)
953	in full control of your faculties	collected|equanimous|poised|self-collected|self-contained|self-possessed
954	conspicuously and outrageously bad or reprehensible	crying(a)|egregious|flagrant|glaring|gross|rank
955	of or relating to diarrhea	diarrheal|diarrhoeal|diarrhetic|diarrhoetic|diarrheic|diarrhoeic
956	causing fear or anxiety by threatening great harm	dangerous|grave|grievous|serious|severe|life-threatening
957	shaped like a cube	cubelike|cube-shaped|cubical|cubiform|cuboid|cuboidal
958	characteristic of an absolute ruler or absolute rule	authoritarian|autocratic|dictatorial|despotic|tyrannic|tyrannical
959	making great mental demands	baffling|elusive|knotty|problematic|problematical|tough
960	offensively self-assured or given to exercising usually unwarranted power	autocratic|bossy|dominating|high-and-mighty|magisterial|peremptory
961	having superior power and influence	overriding|paramount|predominant|predominate|preponderant|preponderating
962	thrown into a state of intense fear or desperation	panicky|panicked|panic-stricken|panic-struck|terrified|frightened
963	highly educated	knowing|knowledgeable|learned|lettered|well-educated|well-read
964	living by preying on other animals especially by catching living prey	predatory|rapacious|raptorial|ravening|vulturine|vulturous
965	filled with wonder and delight	beguiled|captivated|charmed|delighted|enthralled|entranced
966	having a secret or hidden meaning	cabalistic|kabbalistic|qabalistic|cryptic|cryptical|sibylline
967	having an import not apparent to the senses nor obvious to the intelligence	mysterious|mystic|mystical|occult|secret|orphic
968	of the most contemptible kind	abject|low|low-down|miserable|scummy|scurvy
969	not used up	leftover|left over(p)|left(p)|odd|remaining|unexpended
970	of trifling worth	sixpenny|threepenny|twopenny|tuppeny|two-a-penny|twopenny-halfpenny
971	of an obscure nature	cryptic|cryptical|deep|inscrutable|mysterious|mystifying
972	defying expression or description	indefinable|indescribable|ineffable|unspeakable|untellable|unutterable
973	lean and wrinkled by shrinkage as from age or illness	shriveled|shrivelled|shrunken|withered|wizen|wizened
974	a person authorized to conduct religious worship	curate|minister of religion|minister|parson|pastor|rector
975	informal terms for a (young) woman	dame|doll|wench|skirt|chick|bird
976	a reckless impetuous irresponsible person	daredevil|madcap|hothead|swashbuckler|lunatic|harum-scarum
977	someone who takes more time than necessary	dawdler|drone|laggard|lagger|trailer|poke
978	someone who is no longer alive	dead person|dead soul|deceased person|deceased|decedent|departed
979	someone who leads you to believe something that is not true	deceiver|cheat|cheater|trickster|beguiler|slicker
980	a disloyal person who betrays or deserts his cause or religion or political party or friend etc.	deserter|apostate|renegade|turncoat|recreant|ratter
981	a licensed medical practitioner	doctor|doc|physician|MD|Dr.|medico
982	a chronic drinker	drunkard|drunk|rummy|sot|inebriate|wino
983	an ignorant or foolish person	dumbbell|dummy|dope|boob|booby|pinhead
984	a person devoted to refined sensuous enjoyment (especially good food and drink)	epicure|gourmet|gastronome|bon vivant|epicurean|foodie
985	a writer or artist who sells services to different employers without a long-term contract with any of them	freelancer|freelance|free-lance|free lance|independent|self-employed person
986	a person used as a cover for some questionable activity	front man|front|figurehead|nominal head|straw man|strawman
987	the act of distributing things into classes or categories of the same type	categorization|categorisation|classification|compartmentalization|compartmentalisation|assortment
988	a young female	girl|miss|missy|young lady|young woman|fille
989	an idle worthless person	goldbrick|goof-off|ne'er-do-well|good-for-nothing|no-account|good-for-naught
990	a person given to gossiping and divulging personal information about others	gossip|gossiper|gossipmonger|rumormonger|rumourmonger|newsmonger
991	the father of your father or mother	grandfather|gramps|granddad|grandad|granddaddy|grandpa
992	someone who guards prisoners	prison guard|jailer|jailor|gaoler|screw|turnkey
993	one having both male and female sexual characteristics and organs	hermaphrodite|intersex|gynandromorph|androgyne|epicene|epicene person
994	a person who professes beliefs and opinions that he or she does not hold in order to conceal his or her real feelings or motives	hypocrite|dissembler|dissimulator|phony|phoney|pretender
995	someone regarded as eccentric or crazy and standing out from a group	kook|odd fellow|odd fish|queer bird|queer duck|odd man out
996	a baseball pitcher who throws the ball with the left hand	left-handed pitcher|left-hander|left hander|lefthander|lefty|southpaw
997	a woman who wears clothes to display fashions	mannequin|manikin|mannikin|manakin|fashion model|model
998	an organizer who puts things in order	orderer|systematizer|systematiser|systemizer|systemiser|systematist
999	a health professional trained in the art of preparing and dispensing drugs	pharmacist|druggist|chemist|apothecary|pill pusher|pill roller
1000	someone who plays practical jokes on others	prankster|cut-up|trickster|tricker|hoaxer|practical joker
1001	an infant that is born prior to 37 weeks of gestation	premature baby|preterm baby|premature infant|preterm infant|preemie|premie
1002	a dissolute man in fashionable society	rake|rakehell|profligate|rip|blood|roue
1003	the act of putting something in a certain place	placement|location|locating|position|positioning|emplacement
1004	one who practices magic or sorcery	sorcerer|magician|wizard|necromancer|thaumaturge|thaumaturgist
1005	a person who backs a politician or a team etc.	supporter|protagonist|champion|admirer|booster|friend
1006	someone who gossips indiscreetly	tattletale|tattler|taleteller|talebearer|telltale|blabbermouth
1007	a salesman who travels to call on customers	traveling salesman|travelling salesman|commercial traveler|commercial traveller|roadman|bagman
1008	an important or influential (and often overbearing) person	very important person|VIP|high-up|dignitary|panjandrum|high muckamuck
1009	Roman general under Julius Caesar in the Gallic wars	Antony|Anthony|Mark Antony|Mark Anthony|Antonius|Marcus Antonius
1010	(Roman Catholic Church) Italian theologian and Doctor of the Church who is remembered for his attempt to reconcile faith and reason in a comprehensive theology	Aquinas|Thomas Aquinas|Saint Thomas|St. Thomas|Saint Thomas Aquinas|St. Thomas Aquinas
1011	English statesman and philosopher	Bacon|Francis Bacon|Sir Francis Bacon|Baron Verulam|1st Baron Verulam|Viscount St. Albans
1012	German statesman under whose leadership Germany was united (1815-1898)	Bismarck|von Bismarck|Otto von Bismarck|Prince Otto von Bismarck|Prince Otto Eduard Leopold von Bismarck|Iron Chancellor
1013	(Roman Catholic Church) Anglo-Saxon missionary who was sent to Frisia and Germany to spread the Christian faith	Boniface|Saint Boniface|St. Boniface|Winfred|Wynfrith|Apostle of Germany
1014	vice president under Reagan and 41st President of the United States (born in 1924)	Bush|George Bush|George H.W. Bush|George H. W. Bush|George Herbert Walker Bush|President Bush
1015	English author	Carroll|Lewis Carroll|Dodgson|Reverend Dodgson|Charles Dodgson|Charles Lutwidge Dodgson
1016	Russian dramatist whose plays are concerned with the difficulty of communication between people (1860-1904)	Chekhov|Chekov|Anton Chekhov|Anton Chekov|Anton Pavlovich Chekhov|Anton Pavlovich Chekov
1017	Spanish conquistador who defeated the Aztecs and conquered Mexico (1485-1547)	Cortes|Cortez|Hernando Cortes|Hernando Cortez|Hernan Cortes|Hernan Cortez
1018	French philosopher (born in Germany) famous as being one of the first self-described atheists in Europe	Dietrich|Paul Heinrich Dietrich|Thiry|Paul-Henri Thiry|d'Holbach|baron d'Holbach
1019	United States general who supervised the invasion of Normandy and the defeat of Nazi Germany	Eisenhower|Dwight Eisenhower|Dwight D. Eisenhower|Dwight David Eisenhower|Ike|President Eisenhower
1020	(Roman Catholic Church) an Italian and the Roman Catholic monk who founded the Franciscan order of friars (1181-1226)	Francis of Assisi|Saint Francis of Assisi|St. Francis of Assisi|Saint Francis|St. Francis|Giovanni di Bernardone
1021	Russian writer of plays and novels and short stories	Gorky|Maksim Gorky|Gorki|Maxim Gorki|Aleksey Maksimovich Peshkov|Aleksey Maximovich Peshkov
1022	Spanish painter well known for his portraits and for his satires (1746-1828)	Goya|Goya y Lucientes|Francisco Goya|Francisco de Goya|Francisco Jose de Goya|Francisco Jose de Goya y Lucientes
1023	18th President of the United States	Grant|Ulysses Grant|Ulysses S. Grant|Ulysses Simpson Grant|Hiram Ulysses Grant|President Grant
1024	Iraqi leader who waged war against Iran	Hussein|Husain|Husayn|Saddam Hussein|Saddam|Saddam bin Hussein at-Takriti
1025	(Roman Catholic Church) one of the great Fathers of the early Christian Church whose major work was his translation of the Scriptures from Hebrew and Greek into	Jerome|Saint Jerome|St. Jerome|Hieronymus|Eusebius Hieronymus|Eusebius Sophronius Hieronymus
1026	36th President of the United States	Johnson|Lyndon Johnson|Lyndon Baines Johnson|LBJ|President Johnson|President Lyndon Johnson
1027	35th President of the United States	Kennedy|Jack Kennedy|John Fitzgerald Kennedy|JFK|President Kennedy|President John F. Kennedy
1028	Japanese statesman who set Japan's expansionist policies and formed an alliance with Germany and Italy (1891-1945)	Konoe|Fumimaro Konoe|Prince Fumimaro Konoe|Konoye|Fumimaro Konoye|Prince Fumimaro Konoye
1029	an unhindered basketball shot from the foul line	foul shot|free throw|penalty free throw|charity toss|charity throw|charity shot
1030	(New Testament) disciple of Jesus	Matthew|Saint Matthew|St. Matthew|Saint Matthew the Apostle|St. Matthew the Apostle|Levi
1031	Russian chemist who developed a periodic table of the chemical elements and predicted the discovery of several new elements (1834-1907)	Mendeleyev|Mendeleev|Dmitri Mendeleyev|Dmitri Mendeleev|Dmitri Ivanovich Mendeleyev|Dmitri Ivanovich Mendeleev
1032	Russian composer of operas and orchestral works (1839-1881)	Mussorgsky|Moussorgsky|Modest Mussorgsky|Modest Moussorgsky|Modest Petrovich Mussorgsky|Modest Petrovich Moussorgsky
1033	King and patron saint of Norway (995-1030)	Olaf II|Olav II|Saint Olaf|Saint Olav|St. Olaf|St. Olav
1034	disciple of Jesus and leader of the Apostles	Peter|Simon Peter|Saint Peter|St. Peter|Saint Peter the Apostle|St. Peter the Apostle
1035	Libyan leader who seized power in a military coup d'etat in 1969	Qaddafi|Qadhafi|Khadafy|Gaddafi|Muammar al-Qaddafi|Muammar el-Qaddafi
1036	composer and piano virtuoso born in Russia (1873-1943)	Rachmaninoff|Sergei Rachmaninoff|Sergei Vasilievich Rachmaninoff|Rachmaninov|Sergei Rachmaninov|Sergei Vasilievich Rachmaninov
1037	English courtier (a favorite of Elizabeth I) who tried to colonize Virginia	Raleigh|Walter Raleigh|Sir Walter Raleigh|Ralegh|Walter Ralegh|Sir Walter Ralegh
1038	king of Egypt between 1304 and 1237 BC who built many monuments	Rameses II|Ramesses II|Ramses II|Rameses the Great|Ramesses the Great|Ramses the Great
1039	Roman general who commanded the invasion of Carthage in the second Punic War and defeated Hannibal at Zama (circa 237-183 BC)	Scipio|Scipio Africanus|Scipio Africanus Major|Publius Cornelius Scipio|Publius Cornelius Scipio Africanus Major|Scipio the Elder
1040	English translator and Protestant martyr	Tyndale|William Tyndale|Tindale|William Tindale|Tindal|William Tindal
1041	a Christian believed to be of Cappadocian descent who became bishop of the Visigoths in 341 and translated the Bible from Greek into Gothic	Ulfilas|Bishop Ulfilas|Ulfila|Bishop Ulfila|Wulfila|Bishop Wulfila
1042	outstanding United States athlete (1914-1956)	Zaharias|Babe Zaharias|Didrikson|Babe Didrikson|Mildred Ella Didrikson|Mildred Ella Didrikson Zaharias
1043	(cosmology) the cooled remnant of the hot big bang that fills the entire universe and can be observed today with an average temperature of about 2.725 kelvin	cosmic background radiation|CBR|cosmic microwave background radiation|CMBR|cosmic microwave background|CMB
1044	a material's opposition to the flow of electric current	electric resistance|electrical resistance|impedance|resistance|resistivity|ohmic resistance
1045	palmlike gymnosperms: includes the surviving order Cycadales and several extinct orders	Cycadopsida|class Cycadopsida|Cycadophytina|subdivision Cycadophytina|Cycadophyta|subdivision Cycadophyta
1046	low shrubby pine of central Europe with short bright green needles in bunches of two	Swiss mountain pine|mountain pine|dwarf mountain pine|mugho pine|mugo pine|Pinus mugo
1047	medium-sized five-needled pine of southwestern California having long cylindrical cones	Torrey pine|Torrey's pine|soledad pine|grey-leaf pine|sabine pine|Pinus torreyana
1048	medium to tall fir of western North America having a conic crown and branches in tiers	amabilis fir|white fir|Pacific silver fir|red silver fir|Christmas tree|Abies amabilis
1049	slow-growing medium-sized cedar of east coast of the United States	southern white cedar|coast white cedar|Atlantic white cedar|white cypress|white cedar|Chamaecyparis thyoides
1050	extremely lofty evergreen of southern end of western foothills of Sierra Nevada in California	giant sequoia|big tree|Sierra redwood|Sequoiadendron giganteum|Sequoia gigantea|Sequoia Wellingtonia
1051	ginkgos: in some systems classified as a class and in others as a subdivision	Ginkgopsida|class Ginkgopsida|Ginkgophytina|class Ginkgophytina|subdivision Ginkgophytina|subdivision Ginkgophyta
1052	comprising flowering plants that produce seeds enclosed in an ovary	Angiospermae|class Angiospermae|Magnoliophyta|division Magnoliophyta|Anthophyta|division Anthophyta
1053	comprising seed plants that produce an embryo with paired cotyledons and net-veined leaves	Dicotyledones|class Dicotyledones|Dicotyledonae|class Dicotyledonae|Magnoliopsida|class Magnoliopsida
1054	comprising seed plants that produce an embryo with a single cotyledon and parallel-veined leaves: includes grasses and lilies and palms and orchids	Monocotyledones|class Monocotyledones|Monocotyledonae|class Monocotyledonae|Liliopsida|class Liliopsida
1055	ornamental evergreen shrub of Pacific coast of North America having dark green pinnate leaves and racemes of yellow flowers followed by blue-black berries	Oregon grape|Oregon holly grape|hollygrape|mountain grape|holly-leaves barberry|Mahonia aquifolium
1056	deciduous shrub of the eastern United States having highly aromatic leaves and bark and yellow flowers followed by scarlet or yellow berries	spicebush|spice bush|American spicebush|Benjamin bush|Lindera benzoin|Benzoin odoriferum
1057	any of various plants of the genus Ranunculus	buttercup|butterflower|butter-flower|crowfoot|goldcup|kingcup
1058	a large family of trees, shrubs, vines, and herbs bearing bean pods	Leguminosae|family Leguminosae|Fabaceae|family Fabaceae|legume family|pea family
1059	East Indian tree with racemes of yellow-white flowers	coralwood|coral-wood|red sandalwood|Barbados pride|peacock flower fence|Adenanthera pavonina
1060	South African shrub having a swollen succulent stem and bearing showy pink and white flowers after the leaves fall	impala lily|mock azalia|desert rose|kudu lily|Adenium obesum|Adenium multiflorum
1061	tropical Asian tree with hard white wood and bark formerly used as a remedy for dysentery and diarrhea	ivory tree|conessi|kurchi|kurchee|Holarrhena pubescens|Holarrhena antidysenterica
1062	perennial marsh plant having swordlike leaves and aromatic roots	sweet flag|calamus|sweet calamus|myrtle flag|flagroot|Acorus calamus
1063	tropical American aroid having edible tubers that are cooked and eaten like yams or potatoes	yautia|tannia|spoonflower|malanga|Xanthosoma sagittifolium|Xanthosoma atrovirens
1064	bluish-green herb having sticky stems and clusters of large evening-opening white flowers with much-inflated calyx	white campion|evening lychnis|white cockle|bladder campion|Silene latifolia|Lychnis alba
1065	beet lacking swollen root	chard|Swiss chard|spinach beet|leaf beet|chard plant|Beta vulgaris cicla
1066	a hardy cabbage with coarse curly leaves that do not form a head	kale|kail|cole|borecole|colewort|Brassica oleracea acephala
1067	a cruciferous plant with a thick bulbous edible yellow root	rutabaga|turnip cabbage|swede|Swedish turnip|rutabaga plant|Brassica napus napobrassica
1068	Asiatic plant grown for its cluster of edible white stalks with dark green leaves	bok choy|bok choi|pakchoi|pak choi|Chinese white cabbage|Brassica rapa chinensis
1069	southeastern European plant cultivated for its fragrant purplish flowers and round flat papery silver-white seedpods that are used for indoor decoration	honesty|silver dollar|money plant|satin flower|satinpod|Lunaria annua
1070	weedy Eurasian plant often a pest in grain fields	field mustard|wild mustard|charlock|chadlock|Brassica kaber|Sinapis arvensis
1071	perennial cottony-white herb of southwestern United States	western mugwort|white sage|cudweed|prairie sage|Artemisia ludoviciana|Artemisia gnaphalodes
1072	the reflex act of ejecting the contents of the stomach through the mouth	vomit|vomiting|emesis|regurgitation|disgorgement|puking
1073	tropical African annual having scarlet tassel-shaped flower heads	tassel flower|Emilia coccinea|Emilia javanica|Emilia flammea|Cacalia javanica|Cacalia lutea
1074	low much-branched perennial of western United States having silvery leaves	silver sage|silver sagebrush|grey sage|gray sage|Seriphidium canum|Artemisia cana
1075	tall Old World biennial thistle with large clasping white-blotched leaves and purple flower heads	milk thistle|lady's thistle|Our Lady's mild thistle|holy thistle|blessed thistle|Silybum marianum
1076	perennial herb with showy yellow flowers	wingstem|golden ironweed|yellow ironweed|golden honey plant|Verbesina alternifolia|Actinomeris alternifolia
1077	coarse greyish-green annual yellow-flowered herb	cowpen daisy|golden crownbeard|golden crown beard|butter daisy|Verbesina encelioides|Ximenesia encelioides
1078	any of several chiefly American wildflowers having an inflated pouchlike lip	lady's slipper|lady's-slipper|lady-slipper|lady slipper|ladies' slipper|slipper orchid
1079	a light, self-propelled movement upwards or forwards	leap|leaping|spring|saltation|bound|bounce
1080	common grass with slender stems and narrow leaves	velvet bent|velvet bent grass|brown bent|Rhode Island bent|dog bent|Agrostis canina
1081	coarse perennial Eurasian grass resembling oat	tall oat grass|tall meadow grass|evergreen grass|false oat|French rye|Arrhenatherum elatius
1082	North American grass with slender brushy panicles	witchgrass|witch grass|old witchgrass|old witch grass|tumble grass|Panicum capillare
1083	European foxtail naturalized in North America	green bristlegrass|green foxtail|rough bristlegrass|bottle-grass|bottle grass|Setaria viridis
1084	sorghums of dry regions of Asia and North Africa	durra|doura|dourah|Egyptian corn|Indian millet|Guinea corn
1085	wheat with hard dark-colored kernels high in gluten and used for bread and pasta	durum|durum wheat|hard wheat|Triticum durum|Triticum turgidum|macaroni wheat
1086	a corn plant developed in order to have young ears that are sweet and suitable for eating	sweet corn|sugar corn|green corn|sweet corn plant|Zea mays rugosa|Zea saccharata
1087	European sedge having small edible nutlike tubers	chufa|yellow nutgrass|earth almond|ground almond|rush nut|Cyperus esculentus
1088	tall sedge of the Nile valley yielding fiber that served many purposes in historic times	papyrus|Egyptian paper reed|Egyptian paper rush|paper rush|paper plant|Cyperus papyrus
1089	tall coarse annual of Old World tropics widely cultivated in southern United States and West Indies for its long mucilaginous green pods used as basis for soups	okra|gumbo|okra plant|lady's-finger|Abelmoschus esculentus|Hibiscus esculentus
1090	erect forest tree of Cuba and Jamaica having variably hairy leaves and orange-yellow or orange-red flowers	Cuban bast|blue mahoe|mahoe|majagua|mahagua|Hibiscus elatus
1091	large showy Asiatic shrub or small tree having large single or double red to deep-red flowers	China rose|Chinese hibiscus|Rose of China|shoeblack plant|shoe black|Hibiscus rosa-sinensis
1092	East Indian sparsely prickly annual herb or perennial subshrub widely cultivated for its fleshy calyxes used in tarts and jelly and for its bast fiber	roselle|rozelle|sorrel|red sorrel|Jamaica sorrel|Hibiscus sabdariffa
1093	shrubby tree widely distributed along tropical shores	mahoe|majagua|mahagua|balibago|purau|Hibiscus tiliaceus
1094	Australian tree having hard white timber and glossy green leaves with white flowers followed by one-seeded glossy blue fruit	quandong|quandong tree|Brisbane quandong|silver quandong tree|blue fig|Elaeocarpus grandis
1095	a fast-growing tropical American evergreen having white flowers and white fleshy edible fruit	Jamaican cherry|calabur tree|calabura|silk wood|silkwood|Muntingia calabura
1096	Chilean shrub bearing coral-red fruit with an edible seed resembling a hazelnut	Chilean nut|Chile nut|Chile hazel|Chilean hazelnut|Guevina heterophylla|Guevina avellana
1097	tufted evergreen perennial herb having spikes of tiny white flowers and glossy green round to heart-shaped leaves that become coppery to maroon or purplish in f	galax|galaxy|wandflower|beetleweed|coltsfoot|Galax urceolata
1098	small prostrate or ascending shrub having scarlet flowers and succulent fruit resembling cranberries	native cranberry|groundberry|ground-berry|cranberry heath|Astroloma humifusum|Styphelia humifusum
1099	small American birch with peeling white bark often worked into e.g. baskets or toy canoes	American white birch|paper birch|paperbark birch|canoe birch|Betula cordifolia|Betula papyrifera
1100	birch of western United States resembling the paper birch but having brownish bark	swamp birch|water birch|mountain birch|Western paper birch|Western birch|Betula fontinalis
1101	any of various tall perennial herbs constituting the genus Frasera	columbo|American columbo|deer's-ear|deer's-ears|pyramid plant|American gentian
1102	gentian of eastern North America having clusters of bristly blue flowers	agueweed|ague weed|five-flowered gentian|stiff gentian|Gentianella quinquefolia|Gentiana quinquefolia
1103	any of several pink-flowered marsh plant of the eastern United States resembling a true centaury	marsh pink|rose pink|bitter floom|American centaury|Sabbatia stellaris|Sabbatia Angularis
1104	sedgelike spring-flowering herb having clustered flowers covered with woolly hairs	kangaroo paw|kangaroo's paw|kangaroo's-foot|kangaroo-foot plant|Australian sword lily|Anigozanthus manglesii
1105	a North American tree of the genus Liquidambar having prickly spherical fruit clusters and fragrant sap	sweet gum|sweet gum tree|bilsted|red gum|American sweet gum|Liquidambar styraciflua
1106	hickory of the eastern United States having a leaves with 7 or 9 leaflets and thin-shelled very bitter nuts	bitternut|bitternut hickory|bitter hickory|bitter pignut|swamp hickory|Carya cordiformis
1107	hickory of the eastern United States resembling the shagbark but having a much larger nut	big shellbark|big shellbark hickory|big shagbark|king nut|king nut hickory|Carya laciniosa
1108	smooth-barked North American hickory with 7 to 9 leaflets bearing a hard-shelled edible nut	mockernut|mockernut hickory|black hickory|white-heart hickory|big-bud hickory|Carya tomentosa
1109	deciduous shrub of eastern North America having tough flexible branches and pliable bark and small yellow flowers	leatherwood|moosewood|moose-wood|wicopy|ropebark|Dirca palustris
1110	cultivated for its shining oblong leaves and arching clusters of white flowers with pink shading and crinkled yellow lips with variegated magenta stripes	shellflower|shall-flower|shell ginger|Alpinia Zerumbet|Alpinia speciosa|Languas speciosa
1111	tropical American shrub or small tree having huge deeply palmately cleft leaves and large oblong yellow fruit	papaya|papaia|pawpaw|papaya tree|melon tree|Carica papaya
1112	small shrubby tree of Madagascar cultivated in tropical regions as a hedge plant and for its deep red acid fruits resembling small plums	governor's plum|governor plum|Madagascar plum|ramontchi|batoko palm|Flacourtia indica
1113	a small shrubby spiny tree cultivated for its maroon-purple fruit with sweet purple pulp tasting like gooseberries	ketembilla|kitembilla|kitambilla|ketembilla tree|Ceylon gooseberry|Dovyalis hebecarpa
1114	medium to large Indonesian and Malaysian trees	Hydnocarpus|genus Hydnocarpus|Taraktagenos|genus Taraktagenos|Taraktogenos|genus Taraktogenos
1115	East Indian tree with oily seeds yield chaulmoogra oil used to treat leprosy	chaulmoogra|chaulmoogra tree|chaulmugra|Hydnocarpus kurzii|Taraktagenos kurzii|Taraktogenos kurzii
1116	a common and long cultivated European herb from which most common garden pansies are derived	wild pansy|Johnny-jump-up|heartsease|love-in-idleness|pink of my John|Viola tricolor
1117	large tropical Asian tree frequently dwarfed as a houseplant	India-rubber tree|India-rubber plant|India-rubber fig|rubber plant|Assam rubber|Ficus elastica
1118	tropical American tree with large peltate leaves and hollow stems	trumpetwood|trumpet-wood|trumpet tree|snake wood|imbauba|Cecropia peltata
1119	a variety of the English elm with erect branches and broader leaves	Jersey elm|guernsey elm|wheately elm|Ulmus sarniensis|Ulmus campestris sarniensis|Ulmus campestris wheatleyi
1120	iris with purple flowers and foul-smelling leaves	stinking iris|gladdon|gladdon iris|stinking gladwyn|roast beef plant|Iris foetidissima
1121	pungent Old World wild onion	crow garlic|false garlic|field garlic|stag's garlic|wild garlic|Allium vineale
1122	sometimes placed in genus Scilla	wild hyacinth|wood hyacinth|bluebell|harebell|Hyacinthoides nonscripta|Scilla nonscripta
1123	perennial plant of Europe and America having racemes of white or purplish flowers and intensely bitter trifoliate leaves	water shamrock|buckbean|bogbean|bog myrtle|marsh trefoil|Menyanthes trifoliata
1124	long pod containing small beans and sweetish edible pulp	carob|carob bean|algarroba bean|algarroba|locust bean|locust pod
1125	showy tropical tree or shrub native to Madagascar	royal poinciana|flamboyant|flame tree|peacock flower|Delonix regia|Poinciana regia
1126	very leafy malodorous tropical weedy shrub whose seeds have been used as an adulterant for coffee	coffee senna|mogdad coffee|styptic weed|stinking weed|Senna occidentalis|Cassia occidentalis
1127	perennial twining vine of Old World tropics having trifoliate leaves and racemes of fragrant purple pea-like flowers followed by maroon pods of edible seeds	hyacinth bean|bonavist|Indian bean|Egyptian bean|Lablab purpureus|Dolichos lablab
1128	Eurasian perennial herb having pale pink flowers and curved pods	sainfoin|sanfoin|holy clover|esparcet|Onobrychis viciifolia|Onobrychis viciaefolia
1129	tropical American bean with red flowers and mottled black beans similar to Phaseolus vulgaris but perennial	scarlet runner|scarlet runner bean|Dutch case-knife bean|runner bean|Phaseolus coccineus|Phaseolus multiflorus
1130	a tuberous twining annual vine bearing clusters of purplish flowers and pods with four jagged wings	winged bean|winged pea|goa bean|goa bean vine|Manila bean|Psophocarpus tetragonolobus
1131	desert shrub of Syria and Arabia having small white flowers	retem|raetam|juniper bush|juniper|Retama raetam|Genista raetam
1132	South American palm yielding a wax similar to carnauba wax	caranday|caranda|caranda palm|wax palm|Copernicia australis|Copernicia alba
1133	tall feather palm of northern Brazil with hard-shelled nuts yielding valuable oil and a kind of vegetable ivory	babassu|babassu palm|coco de macao|Orbignya phalerata|Orbignya spesiosa|Orbignya martiana
1134	small stocky fan palm of southern Florida and Cuba	key palm|silvertop palmetto|silver thatch|Thrinax microcarpa|Thrinax morrisii|Thrinax keyensis
1135	common European perennial naturalized worldwide	broad-leaved plantain|common plantain|white-man's foot|whiteman's foot|cart-track plant|Plantago major
1136	simple nearly stemless freshwater aquatic plants	Hydrocharitaceae|family Hydrocharitaceae|Hydrocharidaceae|family Hydrocharidaceae|frogbit family|frog's-bit family
1137	Eurasian rose with prickly stems and fragrant leaves and bright pink flowers followed by scarlet hips	sweetbrier|sweetbriar|brier|briar|eglantine|Rosa eglanteria
1138	ornamental evergreen treelike shrub of the Pacific coast of the United States having large white flowers and red berrylike fruits	toyon|tollon|Christmasberry|Christmas berry|Heteromeles arbutifolia|Photinia arbutifolia
1139	creeping raspberry of north temperate regions with yellow or orange berries	cloudberry|dwarf mulberry|bakeapple|baked-apple berry|salmonberry|Rubus chamaemorus
1140	Old World fragrant stoloniferous perennial having small white flowers and narrow leaves used as flavoring and in sachets	sweet woodruff|waldmeister|woodruff|fragrant bedstraw|Galium odoratum|Asperula odorata
1141	annual having the stem beset with curved prickles	cleavers|clivers|goose grass|catchweed|spring cleavers|Galium aparine
1142	Eurasian herb with ample panicles of small white flowers	wild madder|white madder|white bedstraw|infant's-breath|false baby's breath|Galium mollugo
1143	a common shrub with black fruit or a small tree of Europe and Asia	bourtree|black elder|common elder|elderberry|European elder|Sambucus nigra
1144	deciduous thicket-forming Old World shrub with clusters of white flowers and small bright red berries	guelder rose|European cranberrybush|European cranberry bush|crampbark|cranberry tree|Viburnum opulus
1145	North American annual plant with usually yellow or orange flowers	jewelweed|lady's earrings|orange balsam|celandine|touch-me-not|Impatiens capensis
1146	eastern North American plant having a terminal cluster of small white flowers and medicinal roots	Seneca snakeroot|Seneka snakeroot|senga root|senega root|senega snakeroot|Polygala senega
1147	Eurasian osier having reddish or purple twigs and bark rich in tannin	purple willow|red willow|red osier|basket willow|purple osier|Salix purpurea
1148	a poplar that is widely cultivated in the United States	white poplar|white aspen|abele|aspen poplar|silver-leaved poplar|Populus alba
1149	tree of southeastern Asia to Australia grown primarily for its sweet edible fruit resembling litchi nuts	longan|lungen|longanberry|Dimocarpus longan|Euphorbia litchi|Nephelium longana
1150	maple of eastern North America with striped bark and large two-lobed leaves clear yellow in autumn	moosewood|moose-wood|striped maple|striped dogwood|goosefoot maple|Acer pennsylvanicum
1151	climbing plant common in eastern and central United States with ternate leaves and greenish flowers followed by white berries	poison ivy|markweed|poison mercury|poison oak|Toxicodendron radicans|Rhus radicans
1152	deciduous tree of southeastern United States and Mexico	false buckthorn|chittamwood|chittimwood|shittimwood|black haw|Bumelia lanuginosa
1153	medium-sized tree of West Virginia to Florida and Texas	silver-bell tree|silverbell tree|snowdrop tree|opossum wood|Halesia carolina|Halesia tetraptera
1154	pitcher plant of southeastern United States having erect yellow trumpet-shaped pitchers with wide mouths and erect lids	huntsman's horn|huntsman's horns|yellow trumpet|yellow pitcher plant|trumpets|Sarracenia flava
1155	pinnate-leaved European perennial having bright blue or white flowers	Jacob's ladder|Greek valerian|charity|Polemonium caeruleum|Polemonium van-bruntiae|Polymonium caeruleum van-bruntiae
1156	large tropical American tree of the genus Cordia grown for its abundant creamy white flowers and valuable wood	Spanish elm|Equador laurel|salmwood|cypre|princewood|Cordia alliodora
1157	showy perennial herb with white flowers	Virginia waterleaf|Shawnee salad|shawny|Indian salad|John's cabbage|Hydrophyllum virginianum
1158	low-growing strongly aromatic perennial herb of southern Europe to Great Britain	lesser calamint|field balm|Calamintha nepeta|Calamintha nepeta glantulosa|Satureja nepeta|Satureja calamintha glandulosa
1159	aromatic Eurasian perennial	oregano|marjoram|pot marjoram|wild marjoram|winter sweet|Origanum vulgare
1160	dwarf aromatic shrub of Crete	dittany of crete|cretan dittany|crete dittany|hop marjoram|winter sweet|Origanum dictamnus
1161	bushy perennial Old World mint having small white or yellowish flowers and fragrant lemon-flavored leaves	lemon balm|garden balm|sweet balm|bee balm|beebalm|Melissa officinalis
1162	an American operation in World War I (1918)	Meuse|Meuse River|Argonne|Argonne Forest|Meuse-Argonne|Meuse-Argonne operation
1163	showy perennial of marshlands of eastern and central North America having waxy lanceolate leaves and flower with lower part creamy white and upper parts pale pi	shellflower|shell-flower|turtlehead|snakehead|snake-head|Chelone glabra
1164	a tall perennial herb having spikes of small white or purple flowers	Culver's root|Culvers root|Culver's physic|Culvers physic|whorlywort|Veronicastrum virginicum
1165	improved garden variety of black nightshade having small edible orange or black berries	garden huckleberry|wonderberry|sunberry|Solanum nigrum guineese|Solanum melanocerasum|Solanum burbankii
1166	intensely poisonous tall coarse annual tropical weed having rank-smelling foliage, large white or violet trumpet-shaped flowers and prickly fruits	jimsonweed|jimson weed|Jamestown weed|common thorn apple|apple of Peru|Datura stramonium
1167	low tropical American shrub having powerful emetic properties	Jewbush|Jew-bush|Jew bush|redbird cactus|redbird flower|Pedilanthus tithymaloides
1168	grown for its thickened edible aromatic root	celeriac|celery root|knob celery|root celery|turnip-rooted celery|Apium graveolens rapaceum
1169	common North American shrub with reddish purple twigs and white flowers	red osier|red osier dogwood|red dogwood|American dogwood|redbrush|Cornus stolonifera
1170	large deeply rooted fern of worldwide distribution with upright bipinnate compound tufted fronds	royal fern|royal osmund|king fern|ditch fern|French bracken|Osmunda regalis
1171	New Zealand with pinnate fronds and a densely woolly stalks	crape fern|Prince-of-Wales fern|Prince-of-Wales feather|Prince-of-Wales plume|Leptopteris superba|Todea superba
1172	edible east Asian mushroom having a golden or dark brown to blackish cap and an inedible stipe	shiitake|shiitake mushroom|Chinese black mushroom|golden oak mushroom|Oriental black mushroom|Lentinus edodes
1173	a small sharp-pointed tip resembling a spike on a stem or leaf	spine|thorn|prickle|pricker|sticker|spikelet
1174	shrubby tree of the Pacific coast of the United States	cascara buckthorn|bearberry|bearwood|chittamwood|chittimwood|Rhamnus purshianus
1175	climber having dark red berries (peppercorns) when fully ripe	pepper|common pepper|black pepper|white pepper|Madagascar pepper|Piper nigrum
1176	tall fern of northern temperate regions having graceful arched fronds and sporophylls resembling ostrich plumes	ostrich fern|shuttlecock fern|fiddlehead|Matteuccia struthiopteris|Pteretis struthiopteris|Onoclea struthiopteris
1177	delicate maidenhair fern with slender shining black leaf stalks	common maidenhair|Venushair|Venus'-hair fern|southern maidenhair|Venus maidenhair|Adiantum capillus-veneris
1178	beech fern of North America and Eurasia	long beech fern|narrow beech fern|northern beech fern|Phegopteris connectilis|Dryopteris phegopteris|Thelypteris phegopteris
1179	a rented car	car rental|hire car|rent-a-car|self-drive|u-drive|you-drive
1180	gift of money or other material help to support a person or cause	aid|economic aid|financial aid|assistance|financial assistance|economic assistance
1181	a sum of money paid in compensation for loss or injury	damages|amends|indemnity|indemnification|restitution|redress
1182	the financial means whereby one lives	support|keep|livelihood|living|bread and butter|sustenance
1183	the maximum credit that a customer is allowed	credit line|line of credit|bank line|line|personal credit line|personal line of credit
1184	a monthly payment made to someone who is retired from work	old-age pension|retirement pension|retirement check|retirement benefit|retirement fund|superannuation
1185	the time and process of budding and unfolding of blossoms	blossoming|flowering|florescence|inflorescence|anthesis|efflorescence
1186	(psychiatry) an unconscious process that tries to reduce the anxiety associated with instinctive desires	defense mechanism|defense reaction|defence mechanism|defence reaction|defense|defence
1187	(biology) the process of an individual organism growing organically	growth|growing|maturation|development|ontogeny|ontogenesis
1188	the monthly discharge of blood from the uterus of nonpregnant women from puberty to menopause	menstruation|menses|menstruum|catamenia|period|flow
1189	crushing and separating ore into valuable substances or waste by any of a variety of techniques	mineral extraction|mineral processing|mineral dressing|ore processing|ore dressing|beneficiation
1190	(boxing) a blow with the fist	punch|clout|poke|lick|biff|slug
1191	a metric unit of volume or capacity equal to 10 liters	dekaliter|dekalitre|decaliter|decalitre|dal|dkl
1192	a unit of length equal to 1,760 yards or 5,280 feet	mile|statute mile|stat mi|land mile|international mile|mi
1193	a metric unit of length equal to one billionth of a meter	nanometer|nanometre|nm|millimicron|micromillimeter|micromillimetre
1194	a metric unit of length equal to ten meters	decameter|dekameter|decametre|dekametre|dam|dkm
1195	a unit of length used in navigation	nautical mile|mile|mi|naut mi|international nautical mile|air mile
1196	a former British unit of length equivalent to 6,080 feet (1,853.184 meters)	nautical mile|naut mi|mile|mi|geographical mile|Admiralty mile
1197	a United States unit of weight equivalent to 100 pounds	hundredweight|cwt|short hundredweight|centner|cental|quintal
1198	the cardinal number that is the sum of four and one	five|cinque|quint|quintet|fivesome|quintuplet
1199	the cardinal number that is the sum of six and one	seven|VII|sevener|heptad|septet|septenary
1200	a mood (grammatically unmarked) that represents the act or state as an objective fact	indicative mood|indicative|declarative mood|declarative|common mood|fact mood
1201	something left after other parts have been taken away	remainder|balance|residual|residue|residuum|rest
1202	a slight depression or fold in the smoothness of a surface	wrinkle|furrow|crease|crinkle|seam|line
1203	an angular or rounded shape made by folding	fold|crease|plication|flexure|crimp|bend
1204	any one of five solids whose faces are congruent regular polygons and whose polyhedral angles are all congruent	regular polyhedron|regular convex solid|regular convex polyhedron|Platonic body|Platonic solid|ideal solid
1205	a usually secretive or illicit sexual relationship	affair|affaire|intimacy|liaison|involvement|amour
1206	a temporary state resulting from excessive consumption of alcohol	drunkenness|inebriation|inebriety|intoxication|tipsiness|insobriety
1207	anesthesia of an area supplied by a nerve	conduction anesthesia|conduction anaesthesia|nerve block anesthesia|nerve block anaesthesia|block anesthesia|block anaesthesia
1208	the state of being imminent and liable to happen soon	imminence|imminency|imminentness|impendence|impendency|forthcomingness
1209	pregnancy resulting from gestation elsewhere than in the uterus	ectopic pregnancy|extrauterine pregnancy|ectopic gestation|extrauterine gestation|eccyesis|metacyesis
1210	pain resulting from rapid change in pressure	decompression sickness|aeroembolism|air embolism|gas embolism|caisson disease|bends
1211	a degenerative disorder of the central nervous system characterized by tremor and impaired muscular coordination	paralysis agitans|Parkinsonism|Parkinson's disease|Parkinson's syndrome|Parkinson's|shaking palsy
1212	infectious bacterial disease of human beings transmitted by contact with infected animals or infected meat or milk products	brucellosis|undulant fever|Malta fever|Gibraltar fever|Rock fever|Mediterranean fever
1213	leishmaniasis of the skin	cutaneous leishmaniasis|Old World leishmaniasis|oriental sore|tropical sore|Delhi boil|Aleppo boil
1214	leukemia characterized by the proliferation of monocytes and monoblasts in the blood	monocytic leukemia|monocytic leukaemia|monoblastic leukemia|monoblastic leukaemia|histiocytic leukemia|histiocytic leukaemia
1215	a thorough physical examination	checkup|medical checkup|medical examination|medical exam|medical|health check
1216	emotional dissociative disorder in which there is loss of contact with your own personal reality accompanied by feelings of unreality and strangeness	depersonalization|depersonalisation|depersonalization disorder|depersonalisation disorder|depersonalization neurosis|depersonalisation neurosis
1217	the state that exists when one person or group has power over another	dominance|ascendance|ascendence|ascendancy|ascendency|control
1218	a contented state of being happy and healthy and prosperous	wellbeing|well-being|welfare|upbeat|eudaemonia|eudaimonia
1219	a particular environment or walk of life	sphere|domain|area|orbit|field|arena
1220	the state of being weak in health or body (especially from old age)	infirmity|frailty|debility|feebleness|frailness|valetudinarianism
1221	disability of walking due to crippling of the legs or feet	lameness|limping|gimp|gimpiness|gameness|claudication
1222	(nontechnical usage) a tiny piece of anything	atom|molecule|particle|corpuscle|mote|speck
1223	an alcohol-soluble resin from Australian trees	acaroid resin|accaroid resin|accroides|accroides resin|accroides gum|gum accroides
1224	a radioactive transuranic element which has been synthesized	rutherfordium|Rf|unnilquadium|Unq|element 104|atomic number 104
1225	a fine usually white clay formed by the weathering of aluminous minerals (as feldspar)	china clay|china stone|kaolin|kaoline|porcelain clay|terra alba
1226	tunicates	Urochordata|subphylum Urochordata|Urochorda|subphylum Urochorda|Tunicata|subphylum Tunicata
1227	a corticosteroid drug (trade names Decadron or Dexamethasone Intensol or Dexone or Hexadrol or Oradexon) used to treat allergies or inflammation	dexamethasone|Decadron|Dexamethasone Intensol|Dexone|Hexadrol|Oradexon
1228	a soft suede leather formerly from the skin of the chamois antelope but now from sheepskin	chamois|chamois leather|chammy|chammy leather|shammy|shammy leather
1229	a white powdered poisonous trioxide of arsenic	arsenic|arsenic trioxide|arsenous anhydride|arsenous oxide|white arsenic|ratsbane
1230	material consisting of seed coverings and small pieces of stem or leaves that have been separated from the seeds	chaff|husk|shuck|stalk|straw|stubble
1231	obscene terms for feces	crap|dirt|shit|shite|poop|turd
1232	liquid excretory product	urine|piss|pee|piddle|weewee|water
1233	a heavy yellow poisonous oily explosive liquid obtained by nitrating glycerol	nitroglycerin|nitroglycerine|trinitroglycerin|glyceryl trinitrate|Nitrospan|Nitrostat
1234	a dark oil consisting mainly of hydrocarbons	petroleum|crude oil|crude|rock oil|fossil oil|oil
1235	a coagulation factor (trade name Hemofil) whose absence is associated with hemophilia A	antihemophilic factor|antihaemophilic factor|antihemophilic globulin|antihaemophilic globulin|factor VIII|Hemofil
1236	anterior pituitary hormone that stimulates the function of the thyroid gland	thyrotropin|thyrotropic hormone|thyrotrophin|thyrotrophic hormone|thyroid-stimulating hormone|TSH
1237	a B vitamin that prevents skin lesions and weight loss	vitamin B2|vitamin G|riboflavin|lactoflavin|ovoflavin|hepatoflavin
1238	the local time at the 0 meridian passing through Greenwich, England	Greenwich Mean Time|Greenwich Time|GMT|universal time|UT|UT1
1239	time for Earth to make a complete rotation on its axis	day|twenty-four hours|twenty-four hour period|24-hour interval|solar day|mean solar day
1240	a major Jewish festival beginning on the eve of the 15th of Tishri and commemorating the shelter of the Israelites during their 40 years in the wilderness	Succoth|Sukkoth|Succos|Feast of Booths|Feast of Tabernacles|Tabernacles
1241	the middle of the day	noon|twelve noon|high noon|midday|noonday|noontide
1242	period extending from Dec. 24 to Jan. 6	Christmas|Christmastide|Christmastime|Yule|Yuletide|Noel
1243	(Judaism) Jewish holy day celebrated on the sixth of Sivan to celebrate Moses receiving the Ten Commandments	Shavous|Shabuoth|Shavuoth|Shavuot|Pentecost|Feast of Weeks
1244	a short respite	breath|breather|breathing place|breathing space|breathing spell|breathing time
1245	the unit of frequency	hertz|Hz|cycle per second|cycles/second|cps|cycle
1246	a period of time spent in military service	enlistment|hitch|term of enlistment|tour of duty|duty tour|tour
1247	small olive-colored woodland flycatchers of eastern North America	pewee|peewee|peewit|pewit|wood pewee|Contopus virens
1248	a living organism characterized by voluntary movement	animal|animate being|beast|brute|creature|fauna
1249	tropical Asian starlings	myna|mynah|mina|minah|myna bird|mynah bird
1250	a jay of northern North America with black-capped head and no crest	Canada jay|grey jay|gray jay|camp robber|whisker jack|Perisoreus canadensis
1251	frogs, toads, tree toads	Salientia|order Salientia|Anura|order Anura|Batrachia|order Batrachia
1252	any of various tailless stout-bodied amphibians with long hind limbs for leaping	frog|toad|toad frog|anuran|batrachian|salientian
1253	tortoises and turtles	Chelonia|order Chelonia|Testudinata|order Testudinata|Testudines|order Testudines
1254	Old World chameleons	Chamaeleontidae|family Chamaeleontidae|Chamaeleonidae|family Chamaeleonidae|Rhiptoglossa|family Rhiptoglossa
1255	huge quadrupedal herbivorous dinosaur common in North America in the late Jurassic	apatosaur|apatosaurus|brontosaur|brontosaurus|thunder lizard|Apatosaurus excelsus
1256	false scorpions	Chelonethida|order Chelonethida|Pseudoscorpionida|order Pseudoscorpionida|Pseudoscorpiones|order Pseudoscorpiones
1257	reddish-brown grouse of upland moors of Great Britain	red grouse|moorfowl|moorbird|moor-bird|moorgame|Lagopus scoticus
1258	any of numerous small slender long-tailed parrots	parakeet|parrakeet|parroket|paraquet|paroquet|parroquet
1259	ctenophores having two long pinnate tentacles	Cydippida|order Cydippida|Cydippidea|order Cydippidea|Cydippea|order Cydippea
1260	large edible marine crustacean having a spiny carapace but lacking the large pincers of true lobsters	spiny lobster|langouste|rock lobster|crawfish|crayfish|sea crawfish
1261	long-legged three-toed black-and-white wading bird of inland ponds and marshes or brackish lagoons	stilt|stiltbird|longlegs|long-legs|stilt plover|Himantopus stilt
1262	a variety of albatross with black feet	black-footed albatross|gooney|gooney bird|goonie|goony|Diomedea nigripes
1263	predatory black-and-white toothed whale with large dorsal fin	killer whale|killer|orca|grampus|sea wolf|Orcinus orca
1264	powerful brownish-yellow bear of the uplands of western North America	grizzly|grizzly bear|silvertip|silver-tip|Ursus horribilis|Ursus arctos horribilis
1265	oriental moth that produces brownish silk	tussah|tusseh|tussur|tussore|tusser|Antheraea mylitta
1266	larva of a noctuid moth	corn earworm|cotton bollworm|tomato fruitworm|tobacco budworm|vetchworm|Heliothis zia
1267	terrestrial Siberian squirrel	baronduki|baranduki|barunduki|burunduki|Eutamius asiaticus|Eutamius sibiricus
1268	the act of beginning something new	introduction|debut|first appearance|launching|unveiling|entry
1269	cattle that are reared for their milk	dairy cattle|dairy cow|milch cow|milk cow|milcher|milker
1270	wild sheep of mountainous regions of western North America having massive curled horns	bighorn|bighorn sheep|cimarron|Rocky Mountain bighorn|Rocky Mountain sheep|Ovis canadensis
1271	wild sheep of northern Africa	aoudad|arui|audad|Barbary sheep|maned sheep|Ammotragus lervia
1272	common North American deer	Virginia deer|white tail|whitetail|white-tailed deer|whitetail deer|Odocoileus Virginianus
1273	reddish-brown Old World raccoon-like carnivore	lesser panda|red panda|panda|bear cat|cat bear|Ailurus fulgens
1274	large catfish of central United States having a flattened head and projecting jaw	flathead catfish|mudcat|goujon|shovelnose catfish|spoonbill catfish|Pylodictus olivaris
1275	small salmon of northern Pacific coasts and the Great Lakes	coho|cohoe|coho salmon|blue jack|silver salmon|Oncorhynchus kisutch
1276	a species of large fish found in Australian rivers	Australian arowana|Dawson River salmon|saratoga|spotted barramundi|spotted bonytongue|Scleropages leichardti
1277	a species of large perch noted for its sporting and eating qualities	barramundi|giant perch|giant seaperch|Asian seabass|white seabass|Lates calcarifer
1278	a variety of black bass	smallmouth|smallmouth bass|smallmouthed bass|smallmouth black bass|smallmouthed black bass|Micropterus dolomieu
1279	a large black bass	largemouth|largemouth bass|largemouthed bass|largemouth black bass|largemouthed black bass|Micropterus salmoides
1280	a pedal that controls the throttle valve	accelerator|accelerator pedal|gas pedal|gas|throttle|gun
1281	an antibiotic	amoxicillin|Amoxil|Larotid|Polymox|Trimox|Augmentin
1282	a dispenser that turns a liquid (such as perfume) into a fine mist	atomizer|atomiser|spray|sprayer|nebulizer|nebuliser
1283	a small grand piano	baby grand|baby grand piano|parlor grand|parlor grand piano|parlour grand|parlour grand piano
1284	a bag carried by a strap on your back or shoulder	backpack|back pack|knapsack|packsack|rucksack|haversack
1285	largest and lowest member of the violin family	bass fiddle|bass viol|bull fiddle|double bass|contrabass|string bass
1286	decorative cover for a bed	bedspread|bedcover|bed cover|bed covering|counterpane|spread
1287	an obstruction in a pipe or tube	blockage|block|closure|occlusion|stop|stoppage
1288	armor that protects the wearer's whole body	body armor|body armour|suit of armor|suit of armour|coat of mail|cataphract
1289	an amplifier for restoring the strength of a transmitted signal	booster|booster amplifier|booster station|relay link|relay station|relay transmitter
1290	(computer science) the part of a computer (a microprocessor chip) that does most of the data processing	central processing unit|CPU|C.P.U.|central processor|processor|mainframe
1291	a printed circuit that can be inserted into expansion slots in a computer to increase the computer's capabilities	circuit board|circuit card|board|card|plug-in|add-in
1292	a covering designed to be worn on a person's body	clothing|article of clothing|vesture|wear|wearable|habiliment
1293	a television that transmits images in color	color television|colour television|color television system|colour television system|color TV|colour TV
1294	a television tube that displays images in full color	color tube|colour tube|color television tube|colour television tube|color TV tube|colour TV tube
1295	a machine for performing calculations automatically	computer|computing machine|computing device|data processor|electronic computer|information processing system
1296	an agent or device intended to prevent conception	contraceptive|preventive|preventative|contraceptive device|prophylactic device|birth control device
1297	a weight that balances another weight	counterweight|counterbalance|counterpoise|balance|equalizer|equaliser
1298	a car in which policemen cruise the streets	cruiser|police cruiser|patrol car|police car|prowl car|squad car
1299	something unusual -- perhaps worthy of collecting	curio|curiosity|oddity|oddment|peculiarity|rarity
1300	a small third seat in the back of an old-fashioned two-seater	dickey|dickie|dicky|dickey-seat|dickie-seat|dicky-seat
1301	truck whose contents can be emptied without handling	dump truck|dumper|tipper truck|tipper lorry|tip truck|tipper
1302	housing that someone is living in	dwelling|home|domicile|abode|habitation|dwelling house
1303	an antibiotic (trade name Erythrocin or E-Mycin or Ethril or Ilosone or Pediamycin) obtained from the actinomycete Streptomyces erythreus	erythromycin|Erythrocin|E-Mycin|Ethril|Ilosone|Pediamycin
1304	a colorless volatile highly flammable liquid formerly used as an inhalation anesthetic	ether|ethoxyethane|divinyl ether|vinyl ether|diethyl ether|ethyl ether
1305	a sharp hand gesture (resembling a blow)	jab|jabbing|poke|poking|thrust|thrusting
1306	a lamp for providing momentary light to take a photograph	flash|photoflash|flash lamp|flashgun|flashbulb|flash bulb
1307	a mortuary where those who knew the deceased can come to pay their last respects	funeral home|funeral parlor|funeral parlour|funeral chapel|funeral church|funeral-residence
1308	any igniter that is used to initiate the burning of a propellant	fuse|fuze|fusee|fuzee|primer|priming
1309	gauge that indicates the amount of gasoline left in the gasoline tank of a vehicle	gasoline gauge|gasoline gage|gas gauge|gas gage|petrol gauge|petrol gage
1310	a turning aside (of your course or attention or concern)	diversion|deviation|digression|deflection|deflexion|divagation
1311	a small roadside establishment in the southeastern United States where you can eat and drink and dance to music provided by a jukebox	juke|jook|juke joint|jook joint|juke house|jook house
1312	a workplace for the conduct of scientific research	lab|laboratory|research lab|research laboratory|science lab|science laboratory
1313	electric lamp consisting of a transparent or translucent glass housing containing a wire filament (usually tungsten) that emits light when heated by electricity	light bulb|lightbulb|bulb|incandescent lamp|electric light|electric-light bulb
1314	a particular kind of product or merchandise	line|product line|line of products|line of merchandise|business line|line of business
1315	a room in a private house or establishment where people can sit and talk and relax	living room|living-room|sitting room|front room|parlor|parlour
1316	an electronic memory device	memory|computer memory|storage|computer storage|store|memory board
1317	synthetic narcotic drug similar to morphine but less habit-forming	methadone|methadone hydrochloride|methadon|dolophine hydrochloride|fixer|synthetic heroin
1318	a tranquilizer used to relieve anxiety and reduce tension and irritability	minor tranquilizer|minor tranquillizer|minor tranquilliser|antianxiety drug|anxiolytic|anxiolytic drug
1319	sculpture produced by molding	mold|mould|molding|moulding|modeling|clay sculpture
1320	the act of mixing together	mix|commixture|admixture|mixture|intermixture|mixing
1321	a holder attached to the gunwale of a boat that holds the oar in place and acts as a fulcrum for rowing	peg|pin|thole|tholepin|rowlock|oarlock
1322	a lightweight consumer electronic device that looks like a hand-held computer but instead performs specific tasks	personal digital assistant|PDA|personal organizer|personal organiser|organizer|organiser
1323	sound recording consisting of a disk with a continuous groove	phonograph record|phonograph recording|record|disk|disc|platter
1324	mercantile establishment consisting of a carefully landscaped complex of shops representing leading merchandisers	plaza|mall|center|shopping mall|shopping center|shopping centre
1325	van used by police to transport prisoners	police van|police wagon|paddy wagon|patrol wagon|wagon|black Maria
1326	the act of dividing or partitioning	division|partition|partitioning|segmentation|sectionalization|sectionalisation
1327	tavern consisting of a building with a bar and public rooms	public house|pub|saloon|pothouse|gin mill|taphouse
1328	an electronic receiver that detects and demodulates and amplifies transmitted signals	radio receiver|receiving set|radio set|radio|tuner|wireless
1329	a fireproof metal strongbox (usually in a bank) for storing valuables	safe-deposit|safe-deposit box|safety-deposit|safety deposit box|deposit box|lockbox
1330	regulator consisting of a valve or gate that controls the rate of water flow through a sluice	sluicegate|sluice valve|floodgate|penstock|head gate|water gate
1331	a ludicrous or grotesque act done for fun and amusement	antic|joke|prank|trick|caper|put-on
1332	an auxiliary activity	avocation|by-line|hobby|pursuit|sideline|spare-time activity
1333	an acrobatic feat in which the feet roll over the head (either forward or backward) and return	somersault|somerset|summersault|summerset|somersaulting|flip
1334	a truck consisting of a tractor and trailer together	trailer truck|tractor trailer|trucking rig|rig|articulated lorry|semi
1335	a short stout club used primarily by policemen	truncheon|nightstick|baton|billy|billystick|billy club
1336	electronic device consisting of a system of electrodes arranged in an evacuated glass or metal envelope	tube|vacuum tube|thermionic vacuum tube|thermionic tube|electron tube|thermionic valve
1337	receptacle providing a place in a wiring system where current can be taken to run electrical devices	wall socket|wall plug|electric outlet|electrical outlet|outlet|electric receptacle
1338	falsely emotional in a maudlin way	mawkishness|sentimentality|drippiness|mushiness|soupiness|sloppiness
1339	a lack of affection or enthusiasm	coldness|coolness|frigidity|frigidness|iciness|chilliness
1340	a rough and bitter manner	bitterness|acrimony|acerbity|jaundice|tartness|thorniness
1341	a manner that is serious and solemn	graveness|gravity|sobriety|soberness|somberness|sombreness
1342	a disposition to be friendly and approachable (easy to talk to)	affability|affableness|amiability|amiableness|bonhomie|geniality
1343	the trait of being effeminate (derogatory of a man)	effeminacy|effeminateness|sissiness|softness|womanishness|unmanliness
1344	the trait of acting unpredictably and more from whim or caprice than from reason or judgment	flightiness|arbitrariness|whimsicality|whimsy|whimsey|capriciousness
1345	a small contrasting part of something	spot|speckle|dapple|patch|fleck|maculation
1346	the quality of being disgusting to the senses or emotions	loathsomeness|repulsiveness|sliminess|vileness|lousiness|wickedness
1347	the quality of being magnificent or splendid or grand	magnificence|brilliance|splendor|splendour|grandeur|grandness
1348	the quality of lacking taste and refinement	coarseness|commonness|grossness|vulgarity|vulgarism|raunch
1349	free from obscurity and easy to understand	clarity|lucidity|lucidness|pellucidity|clearness|limpidity
1350	resolute adherence to your own ideas or desires	stubbornness|bullheadedness|obstinacy|obstinance|pigheadedness|self-will
1351	smug self-serving earnestness	fulsomeness|oiliness|oleaginousness|smarminess|unctuousness|unction
1352	the quality of being honest and straightforward in attitude and speech	candor|candour|candidness|frankness|directness|forthrightness
1353	extreme gluttony	edacity|esurience|rapaciousness|rapacity|voracity|voraciousness
1354	(behavioral attributes) the way a person behaves toward other people	demeanor|demeanour|behavior|behaviour|conduct|deportment
1355	a disposition free from stress or emotion	repose|quiet|placidity|serenity|tranquillity|tranquility
1356	an indication of radiant light drawn around the head of a saint	aura|aureole|halo|nimbus|glory|gloriole
1357	the quality of being bright and sending out rays of light	radiance|radiancy|shine|effulgence|refulgence|refulgency
1358	the property of having little or no contrast	flatness|lusterlessness|lustrelessness|mat|matt|matte
1359	a very dark black	coal black|ebony|jet black|pitch black|sable|soot black
1360	a shade of blue tinged with green	greenish blue|aqua|aquamarine|turquoise|cobalt blue|peacock blue
1361	any property detected by the olfactory system	olfactory property|smell|aroma|odor|odour|scent
1362	the quality of being luminous	luminosity|brightness|brightness level|luminance|luminousness|light
1363	possessing muscular strength	brawn|brawniness|muscle|muscularity|sinew|heftiness
1364	fortitude and determination	backbone|grit|guts|moxie|sand|gumption
1365	preceding in time	priority|antecedence|antecedency|anteriority|precedence|precedency
1366	the quality of happening with headlong haste or without warning	abruptness|precipitateness|precipitousness|precipitance|precipitancy|suddenness
1367	a game in which two players alternately put crosses and circles in one of the compartments of a square grid of nine spaces	ticktacktoe|ticktacktoo|tick-tack-toe|tic-tac-toe|tit-tat-toe|noughts and crosses
1368	the roundness of a 3-dimensional object	sphericity|sphericalness|globosity|globularness|rotundity|rotundness
1369	the amount a salary is increased	raise|rise|wage hike|hike|wage increase|salary increase
1370	an area in which something acts or operates or has power or control: "the range of a supersonic jet"	scope|range|reach|orbit|compass|ambit
1371	playful behavior intended to arouse sexual interest	flirt|flirting|flirtation|coquetry|dalliance|toying
1372	foolish or senseless behavior	folly|foolery|tomfoolery|craziness|lunacy|indulgence
1373	acting like a clown or buffoon	buffoonery|clowning|japery|frivolity|harlequinade|prank
1374	the quality of being encouraging or promising of a successful outcome	favorableness|favourableness|advantageousness|positivity|positiveness|profitableness
1375	the power or right to give orders or make decisions	authority|authorization|authorisation|potency|dominance|say-so
1376	informal terms for the mouth	trap|cakehole|hole|maw|yap|gob
1377	one of the four pointed conical teeth (two in each jaw) located between the incisors and the premolars	canine|canine tooth|eyetooth|eye tooth|dogtooth|cuspid
1378	the thick white fluid containing spermatozoa that is ejaculated by the male genital tract	semen|seed|seminal fluid|ejaculate|cum|come
1379	a fluid product of inflammation	pus|purulence|suppuration|ichor|sanies|festering
1380	a small motor nerve supplying the lateral rectus muscle of the eye	abducent|abducent nerve|abducens|abducens nerve|nervus abducens|sixth cranial nerve
1381	external sex organ	genitalia|genital organ|genitals|private parts|privates|crotch
1382	obscene terms for female genitals	cunt|puss|pussy|slit|snatch|twat
1383	a collection of lymphatic tissue in the throat behind the uvula (on the posterior wall and roof of the nasopharynx)	pharyngeal tonsil|adenoid|Luschka's tonsil|third tonsil|tonsilla pharyngealis|tonsilla adenoidea
1384	tubular passage of mucous membrane and muscle extending about 8.3 meters from mouth to anus	alimentary canal|alimentary tract|digestive tube|digestive tract|gastrointestinal tract|GI tract
1385	informal terms for a human head	attic|bean|bonce|noodle|noggin|dome
1386	the act of making a noisy disturbance	commotion|din|ruction|ruckus|rumpus|tumult
1387	a rapid active commotion	bustle|hustle|flurry|ado|fuss|stir
1388	either of two soft fleshy milk-secreting glandular organs on the chest of a woman	breast|bosom|knocker|boob|tit|titty
1389	the small projection of a mammary gland	nipple|mammilla|mamilla|pap|teat|tit
1390	a scar where the umbilical cord was attached	navel|umbilicus|bellybutton|belly button|omphalos|omphalus
1391	a leg bowed outward at the knee (or below the knee)	bowleg|bow leg|bandyleg|bandy leg|genu varum|tibia vara
1392	hinge joint between the forearm and upper arm and the corresponding joint in the forelimb of a quadruped	elbow|elbow joint|human elbow|cubitus|cubital joint|articulatio cubiti
1393	the series of vertebrae forming the axis of the skeleton and protecting the spinal cord	spinal column|vertebral column|spine|backbone|back|rachis
1394	a freely moving joint in which a sphere on the head of one bone fits into a rounded cavity in the other bone	ball-and-socket joint|spheroid joint|cotyloid joint|enarthrodial joint|enarthrosis|articulatio spheroidea
1395	sound practical judgment	common sense|good sense|gumption|horse sense|sense|mother wit
1396	mental ability	brain|brainpower|learning ability|mental capacity|mentality|wit
1397	(religion) the world of the dead	Hell|Hades|infernal region|netherworld|Scheol|underworld
1398	(Christianity) the abode of Satan and the forces of evil	Hell|perdition|Inferno|infernal region|nether region|pit
1399	unskillfulness resulting from a lack of training	awkwardness|clumsiness|ineptness|ineptitude|maladroitness|slowness
1400	a central cohesive source of support and stability	anchor|mainstay|keystone|backbone|linchpin|lynchpin
1401	freedom from doubt	assurance|self-assurance|confidence|self-confidence|authority|sureness
1402	the state of being unsure of something	doubt|uncertainty|incertitude|dubiety|doubtfulness|dubiousness
1403	the concentration of attention or energy on something	focus|focusing|focussing|focal point|direction|centering
1404	an unelaborated elementary awareness of stimulation	sensation|esthesis|aesthesis|sense experience|sense impression|sense datum
1405	an interest followed with exaggerated zeal	fad|craze|furor|furore|cult|rage
1406	the process of using your mind to consider something carefully	thinking|thought|thought process|cerebration|intellection|mentation
1407	a calm, lengthy, intent consideration	contemplation|reflection|reflexion|rumination|musing|thoughtfulness
1408	the fundamental assumptions from which something is begun or developed or calculated or explained	basis|base|foundation|fundament|groundwork|cornerstone
1409	the elementary stages of any subject (usually plural)	rudiments|first principles|alphabet|ABC|ABC's|ABCs
1410	something existing in perception only	apparition|phantom|phantasm|phantasma|fantasm|shadow
1411	a mental representation of some haunting experience	ghost|shade|spook|wraith|specter|spectre
1412	the visual percept of a region	view|aspect|prospect|scene|vista|panorama
1413	an opinion formed beforehand without adequate evidence	preconception|prepossession|parti pris|preconceived opinion|preconceived idea|preconceived notion
1414	(physiology) the principle that specific functions have relatively circumscribed locations in some particular part or organ of the body	localization of function|localisation of function|localization principle|localisation principle|localization|localisation
1415	an escape from jail	break|breakout|jailbreak|gaolbreak|prisonbreak|prison-breaking
1416	(linguistics) the form of a word after all affixes are removed	root|root word|base|stem|theme|radical
1417	a familiar name for a person (often a shortened version of a person's given name)	nickname|moniker|cognomen|sobriquet|soubriquet|byname
1418	a headline with the top line flush left and succeeding lines indented to the right	dropline|drop line|stepped line|stagger head|staggered head|stephead
1419	the act of counting	count|counting|numeration|enumeration|reckoning|tally
1420	an English translation of the Vulgate by Roman Catholic scholars	Douay Bible|Douay Version|Douay-Rheims Bible|Douay-Rheims Version|Rheims-Douay Bible|Rheims-Douay Version
1421	an analysis of a specific job in an effort to find the most efficient method in terms of time and effort	time and motion study|time-and-motion study|time-motion study|motion study|time study|work study
1422	(computer science) written programs or procedures or rules and associated documentation pertaining to the operation of a computer system and that are stored in 	software|software program|computer software|software system|software package|package
1423	unacceptable behavior (especially ludicrously false statements)	bunk|bunkum|buncombe|guff|rot|hogwash
1424	an indication of potential opportunity	tip|lead|steer|confidential information|wind|hint
1425	formal and explicit approval	sanction|countenance|endorsement|indorsement|warrant|imprimatur
1426	an award for winning a championship or commemorating some other event	decoration|laurel wreath|medal|medallion|palm|ribbon
1427	a false accusation of an offense or a malicious misrepresentation of someone's words or actions	defamation|calumny|calumniation|obloquy|traducement|hatchet job
1428	an impudent or insolent rejoinder	sass|sassing|backtalk|back talk|lip|mouth
1429	a mistake in printed matter resulting from mechanical failures of some kind	misprint|erratum|typographical error|typo|literal error|literal
1430	a sign posted in a public place as an advertisement	poster|posting|placard|notice|bill|card
1431	a punctuation mark (/) used to separate related items of information	solidus|slash|virgule|diagonal|stroke|separatrix
1432	the northern family of Germanic languages that are spoken in Scandinavia and Iceland	Scandinavian|Scandinavian language|Nordic|Norse|North Germanic|North Germanic language
1433	the Uralic language spoken by the Yeniseian	Enets|Entsi|Entsy|Yenisei|Yenisei-Samoyed|Yeniseian
1434	a large family of related languages spoken both in Asia and Africa	Afroasiatic|Afro-Asiatic|Afroasiatic language|Afrasian|Afrasian language|Hamito-Semitic
1435	a technique used in behavior therapy to treat phobias and other behavior problems involving anxiety	desensitization technique|desensitisation technique|desensitization procedure|desensitisation procedure|systematic desensitization|systematic desensitisation
1436	a noisy mock serenade (made by banging pans and kettles) to a newly married couple	shivaree|chivaree|charivari|callithump|callathump|belling
1437	a genre of popular music originating in the 1950s	rock 'n' roll|rock'n'roll|rock-and-roll|rock and roll|rock|rock music
1438	the manner in which something is expressed in words	wording|diction|phrasing|phraseology|choice of words|verbiage
1439	the sound made by the vibration of vocal folds modified by the resonance of the vocal tract	voice|vocalization|vocalisation|vocalism|phonation|vox
1440	a consonant produced by stopping the flow of air at some point and suddenly releasing it	stop consonant|stop|occlusive|plosive consonant|plosive speech sound|plosive
1441	a loud utterance	cry|outcry|call|yell|shout|vociferation
1442	sharp piercing cry	scream|screaming|shriek|shrieking|screech|screeching
1443	empty rhetoric or insincere or exaggerated talk	wind|malarkey|malarky|idle words|jazz|nothingness
1444	an angry dispute	quarrel|wrangle|row|words|run-in|dustup
1445	a complaint uttered in a low and indistinct tone	grumble|grumbling|murmur|murmuring|mutter|muttering
1446	a public promotion of some product or service	ad|advertisement|advertizement|advertising|advertizing|advert
1447	a sign of something about to happen	omen|portent|presage|prognostic|prognostication|prodigy
1448	a personal or social separation (as between opposing factions)	rupture|breach|break|severance|rift|falling out
1449	the sound of a horse's hoofs hitting on a hard surface	clip-clop|clippety-clop|clop|clopping|clunking|clumping
1450	a low continuous indistinct sound	mutter|muttering|murmur|murmuring|murmuration|mussitation
1451	a high-pitched noise resembling a human cry	screech|screeching|shriek|shrieking|scream|screaming
1452	the seaward undercurrent created after waves have broken on the shore	undertow|sea puss|sea-puss|sea purse|sea-purse|sea-poose
1453	an easy victory	runaway|blowout|romp|laugher|shoo-in|walkaway
1454	hate coupled with disgust	abhorrence|abomination|detestation|execration|loathing|odium
1455	the use of tricks to deceive someone (usually to extract money from them)	trickery|chicanery|chicane|guile|wile|shenanigan
1456	something intended to deceive	fraud|fraudulence|dupery|hoax|humbug|put-on
1457	any substance that can be used as food	comestible|edible|eatable|pabulum|victual|victuals
1458	a digestible substance used to give color to food	coloring|colouring|food coloring|food colouring|food color|food colour
1459	a wad of something chewable as tobacco	chew|chaw|cud|quid|plug|wad
1460	a Russian or Polish soup usually containing beet juice as a foundation	borsch|borsh|borscht|borsht|borshch|bortsch
1461	an edible tuber native to South America	potato|white potato|Irish potato|murphy|spud|tater
1462	pod of the peanut vine containing usually 2 nuts or seeds	peanut|earthnut|goober|goober pea|groundnut|monkey nut
1463	something added to food primarily for the savor it imparts	flavorer|flavourer|flavoring|flavouring|seasoner|seasoning
1464	a human being	person|individual|someone|somebody|mortal|soul
1465	a usually brief attempt	crack|fling|go|pass|whirl|offer
1466	a compact mass	ball|clod|glob|lump|clump|chunk
1467	a collection of objects laid on top of each other	pile|heap|mound|agglomerate|cumulation|cumulus
1468	group of people related by blood or marriage	kin|kin group|kinship group|kindred|clan|tribe
1469	a series of actions advancing a principle or tending toward a particular end	campaign|cause|crusade|drive|movement|effort
1470	a suite of furniture for the living room	livingroom suite|livingroom set|living-room suite|living-room set|living room suite|living room set
1471	a clandestine group of southeast Asian terrorists organized in 1993 and trained by al-Qaeda	Jemaah Islamiyah|JI|Islamic Group|Islamic Community|Malaysian Mujahidin Group|Malaysia Militant Group
1472	a brutal terrorist group active in Kashmir	Lashkar-e-Taiba|Lashkar-e-Toiba|Lashkar-e-Tayyiba|LET|Army of the Pure|Army of the Righteous
1473	a terrorist organization in Sri Lanka that began in 1970 as a student protest over the limited university access for Tamil students	Liberation Tigers of Tamil Eelam|LTTE|Tamil Tigers|Tigers|World Tamil Association|World Tamil Movement
1474	a business engaged in the manufacture of automobiles	car manufacturer|car maker|carmaker|auto manufacturer|auto maker|automaker
1475	the last imperial dynasty of China (from 1644 to 1912) which was overthrown by revolutionaries	Qing|Qing dynasty|Ch'ing|Ch'ing dynasty|Manchu|Manchu dynasty
1476	the lower legislative house of the United States Congress	United States House of Representatives|U.S. House of Representatives|US House of Representatives|House of Representatives|U.S. House|US House
1477	the common people generally	multitude|masses|mass|hoi polloi|people|the great unwashed
1478	an amphibious division of the United States Navy	United States Marine Corps|United States Marines|Marine Corps|US Marine Corps|USMC|Marines
1479	an exclusive circle of people with a common purpose	clique|coterie|ingroup|inner circle|pack|camp
1480	a Chinese system of slow meditative physical exercise designed for relaxation and balance and health	t'ai chi|tai chi|t'ai chi chuan|tai chi chuan|taichi|taichichuan
1481	an administrative unit of government	agency|federal agency|government agency|bureau|office|authority
1482	an agency to collects news reports for newspapers and distributes it electronically	news agency|press agency|wire service|press association|news organization|news organisation
1483	a camel cavalry used in the early modern era by Arab, Afghan, Persian, and Indian armies	zumbooruk|zumbooruck|zamburek|zamboorak|zamburak|camel cavalry
1484	the act of pairing a male and female for reproductive purposes	coupling|mating|pairing|conjugation|union|sexual union
1485	the imperial dynasty of China from 1122 to 221 BC	Zhou|Zhou dynasty|Chou|Chou dynasty|Chow|Chow dynasty
1486	the country where you were born	fatherland|homeland|motherland|mother country|country of origin|native land
1487	a region in which active military operations are in progress	field|field of operations|theater|theater of operations|theatre|theatre of operations
1488	any place of complete bliss and delight and peace	Eden|paradise|nirvana|heaven|promised land|Shangri-la
1489	sleeping for a short period of time (usually not in bed)	nap|catnap|light sleep|short sleep|forty winks|snooze
1490	any place of pain and turmoil	hell|hell on earth|hellhole|snake pit|the pits|inferno
1491	the top or extreme point of something (usually a mountain or hill)	peak|crown|crest|top|tip|summit
1492	(astrology) one of 12 equal areas into which the zodiac is divided	sign of the zodiac|star sign|sign|mansion|house|planetary house
1493	the activities of educating or instructing	education|instruction|teaching|pedagogy|didactics|educational activity
1494	a monarchy in northwestern Europe occupying most of the British Isles	United Kingdom|UK|U.K.|Britain|United Kingdom of Great Britain and Northern Ireland|Great Britain
1495	the act of apprehending (especially apprehending a criminal)	apprehension|arrest|catch|collar|pinch|taking into custody
1496	a method of examining body organs by scanning them with X rays and using a computer to construct a series of cross-sectional scans along a single axis	computerized tomography|computed tomography|CT|computerized axial tomography|computed axial tomography|CAT
1497	a landlocked republic in eastern Europe	Belarus|Republic of Belarus|Byelarus|Byelorussia|Belorussia|White Russia
1498	a landlocked mountainous republic in southeast central Asia to the north of Afghanistan	Tajikistan|Republic of Tajikistan|Tadzhikistan|Tadzhik|Tadjik|Tajik
1499	the southern states that seceded from the United States in 1861	Confederacy|Confederate States|Confederate States of America|South|Dixie|Dixieland
1500	a state in the western United States	Nevada|Silver State|Battle Born State|Sagebrush State|NV|Nev.
1501	an upward slope or grade (as in a road)	ascent|acclivity|rise|raise|climb|upgrade
1502	a group of seven bright stars in the constellation Ursa Major	Big Dipper|Dipper|Plough|Charles's Wain|Wain|Wagon
1503	(geology) a crack in the earth's crust resulting from the displacement of one side with respect to the other	fault|faulting|geological fault|shift|fracture|break
1504	the solid part of the earth's surface	land|dry land|earth|ground|solid ground|terra firma
1505	a series of hills or mountains	range|mountain range|range of mountains|chain|mountain chain|chain of mountains
1506	everything that exists anywhere	universe|existence|creation|world|cosmos|macrocosm
1507	the act of using	use|usage|utilization|utilisation|employment|exercise
1508	the longest river of Asia	Chang Jiang|Changjiang|Chang|Yangtze|Yangtze River|Yangtze Kiang
1509	(Islam) an invisible spirit mentioned in the Koran and believed by Muslims to inhabit the earth and influence mankind by appearing in the form of humans or anim	genie|jinni|jinnee|djinni|djinny|djinn
1510	the act of stripping and taking by force	spoil|spoliation|spoilation|despoilation|despoilment|despoliation
1511	a member of an indigenous nomadic people living in northern Scandinavia and herding reindeer	Lapp|Lapplander|Sami|Saami|Same|Saame
1512	a lawyer who pleads cases in court	advocate|counsel|counselor|counsellor|counselor-at-law|pleader
1513	someone who humbles himself as a sign of respect	apple polisher|bootlicker|fawner|groveller|groveler|truckler
1514	the illegitimate offspring of unmarried parents	bastard|by-blow|love child|illegitimate child|illegitimate|whoreson
1515	a very boastful and talkative person	bragger|braggart|boaster|blowhard|line-shooter|vaunter
1516	a close friend who accompanies his buddies in their activities	buddy|brother|chum|crony|pal|sidekick
1517	someone who is morally reprehensible	cad|bounder|blackguard|dog|hound|heel
1518	the civil and religious leader of a Muslim state considered to be a representative of Allah on earth	caliph|calif|kaliph|kalif|khalif|khalifah
1519	an obnoxious and foolish and loquacious talker	chatterer|babbler|prater|chatterbox|magpie|spouter
1520	an extreme bellicose nationalist	chauvinist|jingoist|jingo|flag-waver|hundred-percenter|patrioteer
1521	a whimsically eccentric person	crackpot|crank|nut|nut case|fruitcake|screwball
1522	(informal) with great speed or effort or intensity	like hell|like mad|like crazy|like sin|like thunder|like the devil
1523	in a stubborn unregenerate manner	stubbornly|pig-headedly|obdurately|mulishly|obstinately|cussedly
1524	apart from others	individually|separately|singly|severally|one by one|on an individual basis
1525	used to indicate that a statement explains or supports a previous statement	anyhow|anyway|anyways|in any case|at any rate|in any event
1526	with unflagging resolve	endlessly|ceaselessly|incessantly|unceasingly|unendingly|continuously
1527	by chance	possibly|perchance|perhaps|maybe|mayhap|peradventure
1528	without question and beyond doubt	decidedly|unquestionably|emphatically|definitely|in spades|by all odds
1529	in a joyous manner	happily|merrily|mirthfully|gayly|blithely|jubilantly
1530	in a terrible manner	terribly|atrociously|awfully|abominably|abysmally|rottenly
1531	to a very great degree or extent	a lot|lots|a good deal|a great deal|much|very much
1532	happening at a time subsequent to a reference time	subsequently|later|afterwards|afterward|after|later on
1533	in a forward direction	ahead|onward|onwards|forward|forwards|forrader
1534	at or to or toward the front	forward|forwards|frontward|frontwards|forrad|forrard
1535	with speed	quickly|rapidly|speedily|chop-chop|apace|in short order
1536	to stress, single out as important	stress|emphasize|emphasise|punctuate|accent|accentuate
1537	make reference to	mention|advert|bring up|cite|name|refer
1538	let saliva drivel from the mouth	drivel|drool|slabber|slaver|slobber|dribble
1539	act on verbally or in some form of artistic expression	cover|treat|handle|plow|deal|address
1540	emit long loud cries	howl|ululate|wail|roar|yawl|yaup
1541	talk in a noisy, excited, or declamatory manner	rant|mouth off|jabber|spout|rabbit on|rave
1542	come out better in a competition, race, or conflict	beat|beat out|crush|shell|trounce|vanquish
1543	defeat someone through trickery or deceit	cheat|chouse|shaft|screw|chicane|jockey
1544	beat through cleverness and wit	outwit|overreach|outsmart|outfox|beat|circumvent
1545	hold back, as of a danger or an enemy	check|turn back|arrest|stop|contain|hold back
1546	place a bet on	bet on|back|gage|stake|game|punt
1547	reverse (a direction, attitude, or course of action)	interchange|tack|switch|alternate|flip|flip-flop
1548	curl tightly	crimp|crape|frizzle|frizz|kink up|kink
1549	get rid of (someone who may be a threat) by killing	neutralize|neutralise|liquidate|waste|knock off|do in
1550	stick to firmly	adhere|hold fast|bond|bind|stick|stick to
1551	have an effect upon	affect|impact|bear upon|bear on|touch on|touch
1552	dash a liquid upon or against	spatter|splatter|plash|splash|splosh|swash
1553	strip of feathers	pluck|pull|tear|deplume|deplumate|displume
1554	squeeze or press together	compress|constrict|squeeze|compact|contract|press
1555	hit hard	sock|bop|whop|whap|bonk|bash
1556	beat thoroughly and conclusively in a competition or fight	cream|bat|clobber|drub|thrash|lick
1557	move or arrange oneself in a comfortable and cozy position	cuddle|snuggle|nestle|nest|nuzzle|draw close
1558	get sexual gratification through self-stimulation	masturbate|wank|fuck off|she-bop|jack off|jerk off
1559	send from one person or place to another	transmit|transfer|transport|channel|channelize|channelise
1560	squeeze tightly between the fingers	pinch|squeeze|twinge|tweet|nip|twitch
1561	put out or expel from a place	eject|chuck out|exclude|turf out|boot out|turn out
1562	remove (cargo, people, etc.) from and leave	drop|drop off|set down|put down|unload|discharge
1563	put into a certain place or abstract location	put|set|place|pose|position|lay
1564	cause to move back by force or influence	repel|drive|repulse|force back|push back|beat back
1565	spin, wind, or twist together	intertwine|twine|entwine|enlace|interlace|lace
1566	crowd or pack to capacity	jam|jampack|ram|chock up|cram|wad
1567	make soiled, filthy, or dirty	dirty|soil|begrime|grime|colly|bemire
1568	sit on one's heels	squat|crouch|scrunch|scrunch up|hunker|hunker down
1569	collect or gather	accumulate|cumulate|conglomerate|pile up|gather|amass
1570	come up with (an idea, plan, explanation, theory, or principle) after a mental effort	invent|contrive|devise|excogitate|formulate|forge
1571	give an incentive for action	motivate|actuate|propel|move|prompt|incite
1572	arrange by systematic planning and united effort	organize|organise|prepare|devise|get up|machinate
1573	create by putting components or members together	assemble|piece|put together|set up|tack|tack together
1574	make something, usually for a specific function	shape|form|work|mold|mould|forge
1575	make more attractive by adding ornament, colour, etc.	decorate|adorn|grace|ornament|embellish|beautify
1576	arouse or excite feelings and passions	inflame|stir up|wake|ignite|heat|fire up
1577	hurt the feelings of	hurt|wound|injure|bruise|offend|spite
1578	treat cruelly	torment|rag|bedevil|crucify|dun|frustrate
1579	ingratiate oneself to	cozy up|cotton up|shine up|play up|sidle up|suck up
1580	overcome, as with emotions or perceptual stimuli	overwhelm|overpower|sweep over|whelm|overcome|overtake
1581	fill with sublime emotion	exhilarate|tickle pink|inebriate|thrill|exalt|beatify
1582	to move in a twisting or contorted motion, (especially when struggling)	writhe|wrestle|wriggle|worm|squirm|twist
1583	place, fit, or thrust (something) into another thing	insert|enclose|inclose|stick in|put in|introduce
1584	cause to become awake or conscious	awaken|wake|waken|rouse|wake up|arouse
1585	walk unsteadily	toddle|coggle|totter|dodder|paddle|waddle
1586	walk heavily and firmly, as when weary, or through mud	slog|footslog|plod|trudge|pad|tramp
1587	walk through mud or mire	squelch|squish|splash|splosh|slosh|slop
1588	walk as if unable to control one's movements	stagger|reel|keel|lurch|swag|careen
1589	move forward, also in the metaphorical sense	advance|progress|pass on|move on|march on|go on
1590	reach a destination, either real or abstract	reach|make|attain|hit|arrive at|gain
1591	come together	meet|run into|encounter|run across|come across|see
1592	move past	travel by|pass by|surpass|go past|go by|pass
1593	to lag or linger behind	drag|trail|get behind|hang back|drop behind|drop back
1594	run or move very quickly or hastily	dart|dash|scoot|scud|flash|shoot
1595	show submission or fear	fawn|crawl|creep|cringe|cower|grovel
1596	transmit or serve as the medium for transmission	impart|conduct|transmit|convey|carry|channel
1597	make oneself visible	come to the fore|step forward|come forward|step up|step to the fore|come out
1598	administer an anesthetic drug to	anesthetize|anaesthetize|anesthetise|anaesthetise|put under|put out
1599	look through a book or other written material	flick|flip|thumb|riffle|leaf|riff
1600	cover with liquid	drench|douse|dowse|soak|sop|souse
1601	make a high-pitched, screeching noise	whine|squeak|screech|creak|screak|skreak
1602	flow in an irregular current with a bubbling noise	ripple|babble|guggle|burble|bubble|gurgle
1603	make a soft swishing sound	whizz|whiz|whirr|whir|birr|purr
1604	become quiet or quieter	quieten|hush|quiet|quiesce|quiet down|pipe down
1605	deaden (a sound or noise), especially by wrapping	muffle|mute|dull|damp|dampen|tone down
1606	engage for service under a term of contract	lease|rent|hire|charter|engage|take
1607	place into the hands or custody of	pass|hand|reach|pass on|turn over|give
1608	cause to be alert and energetic	stimulate|arouse|brace|energize|energise|perk up
1609	sell or offer for sale from place to place	peddle|monger|huckster|hawk|vend|pitch
1610	lose (s.th.) or lose the right to (s.th.) by some error, offense, or crime	forfeit|give up|throw overboard|waive|forgo|forego
1611	save up as for future use	hoard|stash|cache|lay away|hive up|squirrel away
1612	take by theft	hook|snitch|thieve|cop|knock off|glom
1613	bestow a quality on	lend|impart|bestow|contribute|add|bring
1614	place limits on (extent or amount or access)	restrict|trammel|limit|bound|confine|throttle
1615	teach or refine to be discriminative in taste or judgment	educate|school|train|cultivate|civilize|civilise
1616	give a promotion to or assign to a higher position	promote|upgrade|advance|kick upstairs|raise|elevate
1617	remove from a position or office	oust|throw out|drum out|boot out|kick out|expel
1618	grant freedom to	free|liberate|release|unloose|unloosen|loose
1619	put down by force or intimidation	repress|quash|keep down|subdue|subjugate|reduce
1620	discontinue an association or relation	separate|part|split up|split|break|break up
1621	be behind	back|endorse|indorse|plump for|plunk for|support
1622	separate into parts or portions	divide|split|split up|separate|dissever|carve up
1623	give qualities or abilities to	endow|indue|gift|empower|invest|endue
1624	declare invalid	invalidate|annul|quash|void|avoid|nullify
1625	treat badly	mistreat|maltreat|abuse|ill-use|step|ill-treat
1626	succeed at easily	breeze through|ace|pass with flying colors|sweep through|sail through|nail
1627	put to the test, as for its quality, or give experimental use to	test|prove|try|try out|examine|essay
1628	do without or cease to hold or adhere to	waive|relinquish|forgo|forego|foreswear|dispense with
1629	destroy property or hinder normal operations	sabotage|undermine|countermine|counteract|subvert|weaken
1630	cause to feel relaxed	relax|unstrain|unlax|loosen up|unwind|make relaxed
1631	manage one's existence barely	scrape along|scrape by|scratch along|squeak by|squeeze by|rub along
1632	exert oneself continuously, vigorously, or obtrusively to gain an end or engage in a crusade for a certain cause or person	crusade|fight|press|campaign|push|agitate
1633	become less tense, rest, or take one's ease	relax|loosen up|unbend|unwind|decompress|slow down
1634	be superior or better than some standard	exceed|transcend|overstep|pass|go past|top
1635	center upon	focus on|center on|revolve around|revolve about|concentrate on|center
1636	force into some kind of situation, condition, or course of action	embroil|tangle|sweep|sweep up|drag|drag in
1637	put an end to a state or an activity	discontinue|stop|cease|give up|quit|lay off
1638	be earlier in time	predate|precede|forego|forgo|antecede|antedate
1639	be beautiful to look at	deck|adorn|decorate|grace|embellish|beautify
1640	start to burn or burst into flames	erupt|ignite|catch fire|take fire|combust|conflagrate
1641	thrust or extend out	exsert|stretch out|put out|extend|hold out|stretch forth
1642	erupt or intensify suddenly	erupt|irrupt|flare up|flare|break open|burst out
1643	finally be or do something	finish up|land up|fetch up|end up|wind up|finish
1644	become or cause to become soft or liquid	dissolve|thaw|unfreeze|unthaw|dethaw|melt
1645	cause extensive destruction or ruin utterly	lay waste to|waste|devastate|desolate|ravage|scourge
1646	make ready or suitable or equip in advance for a particular purpose or for some use, event, etc	fix|prepare|set up|ready|gear up|set
1647	disappear gradually	evanesce|fade|blow over|pass off|fleet|pass
1648	take off weight	reduce|melt off|slim|slenderize|thin|slim down
1649	cause to be quiet or not talk	hush|quieten|silence|still|shut up|hush up
1650	become bubbly or frothy or foaming	foam|froth|fizz|effervesce|sparkle|form bubbles
1651	come out of	issue|emerge|come out|come forth|go forth|egress
1652	make famous forever	immortalize|immortalise|eternize|eternise|eternalize|eternalise
1653	prevent from being included or considered or accepted	exclude|except|leave out|leave off|omit|take out
1654	interpret in the wrong way	misconstrue|misinterpret|misconceive|misunderstand|misapprehend|be amiss
1655	expect, believe, or suppose	think|opine|suppose|imagine|reckon|guess
1656	find the solution to (a problem or question) or understand the meaning of	solve|work out|figure out|puzzle out|lick|work
1657	arrange or order by classes or categories	classify|class|sort|assort|sort out|separate
1658	assign a rank or rating to	rate|rank|range|order|grade|place
1659	put a check mark on or near or next to	check|check off|mark|mark off|tick off|tick
1660	establish or strengthen as with new evidence or facts	confirm|corroborate|sustain|substantiate|support|affirm
1661	evaluate or estimate the nature, quality, ability, extent, or significance of	measure|evaluate|valuate|assess|appraise|value
1662	plan and direct (a complex undertaking)	mastermind|engineer|direct|organize|organise|orchestrate
1663	judge to be probable	calculate|estimate|reckon|count on|figure|forecast
1664	define clearly	pin down|peg down|nail down|narrow down|narrow|specify
1665	direct one's attention on something	concentrate|focus|center|centre|pore|rivet
1666	be fully aware or cognizant of	recognize|recognise|realize|realise|agnize|agnise
1667	ask for or request earnestly	bid|beseech|entreat|adjure|press|conjure
1668	cause to do	induce|stimulate|cause|have|get|make
1669	argue over petty things	quibble|niggle|pettifog|bicker|squabble|brabble
1670	cast a spell over someone or something	hex|bewitch|glamour|witch|enchant|jinx
1671	attract strongly, as if with a magnet	magnetize|mesmerize|mesmerise|magnetise|bewitch|spellbind
1672	answer back	retort|come back|repay|return|riposte|rejoin
1673	conceal one's true motives from especially by elaborately feigning good intentions so as to gain an end	bamboozle|snow|hoodwink|pull the wool over someone's eyes|lead by the nose|play false
1674	attack in speech or writing	attack|round|assail|lash out|snipe|assault
1675	inform (somebody) of something	advise|notify|give notice|send word|apprise|apprize
1676	pronounce not guilty of criminal charges	acquit|assoil|clear|discharge|exonerate|exculpate
1677	twist suddenly so as to sprain	twist|sprain|wrench|turn|wrick|rick
1678	express complaints, discontent, displeasure, or unhappiness	complain|kick|plain|sound off|quetch|kvetch
1679	utter aloud	exclaim|cry|cry out|outcry|call out|shout
1680	to insert between other elements	interject|come in|interpose|put in|throw in|inject
1681	go back to bad behavior	relapse|lapse|recidivate|regress|retrogress|fall back
1682	express in speech	talk|speak|utter|mouth|verbalize|verbalise
1683	decide upon or fix definitely	specify|set|determine|define|fix|limit
1684	to say, state, or perform again	repeat|reiterate|ingeminate|iterate|restate|retell
1685	cater to popular taste to make popular and present to the general public	popularize|popularise|vulgarize|vulgarise|generalize|generalise
1686	speak, pronounce, or utter in a certain way	pronounce|articulate|enounce|sound out|enunciate|say
1687	serving to set in motion	inaugural|initiative|initiatory|first|maiden
1688	representing or constituting an original type after which other similar things are patterned	archetypal|archetypical|prototypal|prototypic|prototypical
1689	have legs that curve outward at the knees	bandy|bandy-legged|bowed|bowleg|bowlegged
1690	limited to or caring only about yourself and your own needs	egoistic|egoistical|egocentric|self-centered|self-centred
1691	(of hair) in small tight curls	crisp|frizzly|frizzy|kinky|nappy
1692	originating where it is found	autochthonal|autochthonic|autochthonous|endemic|indigenous
1693	(of events) having extremely unfortunate or dire consequences	black|calamitous|disastrous|fatal|fateful
1694	marked by or promising bad fortune	doomed|ill-fated|ill-omened|ill-starred|unlucky
1695	having an unpleasant smell	malodorous|malodourous|unpleasant-smelling|ill-smelling|stinky
1696	most frequent or common	prevailing|prevalent|predominant|dominant|rife
1697	deficient in amount or quality or extent	meager|meagre|meagerly|stingy|scrimpy
1698	covered with water	afloat(p)|awash(p)|flooded|inundated|overflowing
1699	giving or spending with reluctance	cheeseparing|close|near|penny-pinching|skinny
1700	fraudulent	bogus|fake|phony|phoney|bastard
1701	resembling swine	hoggish|piggish|piggy|porcine|swinish
1702	showing the cunning or ingenuity or wickedness typical of a devil	devilish|diabolic|diabolical|mephistophelian|mephistophelean
1703	brusque and surly and forbidding	crusty|curmudgeonly|gruff|ill-humored|ill-humoured
1704	lacking grace in movement or posture	gawky|clumsy|clunky|ungainly|unwieldy
1705	one thing at a time	bit-by-bit|in small stages|piecemeal|step-by-step|stepwise
1706	marked by extreme anger	angered|enraged|furious|infuriated|maddened
1707	acting with a specific goal	calculating|calculative|conniving|scheming|shrewd
1708	of speech sounds produced by forcing air through a constricted passage (as `f', `s', `z', or `th' in both `thin' and `then')	fricative|continuant|sibilant|spirant|strident
1709	showing unfeeling resistance to tender feelings	flinty|flint|granitic|obdurate|stony
1710	involving or characterized by harmony	consonant|harmonic|harmonical|harmonized|harmonised
1711	of or pertaining to arthritis	arthritic|creaky|rheumatic|rheumatoid|rheumy
1712	abnormally distended especially by fluids or gas	puffy|intumescent|tumescent|tumid|turgid
1713	relating to or befitting Paradise	paradisiacal|paradisiac|paradisaical|paradisaic|paradisal
1714	consisting of a haphazard assortment of different kinds	assorted|miscellaneous|mixed|motley|sundry(a)
1715	having or making a high-pitched sound such as that made by a mouse or a rusty hinge	screaky|screechy|squeaking|squeaky|squealing
1716	(of words) formed in imitation of a natural sound	echoic|imitative|onomatopoeic|onomatopoeical|onomatopoetic
1717	departing or being caused to depart from the true vertical or horizontal	atilt|canted|leaning|tilted|tipped
1718	having branches or flower heads that bend downward	cernuous|drooping|nodding|pendulous|weeping
1719	providing no shelter or sustenance	bare|barren|bleak|desolate|stark
1720	growing or remaining under water	subaqueous|subaquatic|submerged|submersed|underwater
1721	pleasantly cold and invigorating	crisp|frosty|nipping|nippy|snappy
1722	of plants that bloom during the spring	spring-flowering|early-flowering|spring-blooming|early-blooming|late-spring-blooming
1723	marked by humanistic values and devotion to human welfare	human-centered|human-centred|humanist|humanistic|humanitarian
1724	resembling a beast	beastly|bestial|brute(a)|brutish|brutal
1725	extremely hungry	famished|ravenous|sharp-set|starved|esurient
1726	done with very great haste and without due deliberation	hasty|overhasty|precipitate|precipitant|precipitous
1727	of the greatest importance	all-important(a)|all important(p)|crucial|essential|of the essence(p)
1728	serving as an essential component	cardinal|central|fundamental|key|primal
1729	most important element	chief(a)|main(a)|primary(a)|principal(a)|master(a)
1730	inspiring awe or admiration or wonder	amazing|awe-inspiring|awesome|awful|awing
1731	(usually followed by `to') naturally disposed toward	apt(p)|disposed(p)|given(p)|minded(p)|tending(p)
1732	capable of arousing and holding the attention	absorbing|engrossing|fascinating|gripping|riveting
1733	existing as an essential constituent or characteristic	built-in|constitutional|inbuilt|inherent|integral
1734	tending to impart new life and vigor to	renewing|restorative|reviving|revitalizing|revitalising
1735	showing sorrow	dolorous|dolourous|lachrymose|tearful|weeping
1736	feeling great rapture or delight	ecstatic|enraptured|rapturous|rapt|rhapsodic
1737	(used informally) very large	humongous|banging|thumping|whopping|walloping
1738	distributed or sold illicitly	bootleg|black|black-market|contraband|smuggled
1739	contrary to or forbidden by law	illegitimate|illicit|outlaw(a)|outlawed|unlawful
1740	relatively long in duration	drawn-out|extended|lengthy|prolonged|protracted
1741	affording an abundant supply	ample|copious|plenteous|plentiful|rich
1742	fitting snugly	tight-fitting|tightfitting|tight fitting|tightly fitting|skinny
1743	covered with heavy steel	armor-clad|armour-clad|armor-plated|armour-plated|steel-plated
1744	in danger of the eternal punishment of Hell	cursed|damned|doomed|unredeemed|unsaved
1745	having a sweet nature befitting an angel or cherub	angelic|angelical|cherubic|seraphic|sweet
1746	indicating the most important performer or role	leading(p)|prima(p)|star(p)|starring(p)|stellar(a)
1747	characteristic of a man	male|manful|manlike|manly|virile
1748	resembling the unthinking functioning of a machine	automatic|automatonlike|machinelike|robotlike|robotic
1749	pleasing to the ear	dulcet|honeyed|mellifluous|mellisonant|sweet
1750	marked by extreme intensity of emotions or convictions	fierce|tearing|vehement|violent|trigger-happy
1751	capable of being moved or conveyed from one place to another	movable|moveable|transferable|transferrable|transportable
1752	produced or growing in extreme abundance	exuberant|lush|luxuriant|profuse|riotous
1753	involving the entire earth	global|planetary|world(a)|worldwide|world-wide
1754	not genuine or real	fake|false|faux|imitation|simulated
1755	belonging to or befitting a supreme ruler	imperial|majestic|purple|regal|royal
1756	habitually disposed to disobedience and opposition	froward|headstrong|self-willed|willful|wilful
1757	offensive to the mind	abhorrent|detestable|obscene|repugnant|repulsive
1758	(used especially of ideas or principles) deeply rooted	deep-rooted|deep-seated|implanted|ingrained|planted
1759	noisy and lacking in restraint or discipline	boisterous|rambunctious|robustious|rumbustious|unruly
1760	in regular succession without gaps	consecutive|sequent|sequential|serial|successive
1761	not special in any way	run-of-the-mill|run-of-the-mine|mine run|unexceptional|undistinguished
1762	far beyond what is usual in magnitude or degree	exceeding|exceptional|olympian|prodigious|surpassing
1763	covered with or as if with clothes or a wrap or cloak	cloaked|clothed|draped|mantled|wrapped
1764	for which money is paid	compensable|paying(a)|remunerative|salaried|stipendiary
1765	costing nothing	complimentary|costless|free|gratis(p)|gratuitous
1766	incapable of being justified or explained	indefensible|insupportable|unjustifiable|unwarrantable|unwarranted
1767	favoring one person or side over another	biased|colored|coloured|one-sided|slanted
1768	well in the past	bygone|bypast|departed|foregone|gone
1769	totally perplexed and mixed up	metagrobolized|metagrobolised|metagrabolized|metagrabolised|mystified
1770	serving to warn	admonitory|cautionary|exemplary|monitory|warning(a)
1771	presaging or likely to bring good luck or a good outcome	golden|favorable|favourable|lucky|prosperous
1772	having a pattern of dots	dotted|flecked|specked|speckled|stippled
1773	having a strong distaste from surfeit	disgusted|fed up(p)|sick(p)|sick of(p)|tired of(p)
1774	made smooth and bright by or as if by rubbing	bright|burnished|lustrous|shining|shiny
1775	capable of existing or taking place or proving true	accomplishable|achievable|doable|manageable|realizable
1776	capable of being done with means at hand and circumstances as they are	feasible|executable|practicable|viable|workable
1777	senseless	meshugge|meshugga|meshuga|meshuggeneh|meshuggener
1778	puffed up with vanity	grandiloquent|overblown|pompous|pontifical|portentous
1779	befitting or characteristic of those who incline to social exclusiveness and who rebuff the advances of people considered inferior	clannish|cliquish|clubby|snobbish|snobby
1780	unproductive of success	bootless|fruitless|futile|sleeveless|vain
1781	according with custom or propriety	becoming|comely|comme il faut|decorous|seemly
1782	subdued or brought low in condition or status	broken|crushed|humbled|humiliated|low
1783	of or relating to or having the nature of retribution	retaliatory|retaliative|retributive|retributory|vindicatory
1784	having a list of ancestors as proof of being a purebred animal	pedigree(a)|pedigreed|pureblood|pureblooded|thoroughbred
1785	not as expected	fishy|funny|shady|suspect|suspicious
1786	conspicuously and offensively loud	blatant|clamant|clamorous|strident|vociferous
1787	characterized by unrest or disorder or insubordination	disruptive|riotous|troubled|tumultuous|turbulent
1788	based on or told of in traditional stories	fabulous|mythic|mythical|mythologic|mythological
1789	exercising or showing good judgment	healthy|intelligent|levelheaded|level-headed|sound
1790	provoking horror	atrocious|frightful|horrifying|horrible|ugly
1791	lacking refinement or cultivation or taste	coarse|common|rough-cut|uncouth|vulgar
1792	serving to bring to mind	evocative|redolent|remindful|reminiscent|resonant
1793	capable of replacing or changing places with something else	exchangeable|interchangeable|similar|standardized|standardised
1794	morally degraded	seamy|seedy|sleazy|sordid|squalid
1795	abusing vocally	derisive|gibelike|jeering|mocking|taunting
1796	restricting the scope or freedom of action	confining|constraining|constrictive|limiting|restricting
1797	characterized by resonance	resonant|resonating|resounding|reverberating|reverberative
1798	lacking funds	broke|bust|skint|stone-broke|stony-broke
1799	having two horns or horn-shaped parts	bicorn|bicorned|bicornate|bicornuate|bicornuous
1800	bringing or deserving severe rebuke or censure	condemnable|criminal|deplorable|reprehensible|vicious
1801	muscular and heavily built	beefy|burly|husky|strapping|buirdly
1802	fit to be offered for sale	marketable|merchantable|sellable|vendable|vendible
1803	capable of wounding	barbed|biting|nipping|pungent|mordacious
1804	marked by quiet and caution and secrecy	furtive|sneak(a)|sneaky|stealthy|surreptitious
1805	(usually followed by `of') pointing out or revealing clearly	indicative|indicatory|revelatory|significative|suggestive
1806	not firmly fastened or secured	unbarred|unbolted|unlatched|unlocked|unsecured
1807	given to merry frolicking	coltish|frolicsome|frolicky|rollicking|sportive
1808	fit or ready for use or service	functional|usable|useable|operable|operational
1809	continually changing especially as from one abode or occupation to another	aimless|drifting|floating|vagabond|vagrant
1810	migratory	mobile|nomadic|peregrine|roving|wandering
1811	(of reproduction) not involving the fusion of male and female gametes in reproduction	agamic|agamous|agamogenetic|apomictic|parthenogenetic
1812	so badly formed or out of shape as to be ugly	deformed|distorted|ill-shapen|malformed|misshapen
1813	formed like a bacillus	bacillar|bacillary|bacilliform|baculiform|rod-shaped
1814	having hair on the cheeks and chin	bearded|barbate|bewhiskered|whiskered|whiskery
1815	lacking substance or significance	flimsy|fragile|slight|tenuous|thin
1816	attempting to win favor from influential people by flattery	bootlicking|fawning|obsequious|sycophantic|toadyish
1817	very pleasing to the eye	bonny|bonnie|comely|fair|sightly
1818	being the only one	lone(a)|lonesome(a)|only(a)|sole(a)|solitary(a)
1819	having four units or components	quadruple|quadruplicate|quadruplex|fourfold|four-fold
1820	of textiles	homespun(p)|nubby|nubbly|slubbed|tweedy
1821	rough to the touch	lepidote|leprose|scabrous|scaly|scurfy
1822	having an irregularly notched or toothed margin as though gnawed	erose|jagged|jaggy|notched|toothed
1823	notched like a saw with teeth pointing toward the apex	serrate|serrated|saw-toothed|toothed|notched
1824	converted into a gas or vapor	gasified|vaporized|vapourised|volatilized|volatilised
1825	constituting a tube	tubular|cannular|tubelike|tube-shaped|vasiform
1826	exhibiting childlike simplicity and credulity	childlike|wide-eyed|round-eyed|dewy-eyed|simple
1827	resembling starch	starchlike|amylaceous|amyloid|amyloidal|farinaceous
1828	used of old persons or old trees	gnarled|gnarly|knotted|knotty|knobbed
1829	marked by repeated turns and bends	tortuous|twisting|twisty|winding|voluminous
1830	(of a person) possessing physical strength and weight	brawny|hefty|muscular|powerful|sinewy
1831	doomed to extinction	done for(p)|ruined|sunk|undone|washed-up
1832	low or inferior in station or quality	humble|low|lowly|modest|small
1833	of superior grade	choice|prime(a)|prize|quality|select
1834	very good	excellent|first-class|fantabulous|splendid|ripping
1835	of very poor quality or condition	deplorable|execrable|miserable|woeful|wretched
1836	filled with the emotional impact of overwhelming surprise or shock	amazed|astonied|astonished|astounded|stunned
1837	tasting sour like a lemon	lemony|lemonlike|sourish|tangy|tart
1838	having a short and solid form or stature	compact|heavyset|stocky|thick|thickset
1839	well below average height	pint-size|pint-sized|runty|sawed-off|sawn-off
1840	marked by uncontrolled excitement or emotion	delirious|excited|frantic|mad|unrestrained
1841	thin in diameter	filamentous|filiform|filamentlike|threadlike|thready
1842	transformed from a liquid into a soft semisolid or solid mass	coagulate|coagulated|curdled|grumous|grumose
1843	avoiding waste	economical|frugal|scotch|sparing|stinting
1844	in disarray	disheveled|dishevelled|frowzled|rumpled|tousled
1845	in utter disorder	disorderly|higgledy-piggledy|hugger-mugger|jumbled|topsy-turvy
1846	showing the wearing effects of overwork or care or suffering	careworn|drawn|haggard|raddled|worn
1847	troubled persistently especially with petty annoyances	annoyed|harassed|harried|pestered|vexed
1848	causing or fraught with or showing anxiety	anxious|nervous|queasy|uneasy|unquiet
1849	pounded or hit repeatedly by storms or adversities	buffeted|storm-tossed|tempest-tossed|tempest-tost|tempest-swept
1850	afflicted with or marked by anxious uneasiness or trouble or grief	disquieted|distressed|disturbed|upset|worried
1851	openly distrustful and unwilling to confide	leery|mistrustful|suspicious|untrusting|wary
1852	(of reputation) free from blemishes	stainless|unstained|unsullied|untainted|untarnished
1853	joined together into a whole	amalgamate|amalgamated|coalesced|consolidated|fused
1854	formed or united into a whole	incorporate|incorporated|integrated|merged|unified
1855	accompanied by bloodshed	gory|sanguinary|sanguineous|slaughterous|butcherly
1856	producing no result or effect	futile|ineffectual|otiose|unavailing|meaningless
1857	not practical or realizable	airy|impractical|visionary|Laputan|windy
1858	weak and likely to lose consciousness	faint|light|swooning|light-headed|lightheaded
1859	feeling nausea	nauseated|nauseous|queasy|sick|sickish
1860	dried out by heat or excessive exposure to sunlight	adust|baked|parched|scorched|sunbaked
1861	providing abundant nourishment	hearty|satisfying|solid|square|substantial
1862	ludicrous, foolish	goofy|silly|wacky|whacky|zany
1863	characterized by ascetic solitude	anchoritic|eremitic|eremitical|hermitic|hermitical
1864	of communal life sequestered from the world under religious vows	cloistered|cloistral|conventual|monastic|monastical
1865	relating to or resembling a member of the class Arachnida	arachnoid|arachnidian|spidery|spiderlike|spiderly
1866	not breathing or able to breathe except with difficulty	breathless|dyspneic|dyspnoeic|dyspneal|dyspnoeal
1867	pertaining to the branch of astronomy dealing with the origin and history and structure and dynamics of the universe	cosmologic|cosmological|cosmogonic|cosmogonical|cosmogenic
1868	of or relating to cryptanalysis	cryptanalytic|cryptographic|cryptographical|cryptologic|cryptological
1869	of or relating to or characteristic of a czar	czarist|czaristic|tsarist|tsaristic|tzarist
1870	radiating or as if radiating light	beaming|beamy|effulgent|radiant|refulgent
1871	having a play of lustrous rainbow colors	iridescent|nacreous|opalescent|opaline|pearlescent
1872	not reflecting light	flat|mat|matt|matte|matted
1873	pertaining to geological structure	geomorphologic|geomorphological|morphologic|morphological|structural
1874	subscribing to the socialistic doctrine of ownership by the people collectively	collectivist|collectivistic|collectivized|collectivised|state-controlled
1875	(of the elements) as if showing violent anger	angry|furious|raging|tempestuous|wild
1876	hasty and without attention to detail	casual|cursory|passing(a)|perfunctory|superficial
1877	cut or impressed into a surface	engraved|etched|graven|incised|inscribed
1878	tending to bring about	conducive|contributing(a)|contributive|contributory|tributary
1879	pitted with cell-like cavities (as a honeycomb)	alveolate|faveolate|cavitied|honeycombed|pitted
1880	not converted into ions	nonionized|nonionised|unionized|unionised|nonionic
1881	in a state of sexual virginity	pure|vestal|virgin|virginal|virtuous
1882	carefree and happy and lighthearted	blithe|blithesome|lighthearted|lightsome|light-hearted
1883	having the deep slightly brownish color of gold	aureate|gilded|gilt|gold|golden
1884	of the blackest black	coal-black|jet|jet-black|pitchy|sooty
1885	(especially of the face) reddened or suffused with or as if with blood from emotion or exertion	crimson|red|reddened|red-faced|flushed
1886	anemic looking from illness or emotion	ashen|blanched|bloodless|livid|white
1887	(used especially of clothes) marked by conspicuous display	flashy|gaudy|jazzy|showy|sporty
1888	characterized by obscenity	cruddy|filthy|foul|nasty|smutty
1889	(of liquids) clouded as with sediment	cloudy|muddy|mirky|murky|turbid
1890	close in time	at hand(p)|close at hand(p)|imminent|impendent|impending
1891	as naked as at birth	mother-naked|naked as the day one was born|naked as the day you were born|in one's birthday suit|in your birthday suit
1892	addicted to a drug	dependent|dependant|drug-addicted|hooked|strung-out
1893	inclined to secrecy or reticence about divulging information	close|closelipped|closemouthed|secretive|tightlipped
1894	deliberately impassive in manner	deadpan|expressionless|impassive|poker-faced|unexpressive
1895	radically distinctive and without equal	alone(p)|unique|unequaled|unequalled|unparalleled
1896	capable of being apprehended or understood	apprehensible|intelligible|graspable|perceivable|understandable
1897	given out in portions	apportioned|dealt out|doled out|meted out|parceled out
1898	using or containing too many words	long-winded|tedious|verbose|windy|wordy
1899	knocked unconscious by a heavy blow	knocked out(p)|kayoed|KO'd|out(p)|stunned
1900	in keeping	accordant|agreeable|conformable|consonant|concordant
1901	having a quality that thrusts itself into attention	outstanding|prominent|salient|spectacular|striking
1902	of a substance, especially a strong acid	caustic|corrosive|erosive|vitriolic|mordant
1903	inclined or showing an inclination to dispute or disagree, even to engage in law suits	contentious|combative|disputatious|disputative|litigious
1904	lacking embellishment or ornamentation	plain|bare|spare|unembellished|unornamented
1905	(informal) strikingly unconventional	far-out|kinky|offbeat|quirky|way-out
1906	having branches	branched|branching|ramose|ramous|ramate
1907	capable of being corrupted	corruptible|bribable|dishonest|purchasable|venal
1908	characterized by lightness and insubstantiality	aeriform|aerial|airy|aery|ethereal
1909	possessing or existing in bodily form	bodied|corporal|corporate|embodied|incarnate
1910	not having a material body	discorporate|unembodied|bodiless|unbodied|disembodied
1911	socially incorrect in behavior	ill-mannered|bad-mannered|rude|unmannered|unmannerly
1912	not imagined even in a dream	undreamed|undreamed of|undreamt|undreamt of|unimagined
1913	(of clothing) custom-made	bespoke|bespoken|made-to-order|tailored|tailor-made
1914	demanding attention	clamant|crying|exigent|insistent|instant
1915	destroyed or badly damaged by fire	burned|burnt|burned-over|burned-out|burnt-out
1916	having been robbed and destroyed by force and violence	despoiled|pillaged|raped|ravaged|sacked
1917	lacking clarity or distinctness	dim|faint|shadowy|vague|wispy
1918	totally submissive	cringing|groveling|grovelling|wormlike|wormy
1919	stupefied or excited by a chemical substance (especially alcohol)	intoxicated|drunk|inebriated|ripped|gone
1920	used of riotously drunken merrymaking	bacchanalian|bacchanal|bacchic|carousing|orgiastic
1921	marked by lively action	bouncing|bouncy|peppy|spirited|zippy
1922	marked by high spirits or excitement	bubbling|effervescent|frothy|scintillating|sparkly
1923	vigorously energetic or forceful	high-octane|high-powered|high-power|high-voltage|high-energy
1924	having existed from the beginning	aboriginal|primal|primeval|primaeval|primordial
1925	having lost your job	discharged|dismissed|fired|laid-off|pink-slipped
1926	stunned or confused and slow to react (as from blows or drunkenness or exhaustion)	dazed|foggy|groggy|logy|stuporous
1927	(of a liquid) agitated vigorously	churning|roiling|roiled|roily|turbulent
1928	uneven by virtue of having wrinkles or waves	crinkled|crinkly|rippled|wavy|wavelike
1929	not challenging	commonplace|humdrum|prosaic|unglamorous|unglamourous
1930	completely wanting or lacking	barren|destitute|devoid|free|innocent
1931	not anticipated	unanticipated|unforeseen|unseen|unlooked-for|out of the blue(p)
1932	having a high price	costly|dear(p)|high-priced|pricey|pricy
1933	legally transferable to the ownership of another	assignable|conveyable|negotiable|transferable|transferrable
1934	violating accepted standards or rules	cheating(a)|dirty|foul|unsporting|unsportsmanlike
1935	having the character of, or characteristic of, a traitor	faithless|traitorous|unfaithful|treasonable|treasonous
1936	in the current fashion or style	latest|a la mode(p)|in style(p)|in vogue(p)|modish
1937	(used pejoratively) out of fashion	fogyish|moss-grown|mossy|stick-in-the-mud(p)|stodgy
1938	excessively fastidious and easily disgusted	dainty|nice|overnice|prissy|squeamish
1939	exacting especially about details	finical|finicky|fussy|particular|picky
1940	short and plump	dumpy|podgy|pudgy|tubby|roly-poly
1941	expressing or manifesting praise or approval	approving|affirmative|approbative|approbatory|plausive
1942	a person who rides a bicycle	cyclist|bicyclist|bicycler|wheeler|biker
1943	the wife or widow of a czar	czarina|tsarina|tzarina|czaritza|tsaritsa
1944	someone who wastes time	dallier|dillydallier|dilly-dallier|mope|lounger
1945	a young unmarried woman	damsel|demoiselle|damoiselle|damosel|damozel
1946	a woman of refinement	dame|madam|ma'am|lady|gentlewoman
1947	a person who destroys or ruins or lays waste to	destroyer|ruiner|undoer|waster|uprooter
1948	a person who dissents from some established policy	dissenter|dissident|protester|objector|contestant
1949	person who makes a gift of property	donor|giver|presenter|bestower|conferrer
1950	a person who says one thing and does another	double-crosser|double-dealer|two-timer|betrayer|traitor
1951	an entertainer who attracts large audiences	drawing card|draw|attraction|attractor|attracter
1952	someone who makes or mends dresses	dressmaker|modiste|needlewoman|seamstress|sempstress
1953	an alert and energetic person	eager beaver|busy bee|live wire|sharpie|sharpy
1954	a person with an unusual or odd personality	eccentric|eccentric person|flake|oddball|geek
1955	a woman who is considered to be dangerously seductive	enchantress|temptress|siren|Delilah|femme fatale
1956	someone who imparts energy and vitality and spirit to other people	energizer|energiser|vitalizer|vitaliser|animator
1957	a specialist in the disorders of the ear or nose or throat	ENT man|ear-nose-and-throat doctor|otolaryngologist|otorhinolaryngologist|rhinolaryngologist
1958	a rotund individual	fatso|fatty|fat person|roly-poly|butterball
1959	a singer of folk songs	folk singer|jongleur|minstrel|poet-singer|troubadour
1960	a person who lacks good judgment	fool|sap|saphead|muggins|tomfool
1961	a person who exercises control over workers	foreman|chief|gaffer|honcho|boss
1962	someone who kills by strangling	garroter|garrotter|strangler|throttler|choker
1963	someone who has exceptional intellectual ability and originality	genius|mastermind|brain|brainiac|Einstein
1964	someone or something that is abnormally large and powerful	giant|goliath|behemoth|monster|colossus
1965	someone who cuts flat glass to size	glass cutter|glass-cutter|glassworker|glazier|glazer
1966	the soccer or hockey player assigned to protect the goal	goalkeeper|goalie|goaltender|netkeeper|netminder
1967	a bad-tempered person	grouch|grump|crank|churl|crosspatch
1968	an informal term for a youth or man	guy|cat|hombre|bozo|sod
1969	an ugly evil-looking old woman	hag|beldam|beldame|witch|crone
1970	a person who helps in identifying or preventing or treating illness or disability	health professional|primary care provider|PCP|health care provider|caregiver
1971	someone who has hemophilia and is subject to uncontrollable bleeding	hemophiliac|haemophiliac|bleeder|hemophile|haemophile
1972	one who lives in solitude	hermit|recluse|solitary|solitudinarian|troglodyte
1973	an owner or manager of hotels	hotelier|hotelkeeper|hotel manager|hotelman|hosteller
1974	a person who induces hypnosis	hypnotist|hypnotizer|hypnotiser|mesmerist|mesmerizer
1975	person who does no work	idler|loafer|do-nothing|layabout|bum
1976	one who reveals confidential information in return for money	informer|betrayer|rat|squealer|blabber
1977	someone who asks a question	inquirer|enquirer|questioner|querier|asker
1978	someone who deliberately foments trouble	instigator|provoker|inciter|instigant|firebrand
1979	one related on the mother's side	enate|matrikin|matrilineal kin|matrisib|matrilineal sib
1980	one related on the father's side	agnate|patrikin|patrilineal kin|patrisib|patrilineal sib
1981	a person who fells trees	lumberman|lumberjack|logger|feller|faller
1982	a celebrity who is an inspiration to others	luminary|leading light|guiding light|notable|notability
1983	someone who performs magic tricks to amuse an audience	magician|prestidigitator|conjurer|conjuror|illusionist
1984	a man who delivers the mail	mailman|postman|mail carrier|letter carrier|carrier
1985	the Jewish rite of circumcision performed on a male child on the eighth day of his life	Berith|Berit|Brith|Bris|Briss
1986	an actor who communicates entirely by gesture and facial expression	mime|mimer|mummer|pantomimer|pantomimist
1987	a cruel wicked and inhuman person	monster|fiend|devil|demon|ogre
1988	someone who systematically obstructs some action that others want to take	obstructionist|obstructor|obstructer|resister|thwarter
1989	someone new to a field or activity	novice|beginner|tyro|tiro|initiate
1990	an elderly man	old-timer|oldtimer|gaffer|old geezer|antique
1991	a person who delivers a speech or oration	orator|speechmaker|rhetorician|public speaker|speechifier
1992	someone who travels about selling his wares (as on the streets or at carnivals)	peddler|pedlar|packman|hawker|pitchman
1993	a persistently annoying person	pest|blighter|cuss|pesterer|gadfly
1994	someone who uses another person's words or ideas as if they were his own	plagiarist|plagiarizer|plagiariser|literary pirate|pirate
1995	the officer who presides at the meetings of an organization	president|chairman|chairwoman|chair|chairperson
1996	bringing again into activity and prominence	revival|resurgence|revitalization|revitalisation|revivification
1997	an authoritative person who divines the future	prophet|prophesier|oracle|seer|vaticinator
1998	an unlicensed dealer in illegal drugs	pusher|drug peddler|peddler|drug dealer|drug trafficker
1999	a person who is authorized to act as an agent for the sale of land	real estate broker|real estate agent|estate agent|land agent|house agent
2000	someone who puts text into appropriate form for publication	redact|redactor|reviser|rewriter|rewrite man
2001	a disputant who advocates reform	reformer|reformist|crusader|social reformer|meliorist
2002	a writer who composes rhymes	rhymer|rhymester|versifier|poetizer|poetiser
2003	the contestant you hope to defeat	rival|challenger|competitor|competition|contender
2004	someone (especially a woman) who annoys people by constantly finding fault	scold|scolder|nag|nagger|common scold
2005	someone who promotes or exchanges goods or services for money	seller|marketer|vender|vendor|trafficker
2006	the leader of an Arab village or family	sheik|tribal sheik|sheikh|tribal sheikh|Arab chief
2007	a timid man or boy considered childish or unassertive	sissy|pantywaist|pansy|milksop|Milquetoast
2008	someone who imports or exports without paying duties	smuggler|runner|contrabandist|moon curser|moon-curser
2009	`Johnny' was applied as a nickname for Confederate soldiers by the Federal soldiers in the American Civil War	Rebel|Reb|Johnny Reb|Johnny|greyback
2010	someone who expresses in language	speaker|talker|utterer|verbalizer|verbaliser
2011	a close observer	spectator|witness|viewer|watcher|looker
2012	a person's partner in marriage	spouse|partner|married person|mate|better half
2013	someone employed in a stable to take care of the horses	stableman|stableboy|groom|hostler|ostler
2014	an insignificant student who is ridiculed as being affected or boringly studious	swot|grind|nerd|wonk|dweeb
2015	a person who tries to please someone in order to gain a personal advantage	sycophant|toady|crawler|lackey|ass-kisser
2016	someone who collects taxes for the government	tax collector|taxman|exciseman|collector of internal revenue|internal revenue agent
2017	someone who theorizes (especially in science or art)	theorist|theoretician|theorizer|theoriser|idealogue
2018	an employee of a railroad	trainman|railroader|railroad man|railwayman|railway man
2019	someone who deliberately stirs up trouble	troublemaker|trouble maker|troubler|mischief-maker|bad hat
2020	a wanderer who has no established residence or visible means of support	vagrant|drifter|floater|vagabond|clochard
2021	a manservant who acts as a personal attendant to his employer	valet|valet de chambre|gentleman|gentleman's gentleman|man
2022	a person holding a fief	vassal|liege|liegeman|liege subject|feudatory
2023	an upstart who makes conceited, sardonic, insolent comments	wise guy|smart aleck|wiseacre|wisenheimer|weisenheimer
2024	an Egyptian polymath (born in Iraq) whose research in geometry and optics was influential into the 17th century	Alhazen|Alhacen|al-Haytham|Ibn al-Haytham|Al-Hasan ibn al-Haytham
2025	Emperor of Rome	Antoninus|Aurelius|Marcus Aurelius|Marcus Aurelius Antoninus|Marcus Annius Verus
2026	Scottish dramatist and novelist	Barrie|James Barrie|J. M. Barrie|James Matthew Barrie|Sir James Matthew Barrie
2027	(Roman Catholic Church) the bishop of Caesarea who defended the Roman Catholic Church against the heresies of the 4th century	Basil|St. Basil|Basil of Caesarea|Basil the Great|St. Basil the Great
2028	French soldier said to be fearless and chivalrous (1473-1524)	Bayard|Seigneur de Bayard|Chevalier de Bayard|Pierre Terrail|Pierre de Terrail
2029	United States frontierswoman and legendary figure of the Wild West noted for her marksmanship (1852-1903)	Burk|Martha Jane Burk|Burke|Martha Jane Burke|Calamity Jane
2030	(baseball) a pitch thrown with maximum velocity	fastball|heater|smoke|hummer|bullet
2031	Swiss theologian (born in France) whose tenets (predestination and the irresistibility of grace and justification by faith) defined Presbyterianism (1509-1564)	Calvin|John Calvin|Jean Cauvin|Jean Caulvin|Jean Chauvin
2032	39th President of the United States (1924-)	Carter|Jimmy Carter|James Earl Carter|James Earl Carter Jr.|President Carter
2033	American psychologist (born in England) who developed a broad theory of human behavior based on multivariate research (1905-1998)	Cattell|Ray Cattell|R. B. Cattell|Raymond B. Cattell|Raymond Bernard Cattell
2034	king of the Franks and Holy Roman Emperor	Charlemagne|Carolus|Charles|Charles I|Charles the Great
2035	United States showman famous for his Wild West Show (1846-1917)	Cody|William F. Cody|William Frederick Cody|Buffalo Bill|Buffalo Bill Cody
2036	French general and statesman who became very popular during World War II as the leader of the Free French forces in exile (1890-1970)	de Gaulle|General de Gaulle|Charles de Gaulle|General Charles de Gaulle|Charles Andre Joseph Marie de Gaulle
2037	Danish writer who lived in Kenya for 19 years and is remembered for her writings about Africa (1885-1962)	Dinesen|Isak Dinesen|Blixen|Karen Blixen|Baroness Karen Blixen
2038	United States novelist (originally Falkner) who wrote about people in the southern United States (1897-1962)	Faulkner|William Faulkner|William Cuthbert Faulkner|Falkner|William Falkner
2039	the king of Castile and Aragon who ruled jointly with his wife Isabella	Ferdinand|King Ferdinand|Ferdinand of Aragon|Ferdinand V|Ferdinand the Catholic
2040	38th President of the United States	Ford|Gerald Ford|Gerald R. Ford|Gerald Rudolph Ford|President Ford
2041	20th President of the United States	Garfield|James Garfield|James A. Garfield|James Abraham Garfield|President Garfield
2042	a librettist who was a collaborator with Sir Arthur Sullivan in a famous series of comic operettas (1836-1911)	Gilbert|William Gilbert|William S. Gilbert|William Schwenk Gilbert|Sir William Gilbert
2043	German politician in Nazi Germany who founded the Gestapo and mobilized Germany for war (1893-1946)	Goring|Goering|Hermann Goring|Hermann Goering|Hermann Wilhelm Goring
2044	(Roman Catholic Church) an Italian pope distinguished for his spiritual and temporal leadership	Gregory|Gregory I|Saint Gregory I|St. Gregory I|Gregory the Great
2045	king of Jordan credited with creating stability at home and seeking peace with Israel (1935-1999)	Hussein|Husain|Husayn|ibn Talal Hussein|King Hussein
2046	general in the Confederate Army during the American Civil War whose troops at the first Battle of Bull Run stood like a stone wall (1824-1863)	Jackson|Thomas Jackson|Thomas J. Jackson|Thomas Jonathan Jackson|Stonewall Jackson
2047	(New Testament) disciple of Jesus	James|Saint James|St. James|Saint James the Apostle|St. James the Apostle
2048	(New Testament) supposed brother of St. James	Jude|Saint Jude|St. Jude|Judas|Thaddaeus
2049	United States aviator who in 1927 made the first solo nonstop flight across the Atlantic Ocean (1902-1974)	Lindbergh|Charles Lindbergh|Charles A. Lindbergh|Charles Augustus Lindbergh|Lucky Lindy
2050	the mother of Jesus	Mary|Virgin Mary|The Virgin|Blessed Virgin|Madonna
2051	Russian bacteriologist in France who formulated the theory of phagocytosis (1845-1916)	Metchnikoff|Elie Metchnikoff|Metchnikov|Elie Metchnikov|Ilya Ilich Metchnikov
2052	the Arab prophet who, according to Islam, was the last messenger of Allah (570-632)	Mohammed|Mohammad|Muhammad|Mahomet|Mahound
2053	French general who became emperor of the French (1769-1821)	Napoleon|Napoleon I|Napoleon Bonaparte|Bonaparte|Little Corporal
2054	English admiral who defeated the French fleets of Napoleon but was mortally wounded at Trafalgar (1758-1805)	Nelson|Horatio Nelson|Viscount Nelson|Admiral Nelson|Lord Nelson
2055	vice president under Eisenhower and 37th President of the United States	Nixon|Richard Nixon|Richard M. Nixon|Richard Milhous Nixon|President Nixon
2056	Shah of Iran who was deposed in 1979 by Islamic fundamentalists (1919-1980)	Pahlavi|Mohammed Reza Pahlavi|Shah Pahlavi|Pahlevi|Mohammed Reza Pahlevi
2057	United States saxophonist and leader of the bop style of jazz (1920-1955)	Parker|Charlie Parker|Yardbird Parker|Bird Parker|Charles Christopher Parker
2058	11th President of the United States	Polk|James Polk|James K. Polk|James Knox Polk|President Polk
2059	a Russian officer and politician who was a favorite of Catherine II and in 1762 helped her to seize power	Potemkin|Potyokin|Grigori Potemkin|Grigori Potyokin|Grigori Aleksandrovich Potemkin
2060	the act of governing	government|governing|governance|government activity|administration
2061	English poet and dramatist considered one of the greatest English writers (1564-1616)	Shakespeare|William Shakespeare|Shakspere|William Shakspere|Bard of Avon
2062	one of the twelve Apostles (first century)	Simon|St. Simon|Simon Zelotes|Simon the Zealot|Simon the Canaanite
2063	United States divorcee whose marriage to Edward VIII created a constitutional crisis leading to his abdication	Simpson|Mrs. Simpson|Wallis Warfield Simpson|Wallis Warfield Windsor|Duchess of Windsor
2064	according to legend, the seventh and last Etruscan king of Rome who was expelled for his cruelty (reigned from 534 to 510 BC)	Tarquin|Tarquin the Proud|Tarquinius|Tarquinius Superbus|Lucius Tarquinius Superbus
2065	important Russian composer whose works are noted for their expressive melodies (1840-1893)	Tchaikovsky|Peter Tchaikovsky|Peter Ilich Tchaikovsky|Pyotr Tchaikovsky|Pyotr Ilych Tchaikovsky
2066	an English pirate who operated in the Caribbean and off the Atlantic coast of North America (died in 1718)	Teach|Edward Teach|Thatch|Edward Thatch|Blackbeard
2067	Indian nun and missionary in the Roman Catholic Church (born of Albanian parents in what is now Macedonia)	Teresa|Mother Teresa|Theresa|Mother Theresa|Agnes Gonxha Bojaxhiu
2068	British stateswoman	Thatcher|Margaret Thatcher|Margaret Hilda Thatcher|Baroness Thatcher of Kesteven|Iron Lady
2069	the Apostle who would not believe the resurrection of Jesus until he saw Jesus with his own eyes	Thomas|Saint Thomas|St. Thomas|doubting Thomas|Thomas the doubting Apostle
2070	French pope from 1088 to 1099 whose sermons called for the First Crusade (1042-1099)	Urban II|Odo|Odo of Lagery|Otho|Otho of Lagery
2071	British general and statesman	Wellington|Duke of Wellington|First Duke of Wellington|Arthur Wellesley|Iron Duke
2072	Finnish physician who first described vascular hemophilia (1870-1949)	Willebrand|von Willebrand|E. A. von Willebrand|Erik von Willebrand|Erik Adolf von Willebrand
2073	authorizing subordinates to make certain decisions	delegating|delegation|relegating|relegation|deputation
2074	the flow of air that is driven backwards by an aircraft propeller	slipstream|airstream|race|backwash|wash
2075	the difference in electrical charge between two points in a circuit expressed in volts	electric potential|potential|potential difference|potential drop|voltage
2076	electrical conduction through a gas in an applied electric field	discharge|spark|arc|electric arc|electric discharge
2077	radiation lying in the ultraviolet range	ultraviolet|ultraviolet radiation|ultraviolet light|ultraviolet illumination|UV
2078	gymnospermous flowering plants	Gnetopsida|class Gnetopsida|Gnetophytina|subdivision Gnetophytina|Gnetophyta
2079	cone-bearing gymnosperms dating from the Carboniferous period	Coniferopsida|class Coniferopsida|Coniferophytina|subdivision Coniferophytina|Coniferophyta
2080	large five-needled European pine	Swiss pine|Swiss stone pine|arolla pine|cembra nut tree|Pinus cembra
2081	common and widely distributed tall timber pine of western North America having dark green needles in bunches of 2 to 5 and thick bark with dark brown plates whe	ponderosa|ponderosa pine|western yellow pine|bull pine|Pinus ponderosa
2082	shrubby two-needled pine of coastal northwestern United States	shore pine|lodgepole|lodgepole pine|spruce pine|Pinus contorta
2083	large three-needled pine of southeastern United States having very long needles and gnarled twisted limbs	longleaf pine|pitch pine|southern yellow pine|Georgia pine|Pinus palustris
2084	medium to tall fir of central to western United States having a narrow erect crown and soft wood	white fir|Colorado fir|California white fir|Abies concolor|Abies lowiana
2085	lofty fir of the Pacific coast of northwestern America having long curving branches and deep green leaves	lowland fir|lowland white fir|giant fir|grand fir|Abies grandis
2086	beating with a whip or strap or rope as a form of punishment	whipping|tanning|flogging|lashing|flagellation
2087	large timber tree of western North America with trunk diameter to 12 feet and height to 200 feet	Oregon cedar|Port Orford cedar|Lawson's cypress|Lawson's cedar|Chamaecyparis lawsoniana
2088	tall evergreen of the Pacific coast of North America often cultivated for ornament	yellow cypress|yellow cedar|Nootka cypress|Alaska cedar|Chamaecyparis nootkatensis
2089	common cypress of southeastern United States having trunk expanded at base	bald cypress|swamp cypress|pond bald cypress|southern cypress|Taxodium distichum
2090	New Zealand evergreen valued for its light easily worked wood	kahikatea|New Zealand Dacryberry|New Zealand white pine|Dacrycarpus dacrydioides|Podocarpus dacrydioides
2091	New Zealand shrub	tarwood|tar-wood|New Zealand mountain pine|Halocarpus bidwilli|Dacrydium bidwilli
2092	collective term for the outer parts of a flower consisting of the calyx and corolla and enclosing the stamens and pistils	perianth|chlamys|floral envelope|perigone|perigonium
2093	hardy shrub of southeastern United States having clove-scented wood and fragrant red-brown flowers	Carolina allspice|strawberry shrub|strawberry bush|sweet shrub|Calycanthus floridus
2094	small Mediterranean evergreen tree with small blackish berries and glossy aromatic leaves used for flavoring in cooking	true laurel|bay|bay laurel|bay tree|Laurus nobilis
2095	evergreen tree of southern United States having large stiff glossy leaves and huge white sweet-smelling flowers	southern magnolia|evergreen magnolia|large-flowering magnolia|bull bay|Magnolia grandiflora
2096	small deciduous tree of eastern North America having creamy white flowers and large leaves in formations like umbrellas at the ends of branches	umbrella tree|umbrella magnolia|elkwood|elk-wood|Magnolia tripetala
2097	tall North American deciduous timber tree having large tulip-shaped greenish yellow flowers and conelike fruit	tulip tree|tulip poplar|yellow poplar|canary whitewood|Liriodendron tulipifera
2098	light easily worked wood of a tulip tree	tulipwood|true tulipwood|whitewood|white poplar|yellow poplar
2099	white Egyptian lotus: water lily of Egypt to southeastern Africa	lotus|white lotus|Egyptian water lily|white lily|Nymphaea lotus
2100	perennial European buttercup with yellow spring flowers widely naturalized especially in eastern North America	meadow buttercup|tall buttercup|tall crowfoot|tall field buttercup|Ranunculus acris
2101	North American perennial herb with alternately compound leaves and racemes of small white flowers followed by bright red oval poisonous berries	red baneberry|redberry|red-berry|snakeberry|Actaea rubra
2102	North American herb with white poisonous berries	white baneberry|white cohosh|white bead|doll's eyes|Actaea alba
2103	disorderly fighting	hassle|scuffle|tussle|dogfight|rough-and-tumble
2104	climber of southern United States having bluish-purple flowers	blue jasmine|blue jessamine|curly clematis|marsh clematis|Clematis crispa
2105	perennial herb of northeastern United States having a thick knotted yellow rootstock and large rounded leaves	goldenseal|golden seal|yellow root|turmeric root|Hydrastis Canadensis
2106	deciduous aromatic shrub of eastern North America with grey-green wax-coated berries	bayberry|candleberry|swamp candleberry|waxberry|Myrica pensylvanica
2107	tall rush with soft erect or arching stems found in Eurasia, Australia, New Zealand, and common in North America	bulrush|bullrush|common rush|soft rush|Juncus effusus
2108	common thorny tropical American tree having terminal racemes of yellow flowers followed by sickle-shaped or circinate edible pods and yielding good timber and a	manila tamarind|camachile|huamachil|wild tamarind|Pithecellobium dulce
2109	shrub or small tree of southwestern United States and northwestern Mexico having spirally twisted pods	screw bean|screwbean|tornillo|screwbean mesquite|Prosopis pubescens
2110	putrid-smelling aroid of southeastern Asia (especially the Philippines) grown for its edible tuber	pungapung|telingo potato|elephant yam|Amorphophallus paeonifolius|Amorphophallus campanulatus
2111	common American spring-flowering woodland herb having sheathing leaves and an upright club-shaped spadix with overarching green and purple spathe producing scar	jack-in-the-pulpit|Indian turnip|wake-robin|Arisaema triphyllum|Arisaema atrorubens
2112	herb of the Pacific islands grown throughout the tropics for its edible root and in temperate areas as an ornamental for its large glossy leaves	taro|taro plant|dalo|dasheen|Colocasia esculenta
2113	evergreen liana widely cultivated for its variegated foliage	golden pothos|pothos|ivy arum|Epipremnum aureum|Scindapsus aureus
2114	pantropical floating plant forming a rosette of wedge-shaped leaves	pistia|water lettuce|water cabbage|Pistia stratiotes|Pistia stratoites
2115	Chinese herb with palmately compound leaves and small greenish flowers and forked aromatic roots believed to have medicinal powers	ginseng|nin-sin|Panax ginseng|Panax schinseng|Panax pseudoginseng
2116	any of various plants related to the common chickweed	mouse-ear chickweed|mouse eared chickweed|mouse ear|clammy chickweed|chickweed
2117	an old cottage garden plant of southeastern Europe widely cultivated for its attractive white woolly foliage and showy crimson flowers	mullein pink|rose campion|gardener's delight|dusty miller|Lychnis coronaria
2118	plant of European origin having pink or white flowers and leaves yielding a detergent when bruised	soapwort|hedge pink|bouncing Bet|bouncing Bess|Saponaria officinalis
2119	European annual with pale rose-colored flowers	cowherb|cow cockle|Vaccaria hispanica|Vaccaria pyramidata|Saponaria vaccaria
2120	succulent herbs or small shrubs mostly of South Africa but also New Zealand and North America: carpetweeds	Aizoaceae|family Aizoaceae|Tetragoniaceae|family Tetragoniaceae|carpetweed family
2121	a reflex that expels gas noisily from the stomach through the mouth	belch|belching|burp|burping|eructation
2122	low-growing South African succulent plant having a capsular fruit containing edible pulp	Hottentot fig|Hottentot's fig|sour fig|Carpobrotus edulis|Mesembryanthemum edule
2123	rank-smelling tropical American pigweed	American wormseed|Mexican tea|Spanish tea|wormseed|Chenopodium ambrosioides
2124	European plant naturalized in North America	good-king-henry|allgood|fat hen|wild spinach|Chenopodium bonus-henricus
2125	Eurasian aromatic oak-leaved goosefoot with many yellow-green flowers	Jerusalem oak|feather geranium|Mexican tea|Chenopodium botrys|Atriplex mexicana
2126	a comprehensive term for any proceeding in a court of law whereby an individual seeks a legal remedy	lawsuit|suit|case|cause|causa
2127	prickly bushy Eurasian plant	Russian thistle|Russian tumbleweed|Russian cactus|tumbleweed|Salsola kali tenuifolia
2128	a family of flowering plants of the order Caryophyllales	Nyctaginaceae|family Nyctaginaceae|Allioniaceae|family Allioniaceae|four-o'clock family
2129	tall coarse perennial American herb having small white flowers followed by blackish-red berries on long drooping racemes	poke|pigeon berry|garget|scoke|Phytolacca americana
2130	bushy houseplant having white to pale pink flowers followed by racemes of scarlet berries	bloodberry|blood berry|rougeberry|rouge plant|Rivina humilis
2131	weedy trailing mat-forming herb with bright yellow flowers cultivated for its edible mildly acid leaves eaten raw or cooked especially in Indian and Greek and M	common purslane|pussley|pussly|verdolagas|Portulaca oleracea
2132	pink clusters of densely packed flowers on prostrate stems resemble upturned pads of cats' feet	pussy-paw|pussy-paws|pussy's-paw|Spraguea umbellatum|Calyptridium umbellatum
2133	a large family of plants with four-petaled flowers	Cruciferae|family Cruciferae|Brassicaceae|family Brassicaceae|mustard family
2134	European herb that smells like garlic	garlic mustard|hedge garlic|sauce-alone|jack-by-the-hedge|Alliaria officinalis
2135	noxious cress with yellow flowers	yellow rocket|rockcress|rocket cress|Barbarea vulgaris|Sisymbrium barbarea
2136	Asiatic mustard used as a potherb	chinese mustard|indian mustard|leaf mustard|gai choi|Brassica juncea
2137	plant with an elongated head of broad stalked leaves resembling celery	Chinese cabbage|celery cabbage|napa|pe-tsai|Brassica rapa pekinensis
2138	a bitter cress of Europe and America	lady's smock|cuckooflower|cuckoo flower|meadow cress|Cardamine pratensis
2139	European bittercress having a knotted white rootstock	coral-root bittercress|coralroot|coralwort|Cardamine bulbifera|Dentaria bulbifera
2140	annual herb used as salad green and garnish	common garden cress|garden pepper cress|pepper grass|pepperwort|Lepidium sativum
2141	Eurasian weed having yellow or mauve or white flowers and podlike fruits	jointed charlock|wild radish|wild rape|runch|Raphanus raphanistrum
2142	perennial herb with branched woody stock and bright yellow flowers	celandine|greater celandine|swallowwort|swallow wort|Chelidonium majus
2143	yellow-flowered Eurasian glaucous herb naturalized in along sandy shores in eastern North America	horn poppy|horned poppy|yellow horned poppy|sea poppy|Glaucium flavum
2144	perennial woodland native of North America having a red root and red sap and bearing a solitary lobed leaf and white flower in early spring and having acrid eme	bloodroot|puccoon|redroot|tetterwort|Sanguinaria canadensis
2145	plants with heads composed of many florets: aster	Compositae|family Compositae|Asteraceae|family Asteraceae|aster family
2146	widespread rank-smelling weed having white-rayed flower heads with yellow discs	mayweed|dog fennel|stinking mayweed|stinking chamomile|Anthemis cotula
2147	perennial subshrub of the Canary Islands having usually pale yellow daisylike flowers	marguerite|marguerite daisy|Paris daisy|Chrysanthemum frutescens|Argyranthemum frutescens
2148	aromatic herb of temperate Eurasia and North Africa having a bitter taste used in making the liqueur absinthe	common wormwood|absinthe|old man|lad's love|Artemisia absinthium
2149	a shrub of salt marshes of eastern and south central North America and West Indies	groundsel tree|groundsel bush|consumption weed|cotton-seed tree|Baccharis halimifolia
2150	widely spreading evergreen shrub of southwestern United States with flower heads in a leafy panicle	coyote brush|coyote bush|chaparral broom|kidney wort|Baccharis pilularis
2151	any of several plants of the genus Bidens having yellow flowers and prickly fruits that cling to fur and clothing	bur marigold|burr marigold|beggar-ticks|beggar's-ticks|sticktight
2152	the common European annual marigold	common marigold|pot marigold|ruddles|Scotch marigold|Calendula officinalis
2153	European thistle with rather large heads and prickly leaves	bull thistle|boar thistle|spear thistle|Cirsium vulgare|Cirsium lanceolatum
2154	rhizomatous plant of central and southeastern United States and West Indies having large showy heads of clear blue flowers	mistflower|mist-flower|ageratum|Conoclinium coelestinum|Eupatorium coelestinum
2155	common North American weed with linear leaves and small discoid heads of yellowish flowers	horseweed|Canadian fleabane|fleabane|Conyza canadensis|Erigeron canadensis
2156	of China	florist's chrysanthemum|florists' chrysanthemum|mum|Dendranthema grandifloruom|Chrysanthemum morifolium
2157	North American herb having whorled leaves and terminal clusters of flowers spotted with purple	Joe-Pye weed|purple boneset|trumpet weed|marsh milkweed|Eupatorium purpureum
2158	annual of central United States having showy long-stalked yellow flower heads marked with scarlet or purple in the center	blanket flower|Indian blanket|fire wheel|fire-wheel|Gaillardia pulchella
2159	European weed widely naturalized in North America having yellow flower heads and leaves resembling a cat's ears	cat's-ear|California dandelion|capeweed|gosmore|Hypochaeris radicata
2160	any of various North American plants of the genus Liatris having racemes or panicles of small discoid flower heads	blazing star|button snakeroot|gayfeather|gay-feather|snakeroot
2161	annual Eurasian herb similar in fragrance and medicinal uses to chamomile though taste is more bitter and effect is considered inferior	sweet false chamomile|wild chamomile|German chamomile|Matricaria recutita|Matricaria chamomilla
2162	herb of tropical America having vanilla-scented flowers	climbing hempweed|climbing boneset|wild climbing hempweed|climbing hemp-vine|Mikania scandens
2163	biennial Eurasian white hairy thistle having pale purple flowers	cotton thistle|woolly thistle|Scotch thistle|Onopordum acanthium|Onopordon acanthium
2164	widespread European weed with spiny tongue-shaped leaves and yellow flowers	oxtongue|bristly oxtongue|bitterweed|bugloss|Picris echioides
2165	widespread European weed having yellow daisylike flowers	ragwort|tansy ragwort|ragweed|benweed|Senecio jacobaea
2166	white-flowered pyrethrum of Balkan area whose pinnate leaves are white and silky-hairy below	pyrethrum|Dalmatian pyrethrum|Dalmatia pyrethrum|Tanacetum cinerariifolium|Chrysanthemum cinerariifolium
2167	shrubby perennial of the Canary Islands having white flowers and leaves and hairy stems covered with dustlike down	dusty miller|silver-lace|silver lace|Tanacetum ptarmiciflorum|Chrysanthemum ptarmiciflorum
2168	any of several orchids of the genus Cycnoches having slender arching columns of flowers suggesting the neck of a swan	swan orchid|swanflower|swan-flower|swanneck|swan-neck
2169	pale pink wild orchid of northeastern America having an inflated pouchlike lip	common lady's-slipper|showy lady's-slipper|showy lady slipper|Cypripedium reginae|Cypripedium album
2170	fringed orchid of the eastern United States having a greenish flower with the lip deeply lacerated	ragged orchid|ragged orchis|ragged-fringed orchid|green fringed orchis|Habenaria lacera
2171	South African vine having a massive rootstock covered with deeply fissured bark	elephant's-foot|tortoise plant|Hottentot bread vine|Hottentot's bread vine|Dioscorea elephantipes
2172	tall grass of New Zealand grown for plumelike flower heads	plumed tussock|toe toe|toetoe|Cortaderia richardii|Arundo richardii
2173	coarse annual grass cultivated in Japan and southeastern Asia for its edible seeds and for forage	Japanese millet|billion-dollar grass|Japanese barnyard millet|sanwa millet|Echinochloa frumentacea
2174	coarse annual grass having fingerlike spikes of flowers	yardgrass|yard grass|wire grass|goose grass|Eleusine indica
2175	weedy annual grass often occurs in grainfields and other cultivated land	darnel|tare|bearded darnel|cheat|Lolium temulentum
2176	valuable forage grass of dry upland areas and plains of western North America to northern Mexico	mountain rice|silkgrass|silk grass|Indian millet|Oryzopsis hymenoides
2177	tall grass having cattail like spikes	pearl millet|bulrush millet|cattail millet|Pennisetum glaucum|Pennisetum Americanum
2178	perennial grass of marshy meadows and ditches having broad leaves	reed canary grass|gardener's garters|lady's laces|ribbon grass|Phalaris arundinacea
2179	perennial grass of Australia and South Africa	hardinggrass|Harding grass|toowomba canary grass|Phalaris aquatica|Phalaris tuberosa
2180	valuable meadow and pasture grass in Europe and especially central United States having tall stalks and slender bright green leaves	Kentucky bluegrass|Kentucky blue|Kentucy blue grass|June grass|Poa pratensis
2181	handsome hardy North American grass with foliage turning pale bronze in autumn	broom beard grass|prairie grass|wire grass|Andropogon scoparius|Schizachyrium scoparium
2182	common weedy and bristly grass found in nearly all temperate areas	yellow bristlegrass|yellow bristle grass|yellow foxtail|glaucous bristlegrass|Setaria glauca
2183	important for human and animal food	great millet|kaffir|kafir corn|kaffir corn|Sorghum bicolor
2184	tall perennial grass that spreads by creeping rhizomes and is grown for fodder	Johnson grass|Aleppo grass|means grass|evergreen millet|Sorghum halepense
2185	a widely distributed perennial sedge having small edible nutlike tubers	nutgrass|nut grass|nutsedge|nut sedge|Cyperus rotundus
2186	fine-leaved aquatic spike rush	needle spike rush|needle rush|slender spike rush|hair grass|Eleocharis acicularis
2187	reed maces of America, Europe, North Africa, Asia	lesser bullrush|narrow-leaf cattail|narrow-leaved reedmace|soft flag|Typha angustifolia
2188	a variety of muskmelon vine having fruit with a tan rind and orange flesh	cantaloupe|cantaloup|cantaloupe vine|cantaloup vine|Cucumis melo cantalupensis
2189	any of a variety of muskmelon vines having fruit with a smooth white rind and white or greenish flesh that does not have a musky smell	winter melon|Persian melon|honeydew melon|winter melon vine|Cucumis melo inodorus
2190	the act of sustaining life by food or providing a means of subsistence	sustenance|sustentation|sustainment|maintenance|upkeep
2191	any of several tropical annual climbers having large yellow flowers and edible young fruits	luffa|dishcloth gourd|sponge gourd|rag gourd|strainer vine
2192	erect or decumbent Old World perennial with axillary clusters of rosy-purple flowers	tall mallow|high mallow|cheese|cheeseflower|Malva sylvestris
2193	showy shrub of salt marshes of the eastern United States having large rose-colored flowers	rose mallow|swamp mallow|common rose mallow|swamp rose mallow|Hibiscus moscheutos
2194	annual weedy herb with ephemeral yellow purple-eyed flowers	flower-of-an-hour|flowers-of-an-hour|bladder ketmia|black-eyed Susan|Hibiscus trionum
2195	graceful deciduous shrub or small tree having attractive foliage and small red berries that turn black at maturity and are used for making wine	makomako|New Zealand wine berry|wineberry|Aristotelia serrata|Aristotelia racemosa
2196	tree bearing large brown nuts containing e.g. caffeine	kola|kola nut|kola nut tree|goora nut|Cola acuminata
2197	deciduous tree widely grown in southern United States as an ornamental for its handsome maplelike foliage and long racemes of yellow-green flowers followed by c	Chinese parasol tree|Chinese parasol|Japanese varnish tree|phoenix tree|Firmiana simplex
2198	large west African tree having large palmately lobed leaves and axillary cymose panicles of small white flowers and one-winged seeds	obeche|obechi|arere|samba|Triplochiton scleroxcylon
2199	any of various deciduous trees of the genus Tilia with heart-shaped leaves and drooping cymose clusters of yellowish often fragrant flowers	linden|linden tree|basswood|lime|lime tree
2200	an abusive attack on a person's character or good name	aspersion|calumny|slander|defamation|denigration
2201	common Old World heath represented by many varieties	heather|ling|Scots heather|broom|Calluna vulgaris
2202	a North American evergreen shrub having glossy leaves and white or rose-colored flowers	mountain laurel|wood laurel|American laurel|calico bush|Kalmia latifolia
2203	fast-growing evergreen shrub of southeastern United States having arching interlaced branches and racemes of white flowers	dog laurel|dog hobble|switch-ivy|Leucothoe fontanesiana|Leucothoe editorum
2204	deciduous much-branched shrub with dense downy panicles of small bell-shaped white flowers	maleberry|male berry|privet andromeda|he-huckleberry|Lyonia ligustrina
2205	erect European blueberry having solitary flowers and blue-black berries	bilberry|whortleberry|whinberry|blaeberry|Viccinium myrtillus
2206	shrub of eastern and southern coastal United States having beautiful racemes of spice-scented white flowers	sweet pepperbush|pepper bush|summer sweet|white alder|Clethra alnifolia
2207	variety of European beech with shining purple or copper-colored leaves	copper beech|purple beech|Fagus sylvatica atropunicea|Fagus purpurea|Fagus sylvatica purpurea
2208	North American forest tree with light green leaves and edible nuts	American beech|white beech|red beech|Fagus grandifolia|Fagus americana
2209	shrubby chestnut tree of southeastern United States having small edible nuts	Allegheny chinkapin|eastern chinquapin|chinquapin|dwarf chestnut|Castanea pumila
2210	small ornamental evergreen tree of Pacific Coast whose glossy yellow-green leaves are yellow beneath	giant chinkapin|golden chinkapin|Chrysolepis chrysophylla|Castanea chrysophylla|Castanopsis chrysophylla
2211	medium-sized evergreen of southwestern United States and northwestern Mexico with oblong leathery often spiny-edged leaves	canyon oak|canyon live oak|maul oak|iron oak|Quercus chrysolepis
2212	evergreen oak of southern Europe having leaves somewhat resembling those of holly	holm oak|holm tree|holly-leaved oak|evergreen oak|Quercus ilex
2213	tall graceful deciduous California oak having leathery leaves and slender pointed acorns	California white oak|valley oak|valley white oak|roble|Quercus lobata
2214	medium to large deciduous oak of central and eastern North America with ovoid acorns deeply immersed in large fringed cups	bur oak|burr oak|mossy-cup oak|mossycup oak|Quercus macrocarpa
2215	small deciduous tree of eastern and central United States having dark green lyrate pinnatifid leaves and tough moisture-resistant wood used especially for fence	post oak|box white oak|brash oak|iron oak|Quercus stellata
2216	medium to large deciduous timber tree of the eastern United States and southeastern Canada having dark outer bark and yellow inner bark used for tanning	black oak|yellow oak|quercitron|quercitron oak|Quercus velutina
2217	medium-sized birch of eastern North America having white or pale grey bark and valueless wood	grey birch|gray birch|American grey birch|American gray birch|Betula populifolia
2218	vigorous spreading North American tree having dark brown heavy wood	black ash|basket ash|brown ash|hoop ash|Fraxinus nigra
2219	Eurasian walnut valued for its large edible nut and its hard richly figured wood	English walnut|English walnut tree|Circassian walnut|Persian walnut|Juglans regia
2220	an American hickory tree having bitter nuts	pignut|pignut hickory|brown hickory|black hickory|Carya glabra
2221	North American hickory having loose grey shaggy bark and edible nuts	shagbark|shagbark hickory|shellbark|shellbark hickory|Carya ovata
2222	deciduous unarmed North American shrub with silvery leaves and fruits	silverberry|silver berry|silverbush|silver-bush|Elaeagnus commutata
2223	a family of dicotyledonous plants of the order Myrtales	Haloragidaceae|family Haloragidaceae|Haloragaceae|family Haloragaceae|water-milfoil family
2224	West Indian tree	bayberry|bay-rum tree|Jamaica bayberry|wild cinnamon|Pimenta acris
2225	small to medium-sized tree of Australia and Tasmania having smooth white to light-grey bark shedding in patches or strips	snow gum|ghost gum|white ash|Eucalyptus coriacea|Eucalyptus pauciflora
2226	moderate sized very symmetrical red-flowered evergreen widely cultivated in the tropics for its flower buds which are source of cloves	clove|clove tree|Syzygium aromaticum|Eugenia aromaticum|Eugenia caryophyllatum
2227	tall North American perennial with creeping rootstocks and narrow leaves and spikes of pinkish-purple flowers occurring in great abundance in burned-over areas 	fireweed|giant willowherb|rosebay willowherb|wickup|Epilobium angustifolium
2228	erect or climbing shrub of Brazil with deep pink to red flowers	lady's-eardrop|ladies'-eardrop|lady's-eardrops|ladies'-eardrops|Fuchsia coccinea
2229	a family of trees and bushes and herbs of order Myrtales	Melastomataceae|family Melastomataceae|Melastomaceae|family Melastomaceae|meadow-beauty family
2230	canna grown especially for its edible rootstock from which arrowroot starch is obtained	achira|indian shot|arrowroot|Canna indica|Canna edulis
2231	West African plant bearing pungent peppery seeds	grains of paradise|Guinea grains|Guinea pepper|melagueta pepper|Aframomum melegueta
2232	any of numerous usually rhizomatous hybrid begonias derived from an East Indian plant having rough-textured leaves patterned in silver and bronze and purple and	rex begonia|king begonia|painted-leaf begonia|beefsteak geranium|Begonia rex
2233	widely distributed family of chiefly tropical trees and shrubs and vines that produce oils and resins and some usable timber	Guttiferae|family Guttiferae|Clusiaceae|family Clusiaceae|St John's wort family
2234	annual wiry-stemmed North American weed with minute scalelike leaves and small yellow flowers	orange grass|nitweed|pineweed|pine-weed|Hypericum gentianoides
2235	tropical American tree having edible fruit with a leathery rind	mammee apple|mammee|mamey|mammee tree|Mammea americana
2236	climbing vine native to China	Chinese gooseberry|kiwi|kiwi vine|Actinidia chinensis|Actinidia deliciosa
2237	perennial of the eastern United States having early solitary yellow flowers followed by late petalless flowers	frostweed|frost-weed|frostwort|Helianthemum canadense|Crocanthemum canadense
2238	desert shrub of southwestern United States and Mexico having slender naked spiny branches that after the rainy season put forth foliage and clusters of red flow	ocotillo|coachwhip|Jacob's staff|vine cactus|Fouquieria splendens
2239	common violet of the eastern United States with large pale blue or purple flowers resembling pansies	bird's-foot violet|pansy violet|Johnny-jump-up|wood violet|Viola pedata
2240	tall perennial herb of tropical Asia with dark green leaves	ramie|ramee|Chinese silk plant|China grass|Boehmeria nivea
2241	European twining plant whose flowers are used chiefly to flavor malt liquors	common hop|common hops|bine|European hop|Humulus lupulus
2242	a strangler tree native to southern Florida and West Indies	golden fig|Florida strangler fig|strangler fig|wild fig|Ficus aurea
2243	Australian tree resembling the banyan often planted for ornament	Port Jackson fig|rusty rig|little-leaf fig|Botany Bay fig|Ficus rubiginosa
2244	large ornamental tree with graceful gradually spreading branches common in eastern North America	American elm|white elm|water elm|rock elm|Ulmus americana
2245	common lily of the eastern United States having nodding yellow or reddish flowers spotted with brown	Canada lily|wild yellow lily|meadow lily|wild meadow lily|Lilium canadense
2246	lily of eastern Mediterranean and the Balkans with broad funnel-shaped white flowers	Madonna lily|white lily|Annunciation lily|Lent lily|Lilium candidum
2247	any of several perennials of the genus Aletris having grasslike leaves and bitter roots reputed to cure colic	colicroot|colic root|crow corn|star grass|unicorn root
2248	type of onion plant producing small clustered mild-flavored bulbs used as seasoning	shallot|eschalot|multiplier onion|Allium cepa aggregatum|Allium ascalonicum
2249	European leek cultivated and used like leeks	sand leek|giant garlic|Spanish garlic|rocambole|Allium scorodoprasum
2250	perennial having hollow cylindrical leaves used for seasoning	chives|chive|cive|schnittlaugh|Allium schoenoprasum
2251	a plant of the genus Kniphofia having long grasslike leaves and tall scapes of red or yellow drooping flowers	kniphofia|tritoma|flame flower|flame-flower|flameflower
2252	any of several plants of the genus Camassia	camas|camass|quamash|camosh|camash
2253	herb of northwestern America having green-and-purple bell-shaped flowers	mission bells|rice-grain fritillary|Fritillaria affinis|Fritillaria lanceolata|Fritillaria mutica
2254	Eurasian checkered lily with pendant flowers usually veined and checkered with purple or maroon on a pale ground and shaped like the bells carried by lepers in 	snake's head fritillary|guinea-hen flower|checkered daffodil|leper lily|Fritillaria meleagris
2255	any plant of the genus Gloriosa of tropical Africa and Asia	gloriosa|glory lily|climbing lily|creeping lily|Gloriosa superba
2256	North American plant having large leaves and yellowish green flowers growing in racemes	white hellebore|American hellebore|Indian poke|bugbane|Veratrum viride
2257	yucca with long stiff leaves having filamentlike appendages	Adam's needle|Adam's needle-and-thread|spoonleaf yucca|needle palm|Yucca filamentosa
2258	a stupid mistake	stupidity|betise|folly|foolishness|imbecility
2259	poisonous woody evergreen vine of southeastern United States having fragrant yellow funnel-shaped flowers	yellow jasmine|yellow jessamine|Carolina jasmine|evening trumpet flower|Gelsemium sempervirens
2260	tropical tree with prickly trunk	brazilwood|peachwood|peach-wood|pernambuco wood|Caesalpinia echinata
2261	tropical shrub or small tree having showy yellow to orange-red flowers	pride of barbados|paradise flower|flamboyant tree|Caesalpinia pulcherrima|Poinciana pulcherrima
2262	evergreen Mediterranean tree with edible pods	carob|carob tree|carob bean tree|algarroba|Ceratonia siliqua
2263	tropical American plant having leaflets somewhat sensitive to the touch	partridge pea|sensitive pea|wild sensitive plant|Chamaecrista fasciculata|Cassia fasciculata
2264	spiny shrub or small tree of Central America and West Indies having bipinnate leaves and racemes of small bright yellow flowers and yielding a hard brown or bro	logwood|logwood tree|campeachy|bloodwood tree|Haematoxylum campechianum
2265	tropical shrub (especially of Americas) having yellow flowers and large leaves whose juice is used as a cure for ringworm and poisonous bites	ringworm bush|ringworm shrub|ringworm cassia|Senna alata|Cassia alata
2266	East Indian tree bearing a profusion of intense vermilion velvet-textured blooms and yielding a yellow dye	dhak|dak|palas|Butea frondosa|Butea monosperma
2267	sprawling shrubby perennial noted for its scarlet black-marked flowers	desert pea|Sturt pea|Sturt's desert pea|Clianthus formosus|Clianthus speciosus
2268	erect tropical Asian shrub whose small lateral leaflets rotate on their axes and jerk up and down under the influence of sunshine	telegraph plant|semaphore plant|Codariocalyx motorius|Desmodium motorium|Desmodium gyrans
2269	East Indian tree having a useful dark purple wood	Indian blackwood|East Indian rosewood|East India rosewood|Indian rosewood|Dalbergia latifolia
2270	small South American spiny tree with dark crimson and scarlet flowers solitary or clustered	ceibo|crybaby tree|cry-baby tree|common coral tree|Erythrina crista-galli
2271	North American plant similar to true licorice and having a root with similar properties	wild licorice|wild liquorice|American licorice|American liquorice|Glycyrrhiza lepidota
2272	a weak-stemmed winter annual native to Mediterranean region for long established in southern United States	singletary pea|Caley pea|rough pea|wild winterpea|Lathyrus hirsutus
2273	European herb bearing small tubers used for food and in Scotland to flavor whiskey	heath pea|earth-nut pea|earthnut pea|tuberous vetch|Lathyrus tuberosus
2274	North American annual with red or rose-colored flowers	prairie bird's-foot trefoil|compass plant|prairie lotus|prairie trefoil|Lotus americanus
2275	European forage plant having claw-shaped pods introduced in America	bird's foot trefoil|bird's foot clover|babies' slippers|bacon and eggs|Lotus corniculatus
2276	white-flowered Eurasian herb widely cultivated for forage and erosion control	white lupine|field lupine|wolf bean|Egyptian lupine|Lupinus albus
2277	stout perennial of eastern and central North America having palmate leaves and showy racemose blue flowers	wild lupine|sundial lupine|Indian beet|old-maid's bonnet|Lupinus perennis
2278	twining herb of Old World tropics cultivated in India for food and fodder	horse gram|horse grain|poor man's pulse|Macrotyloma uniflorum|Dolichos biflorus
2279	prostrate European herb with small yellow flowers and curved black pods	black medick|hop clover|yellow trefoil|nonesuch clover|Medicago lupulina
2280	bush bean plant cultivated especially in southern United States having small flat edible seeds	sieva bean|butter bean|butter-bean plant|lima bean|Phaseolus lunatus
2281	variety of pea plant native to the Mediterranean region and North Africa and widely grown especially for forage	field pea|field-pea plant|Austrian winter pea|Pisum sativum arvense|Pisum arvense
2282	densely hairy perennial of central North America having edible tuberous roots	breadroot|Indian breadroot|pomme blanche|pomme de prairie|Psoralea esculenta
2283	tree of India and East Indies yielding a hard fragrant timber prized for cabinetwork and dark red heartwood used as a dyewood	red sandalwood|red sanders|red sanderswood|red saunders|Pterocarpus santalinus
2284	handsome roundheaded deciduous tree having compound dark green leaves and profuse panicles of fragrant creamy-white flowers	Japanese pagoda tree|Chinese scholartree|Chinese scholar tree|Sophora japonica|Sophora sinensis
2285	shrub or small tree having pinnate leaves poisonous to livestock and dense racemes of intensely fragrant blue flowers and red beans	mescal bean|coral bean|frijolito|frijolillo|Sophora secundiflora
2286	very spiny and dense evergreen shrub with fragrant golden-yellow flowers	gorse|furze|whin|Irish gorse|Ulex europaeus
2287	erect bushy annual widely cultivated in warm regions of India and Indonesia and United States for forage and especially its edible seeds	mung|mung bean|mung bean plant|Vigna radiata|Phaseolus aureus
2288	sprawling Old World annual cultivated especially in southern United States for food and forage and green manure	cowpea|cowpea plant|black-eyed pea|Vigna unguiculata|Vigna sinensis
2289	tropical American feather palm having a swollen spiny trunk and edible nuts	grugru|gri-gri|grugru palm|macamba|Acrocomia aculeata
2290	Brazilian palm yielding fibers used in making ropes, mats, and brushes	piassava palm|pissaba palm|Bahia piassava|bahia coquilla|Attalea funifera
2291	Brazilian fan palm having an edible root	carnauba|carnauba palm|wax palm|Copernicia prunifera|Copernicia cerifera
2292	small palm of southern Florida and West Indies closely resembling the silvertop palmetto	thatch palm|thatch tree|silver thatch|broom palm|Thrinax parviflora
2293	annual with broadly ovate leaves and slender drooping spikes of crimson flowers	prince's-feather|princess feather|kiss-me-over-the-garden-gate|prince's-plume|Polygonum orientale
2294	Asian herb (Himalayas)	Himalayan rhubarb|Indian rhubarb|red-veined pie plant|Rheum australe|Rheum emodi
2295	long cultivated hybrid of Rheum palmatum	pie plant|garden rhubarb|Rheum cultorum|Rheum rhabarbarum|Rheum rhaponticum
2296	dense festoons of greenish-grey hairlike flexuous strands anchored to tree trunks and branches by sparse wiry roots	Spanish moss|old man's beard|black moss|long moss|Tillandsia usneoides
2297	monotypic family of aquatic plants having narrow leaves and small flowers	Naiadaceae|family Naiadaceae|Najadaceae|family Najadaceae|naiad family
2298	a family of monocotyledonous bog herbs of order Naiadales	Scheuchzeriaceae|family Scheuchzeriaceae|Juncaginaceae|family Juncaginaceae|arrow-grass family
2299	vigorously growing rose having clusters of numerous small flowers	multiflora|multiflora rose|Japanese rose|baby rose|Rosa multiflora
2300	any of various North American trees or shrubs having showy white flowers and edible blue-black or purplish fruit	Juneberry|serviceberry|service tree|shadbush|shadblow
2301	small tropical American tree bearing edible plumlike fruit	coco plum|coco plum tree|cocoa plum|icaco|Chrysobalanus icaco
2302	erect and almost thornless American hawthorn with somewhat pear-shaped berries	blackthorn|pear haw|pear hawthorn|Crataegus calpodendron|Crataegus tomentosa
2303	thorny Eurasian shrub of small tree having dense clusters of white to scarlet flowers followed by deep red berries	whitethorn|English hawthorn|may|Crataegus laevigata|Crataegus oxycantha
2304	evergreen tree of warm regions having fuzzy yellow olive-sized fruit with a large free stone	loquat|loquat tree|Japanese medlar|Japanese plum|Eriobotrya japonica
2305	erect perennial of north temperate zone having pinnate leaves and a few nodding flowers with a brown-purple calyx and orange and pink petals	water avens|Indian chocolate|purple avens|chocolate root|Geum rivale
2306	hairy Eurasian plant with small yellow flowers and an astringent root formerly used medicinally	herb bennet|cloveroot|clover-root|wood avens|Geum urbanum
2307	Asian wild crab apple cultivated in many varieties for it small acid usually red fruit used for preserving	Siberian crab|Siberian crab apple|cherry apple|cherry crab|Malus baccata
2308	wild crab apple of western United States with fragrant pink flowers	Iowa crab|Iowa crab apple|prairie crab|western crab apple|Malus ioensis
2309	small flowering evergreen tree of southern United States	cherry laurel|laurel cherry|mock orange|wild orange|Prunus caroliniana
2310	small bushy deciduous tree native to Asia and North Africa having pretty pink blossoms and highly prized edible nuts enclosed in a hard green hull	almond|sweet almond|Prunus dulcis|Prunus amygdalus|Amygdalus communis
2311	California evergreen wild plum with spiny leathery leaves and white flowers	holly-leaved cherry|holly-leaf cherry|evergreen cherry|islay|Prunus ilicifolia
2312	small straggling American cherry growing on sandy soil and having minute scarcely edible purplish-black fruit	sand cherry|Prunus pumila|Prunus pumilla susquehanae|Prunus susquehanae|Prunus cuneata
2313	stout-stemmed trailing shrub of New Zealand that scrambles over other growth	lawyerbush|lawyer bush|bush lawyer|Rubus cissoides|Rubus australis
2314	raspberry native to eastern North America having black thimble-shaped fruit	black raspberry|blackcap|blackcap raspberry|thimbleberry|Rubus occidentalis
2315	shrub having copious small white flowers in spring	bridal wreath|bridal-wreath|Saint Peter's wreath|St. Peter's wreath|Spiraea prunifolia
2316	handsome shrub with showy orange to scarlet or crimson flowers	scarlet bush|scarlet hamelia|coloradillo|Hamelia patens|Hamelia erecta
2317	South African evergreen having hard tough wood	lemonwood|lemon-wood|lemonwood tree|lemon-wood tree|Psychotria capensis
2318	evergreen North American honeysuckle vine having coral-red or orange flowers	trumpet honeysuckle|coral honeysuckle|trumpet flower|trumpet vine|Lonicera sempervirens
2319	coarse weedy American perennial herb with large usually perfoliate leaves and purple or dull red flowers	feverroot|horse gentian|tinker's root|wild coffee|Triostium perfoliatum
2320	deciduous North American shrub or small tree having three-lobed leaves and red berries	cranberry bush|cranberry tree|American cranberry bush|highbush cranberry|Viburnum trilobum
2321	tropical American shrub bearing edible acid red fruit resembling cherries	barbados cherry|acerola|Surinam cherry|West Indian cherry|Malpighia glabra
2322	Philippine timber tree having hard red fragrant wood	Philippine mahogany|Philippine cedar|kalantas|Toona calantas|Cedrela calantas
2323	bog plant of pine barrens of southeastern United States having spikes of irregular yellow-orange flowers	orange milkwort|yellow milkwort|candyweed|yellow bachelor's button|Polygala lutea
2324	common trailing perennial milkwort of eastern North America having leaves like wintergreen and usually rosy-purple flowers with winged sepals	flowering wintergreen|gaywings|bird-on-the-wing|fringed polygala|Polygala paucifolia
2325	large citrus tree having large sweet deep orange fruit that is easily peeled	temple orange|temple orange tree|tangor|king orange|Citrus nobilis
2326	Eurasian perennial herb with white flowers that emit flammable vapor in hot weather	fraxinella|dittany|burning bush|gas plant|Dictamnus alba
2327	North American poplar with large rounded scalloped leaves and brownish bark and wood	swamp cottonwood|black cottonwood|downy poplar|swamp poplar|Populus heterophylla
2328	Australian tree with edible flesh and edible nutlike seed	quandong|quandang|quandong tree|Eucarya acuminata|Fusanus acuminatus
2329	evergreen of tropical America having pulpy fruit containing saponin which was used as soap by Native Americans	China tree|false dogwood|jaboncillo|chinaberry|Sapindus saponaria
2330	Chinese tree cultivated especially in Philippines and India for its edible fruit	litchi|lichee|litchi tree|Litchi chinensis|Nephelium litchi
2331	ornamental Asiatic vine with showy orange-yellow fruit with a scarlet aril	Japanese bittersweet|Japan bittersweet|oriental bittersweet|Celastrus orbiculatus|Celastric articulatus
2332	evergreen holly of eastern North America with oblong leathery leaves and small black berries	inkberry|gallberry|gall-berry|evergreen winterberry|Ilex glabra
2333	common nonpoisonous shrub of eastern North America with compound leaves and green paniculate flowers followed by red berries	dwarf sumac|mountain sumac|black sumac|shining sumac|Rhus copallina
2334	deciduous shrubby tree or eastern North America with compound leaves that turn brilliant red in fall and dense panicles of greenish yellow flowers followed by c	staghorn sumac|velvet sumac|Virginian sumac|vinegar tree|Rhus typhina
2335	smooth American swamp shrub with pinnate leaves and greenish flowers followed by greenish white berries	poison ash|poison dogwood|poison sumac|Toxicodendron vernix|Rhus vernix
2336	shrubby thorny deciduous tree of southeastern United States with white flowers and small black drupaceous fruit	southern buckthorn|shittimwood|shittim|mock orange|Bumelia lycioides
2337	tropical American timber tree with dark hard heavy wood and small plumlike purple fruit	satinleaf|satin leaf|caimitillo|damson plum|Chrysophyllum oliviforme
2338	a tropical hardwood tree yielding balata gum and heavy red timber	balata|balata tree|beefwood|bully tree|Manilkara bidentata
2339	tropical American tree having wood like mahogany and sweet edible egg-shaped fruit	marmalade tree|mammee|sapote|Pouteria zapota|Calocarpum zapota
2340	perennial northern temperate plant with toothed leaves and heads of small purplish-white flowers	orpine|orpin|livelong|live-forever|Sedum telephium
2341	eastern Asiatic saxifrage with racemes of small red-and-white flowers	strawberry geranium|strawberry saxifrage|mother-of-thousands|Saxifraga stolonifera|Saxifraga sarmentosam
2342	stoloniferous white-flowered spring-blooming woodland plant	foamflower|coolwart|false miterwort|false mitrewort|Tiarella cordifolia
2343	low tufted perennial phlox with needlelike evergreen leaves and pink or white flowers	moss pink|mountain phlox|moss phlox|dwarf phlox|Phlox subulata
2344	woody flowering vine of southern United States	cross vine|trumpet flower|quartervine|quarter-vine|Bignonia capreolata
2345	a coarse prickly European weed with spikes of blue flowers	blueweed|blue devil|blue thistle|viper's bugloss|Echium vulgare
2346	tropical American annual climber having red (sometimes white) flowers and finely dissected leaves	cypress vine|star-glory|Indian pink|Ipomoea quamoclit|Quamoclit pennata
2347	a large family of aromatic herbs and shrubs having flowers resembling the lips of a mouth and four-lobed ovaries yielding four one-seeded nutlets and including 	Labiatae|family Labiatae|Lamiaceae|family Lamiaceae|mint family
2348	fragrant European mint having clusters of small violet-and-white flowers	basil thyme|basil balm|mother of thyme|Acinos arvensis|Satureja acinos
2349	ill-smelling European herb with rugose leaves and whorls of dark purple flowers	black horehound|black archangel|fetid horehound|stinking horehound|Ballota nigra
2350	perennial aromatic herb of southeastern Asia having large usually bright-colored or blotched leaves and spikes of blue-violet flowers	painted nettle|Joseph's coat|Coleus blumei|Solenostemon blumei|Solenostemon scutellarioides
2351	relatively nontoxic South African herb smoked like tobacco	dagga|Cape dagga|red dagga|wilde dagga|Leonotis leonurus
2352	perennial aromatic herb of eastern North America having variously colored tubular flowers in dense showy heads	bee balm|beebalm|bergamot mint|oswego tea|Monarda didyma
2353	an American mint that yields a resinous exudate used especially formerly as an antispasmodic	blue pimpernel|blue skullcap|mad-dog skullcap|mad-dog weed|Scutellaria lateriflora
2354	East Indian annual erect herb	sesame|benne|benni|benny|Sesamum indicum
2355	common European perennial having showy yellow and orange flowers	toadflax|butter-and-eggs|wild snapdragon|devil's flax|Linaria vulgaris
2356	coarse prickly weed having pale yellow flowers and yellow berrylike fruit	horse nettle|ball nettle|bull nettle|ball nightshade|Solanum carolinense
2357	Eurasian herb naturalized in America having white flowers and poisonous hairy foliage and bearing black berries that are sometimes poisonous but sometimes edibl	black nightshade|common nightshade|poisonberry|poison-berry|Solanum nigrum
2358	Mexican annual naturalized in eastern North America having yellow to purple edible fruit resembling small tomatoes	tomatillo|miltomate|purple ground cherry|jamberry|Physalis philadelphica
2359	not unattractive European weed whose flowers turn toward the sun	sun spurge|wartweed|wartwort|devil's milk|Euphorbia helioscopia
2360	large shrub of tropical Africa and Asia having large palmate leaves and spiny capsules containing seeds that are the source of castor oil and ricin	castor-oil plant|castor bean plant|palma christi|palma christ|Ricinus communis
2361	plants having flowers in umbels: parsley	Umbelliferae|family Umbelliferae|Apiaceae|family Apiaceae|carrot family
2362	Old World herb with aromatic leaves and seed resembling parsley	coriander|coriander plant|Chinese parsley|cilantro|Coriandrum sativum
2363	European herb somewhat resembling celery widely naturalized in Britain coastal regions and often cultivated as a potherb	Alexander|Alexanders|black lovage|horse parsley|Smyrnium olusatrum
2364	European deciduous shrub turning red in autumn having dull white flowers	common European dogwood|red dogwood|blood-twig|pedwood|Cornus sanguinea
2365	creeping perennial herb distinguished by red berries and clustered leaf whorls at the tips of shoots	bunchberry|dwarf cornel|crackerberry|pudding berry|Cornus canadensis
2366	large and heterogeneous form division of fungi comprising forms for which no sexually reproductive stage is known	Deuteromycota|subdivision Deuteromycota|Deuteromycotina|Fungi imperfecti|subdivision Deuteromycotina
2367	extremely poisonous usually white fungus with a prominent cup-shaped base	death cap|death cup|death angel|destroying angel|Amanita phalloides
2368	a morel whose pitted fertile body is attached to the stalk with little free skirt around it	black morel|Morchella conica|conic morel|Morchella angusticeps|narrowhead morel
2369	a war between the allies (Russia, France, British Empire, Italy, United States, Japan, Rumania, Serbia, Belgium, Greece, Portugal, Montenegro) and the Central P	World War I|World War 1|Great War|First World War|War to End War
2370	plant adapted for life with a limited supply of water	desert plant|xerophyte|xerophytic plant|xerophile|xerophilous plant
2371	spiny tree having dark red edible fruits	jujube|jujube bush|Christ's-thorn|Jerusalem thorn|Ziziphus jujuba
2372	tropical American fern with brown scaly rhizomes cultivated for its large deeply lobed deep bluish-green fronds	golden polypody|serpent fern|rabbit's-foot fern|Phlebodium aureum|Polypodium aureum
2373	feathery fern of tropical Asia and Malaysia	squirrel's-foot fern|ball fern|Davalia bullata|Davalia bullata mariesii|Davallia Mariesii
2374	fern of eastern North America with pale green fronds and an aroma like hay	hay-scented|hay-scented fern|scented fern|boulder fern|Dennstaedtia punctilobula
2375	North American fern with narrow fronds on yellowish leafstalks	silvery spleenwort|glade fern|narrow-leaved spleenwort|Athyrium pycnocarpon|Diplazium pycnocarpon
2376	tropical American terrestrial fern with leathery lanceolate fronds	hart's-tongue|hart's-tongue fern|Olfersia cervina|Polybotrya cervina|Polybotria cervina
2377	North American evergreen fern having pinnate leaves and dense clusters of lance-shaped fronds	Christmas fern|canker brake|dagger fern|evergreen wood fern|Polystichum acrostichoides
2378	widely distributed fern of tropical southern hemisphere having leathery pinnatifid fronds	leather fern|leatherleaf fern|ten-day fern|Rumohra adiantiformis|Polystichum adiantiformis
2379	named for a country house in Barbados where it was discovered	Farley maidenhair|Farley maidenhair fern|Barbados maidenhair|glory fern|Adiantum tenerum farleyense
2380	evergreen erect horsetail with rough-edged stems	scouring rush|rough horsetail|Equisetum hyemale|Equisetum hyemale robustum|Equisetum robustum
2381	beech fern of North American woodlands having straw-colored stripes	broad beech fern|southern beech fern|Phegopteris hexagonoptera|Dryopteris hexagonoptera|Thelypteris hexagonoptera
2382	extensive landed property (especially in the country) retained by the owner for his own use	estate|land|landed estate|acres|demesne
2383	a large sum of money (especially as pay or profit)	pile|bundle|big bucks|megabucks|big money
2384	something that remunerates	wage|pay|earnings|remuneration|salary
2385	assets in the form of money	funds|finances|monetary resource|cash in hand|pecuniary resource
2386	a savings account deposited by someone who makes themselves the trustee for a beneficiary and who controls it during their lifetime	savings account trust|savings bank trust|trust account|trustee account|Totten trust
2387	financial resources provided to make some project possible	support|financial support|funding|backing|financial backing
2388	the act of hitting vigorously	knock|belt|rap|whack|whang
2389	a piece of paper money worth one dollar	dollar|dollar bill|one dollar bill|buck|clam
2390	a record in which commercial accounts are recorded	ledger|leger|account book|book of account|book
2391	introduction during embryonic development of characters or structure not present in the earlier evolutionary history of the strain or species (such as the addit	cenogenesis|kenogenesis|caenogenesis|cainogenesis|kainogenesis
2392	(economics) the utilization of economic goods to satisfy needs or in manufacturing	consumption|economic consumption|usance|use|use of goods and services
2393	(biology) the process of decay caused by bacterial or fungal action	decomposition|rot|rotting|putrefaction|breakdown
2394	the bodily process of discharging waste matter	elimination|evacuation|excretion|excreting|voiding
2395	(geology) the mechanical process of wearing or grinding something down (as by particles washing over it)	erosion|eroding|eating away|wearing|wearing away
2396	the process of becoming hard or solid by cooling or drying or crystallization	hardening|solidifying|solidification|set|curing
2397	periodic shedding of the cuticle in arthropods or the outer skin in reptiles	molt|molting|moult|moulting|ecdysis
2398	the process of the sweat glands of the skin secreting a salty fluid	perspiration|sweating|diaphoresis|sudation|hidrosis
2399	a noticeable deterioration in performance or quality	slump|slack|drop-off|falloff|falling off
2400	the process of becoming a vapor	vaporization|vaporisation|vapor|vapour|evaporation
2401	a process in which an agent causes an organic substance to break down into simpler substances	zymosis|zymolysis|fermentation|fermenting|ferment
2402	the basic unit of money in Great Britain and Northern Ireland	British pound|pound|British pound sterling|pound sterling|quid
2403	a unit of heat equal to the amount of heat required to raise the temperature of one kilogram of water by one degree at one atmosphere pressure	Calorie|kilogram calorie|kilocalorie|large calorie|nutritionist's calorie
2404	the cardinal number that is the sum of eight and one	nine|IX|niner|Nina from Carolina|ennead
2405	the cardinal number that is the sum of twelve and one	thirteen|13|XIII|baker's dozen|long dozen
2406	the cardinal number that is the product of 10 and 100	thousand|one thousand|1000|chiliad|grand
2407	a large indefinite number	battalion|large number|multitude|plurality|pack
2408	an order of higher bacteria	order Myxobacteria|Myxobacterales|order Myxobacterales|Myxobacteriales|order Myxobacteriales
2409	(mathematics) a mathematical relation such that each element of a given set (the domain of the function) is associated with an element of another set (the range	function|mathematical function|single-valued function|map|mapping
2410	bacteria that form colonies in self-produced slime	myxobacteria|myxobacterium|myxobacter|gliding bacteria|slime bacteria
2411	a tense of verbs used in describing action that is on-going	progressive|progressive tense|imperfect|imperfect tense|continuous tense
2412	something determined in relation to something that includes it	part|portion|component part|component|constituent
2413	the ratio of signal intensity to noise intensity	signal-to-noise ratio|signal-to-noise|signal/noise ratio|signal/noise|S/N
2414	the relation that exists when things occur at unrelated times	asynchronism|asynchrony|desynchronization|desynchronisation|desynchronizing
2415	any of various parasites that live in the internal organs of animals (especially intestinal worms)	endoparasite|entoparasite|entozoan|entozoon|endozoan
2416	any external parasitic organism (as fleas)	ectoparasite|ectozoan|ectozoon|epizoan|epizoon
2417	one of a series of rounded projections (or the notches between them) formed by curves along an edge (as the edge of a leaf or piece of cloth or the margin of a 	scallop|crenation|crenature|crenel|crenelle
2418	a toroidal shape	ring|halo|annulus|doughnut|anchor ring
2419	a tortuous and twisted shape or position	tortuosity|tortuousness|torsion|contortion|crookedness
2420	(physics) the angle that a magnetic needle makes with the plane of the horizon	dip|angle of dip|magnetic dip|magnetic inclination|inclination
2421	a depression scratched or carved into a surface	incision|scratch|prick|slit|dent
2422	a long narrow depression in a surface	crevice|cranny|crack|fissure|chap
2423	the shape or manner in which things come together and a connection is made	articulation|join|joint|juncture|junction
2424	euphemisms for death (based on an analogy between lying in a bed and in a tomb)	rest|eternal rest|sleep|eternal sleep|quietus
2425	the state of being a married couple voluntarily joined for life (or until divorce)	marriage|matrimony|union|spousal relationship|wedlock
2426	a state of extreme confusion and disorder	chaos|pandemonium|bedlam|topsy-turvydom|topsy-turvyness
2427	a state of agitation or turbulent change or development	agitation|ferment|fermentation|tempestuousness|unrest
2428	total absence of light	total darkness|lightlessness|blackness|pitch blackness|black
2429	a state of being carried away by overwhelming emotion	ecstasy|rapture|transport|exaltation|raptus
2430	a state of extreme happiness	bliss|blissfulness|cloud nine|seventh heaven|walking on air
2431	the state of being unsullied by sin or moral wrong	purity|pureness|sinlessness|innocence|whiteness
2432	the state of being under the control of another person	bondage|slavery|thrall|thralldom|thraldom
2433	a situation in which no progress can be made or no advancement is possible	deadlock|dead end|impasse|stalemate|standstill
2434	a recurring sleep state during which rapid eye movements do not occur and dreaming does not occur	orthodox sleep|nonrapid eye movement sleep|NREM sleep|nonrapid eye movement|NREM
2435	a recurring sleep state during which dreaming occurs	paradoxical sleep|rapid eye movement sleep|REM sleep|rapid eye movement|REM
2436	the state of being emotionally aroused and worked up	excitement|excitation|inflammation|fervor|fervour
2437	excessive desire to eat	edacity|esurience|ravenousness|voracity|voraciousness
2438	a common rockweed used in preparing kelp and as manure	bladderwrack|black rockweed|bladder fucus|tang|Fucus vesiculosus
2439	being abnormally tolerant to and dependent on something that is psychologically or physically habit-forming (especially alcohol or narcotic drugs)	addiction|dependence|dependance|dependency|habituation
2440	(psychiatry) a psychological disorder of thought or emotion	mental disorder|mental disturbance|disturbance|psychological disorder|folie
2441	aphasia in which expression by speech or writing is severely impaired	motor aphasia|Broca's aphasia|ataxic aphasia|expressive aphasia|nonfluent aphasia
2442	inability to name objects or to recognize written or spoken names of objects	nominal aphasia|anomic aphasia|anomia|amnesic aphasia|amnestic aphasia
2443	aphasia characterized by fluent but meaningless speech and severe impairment of the ability understand spoken or written words	Wernicke's aphasia|fluent aphasia|receptive aphasia|sensory aphasia|impressive aphasia
2444	sclerosis of the arterial walls	arteriosclerosis|arterial sclerosis|hardening of the arteries|induration of the arteries|coronary-artery disease
2445	recurrent large circumscribed areas of subcutaneous edema	angioedema|atrophedema|giant hives|periodic edema|Quincke's edema
2446	a common venereal disease caused by the treponema pallidum spirochete	syphilis|syph|pox|lues venerea|lues
2447	an acute disease characterized by fever and swollen lymph nodes and an abnormal increase of mononuclear leucocytes or monocytes in the bloodstream	infectious mononucleosis|mononucleosis|mono|glandular fever|kissing disease
2448	involving the lungs with progressive wasting of the body	pulmonary tuberculosis|consumption|phthisis|wasting disease|white plague
2449	dark purple edible seaweed of the Atlantic coasts of Europe and North America	Irish moss|carrageen|carageen|carragheen|Chondrus crispus
2450	a deficiency of color vision in which the person can match any given hue by mixing only two other wavelengths of light (as opposed to the three wavelengths need	dichromacy|dichromatism|dichromatopsia|dichromia|dichromasy
2451	complete color blindness	monochromacy|monochromatism|monochromatic vision|monochromia|monochromasy
2452	the most common hereditary disease	cystic fibrosis|CF|fibrocystic disease of the pancreas|pancreatic fibrosis|mucoviscidosis
2453	hereditary disease (autosomal recessive) consisting of an error is mucopolysaccharide metabolism	Hurler's syndrome|Hurler's disease|gargoylism|dysostosis multiplex|lipochondrodystrophy
2454	a congenital disorder caused by having an extra 21st chromosome	mongolism|mongolianism|Down's syndrome|Down syndrome|trisomy 21
2455	a usually nonphotosynthetic free-living protozoan with whiplike appendages	flagellate|flagellate protozoan|flagellated protozoan|mastigophoran|mastigophore
2456	a group of illnesses caused by a viral infection (usually restricted to a specific geographic area)	hemorrhagic fever|haemorrhagic fever|viral hemorrhagic fever|viral haemorrhagic fever|VHF
2457	a form of leishmaniasis endemic in Mexico and Central American and South America	mucocutaneous leishmaniasis|New World leishmaniasis|American leishmaniasis|leishmaniasis americana|nasopharyngeal leishmaniasis
2458	an infection of the oral pharynx and tonsils by streptococcus	streptococcal sore throat|strep throat|streptococcus tonsilitis|septic sore throat|throat infection
2459	a blight of potatoes	potato blight|potato mold|potato disease|potato mildew|potato murrain
2460	widespread xanthomas (especially on elbows and knees)	xanthomatosis|xanthoma multiplex|cholesterosis cutis|lipid granulomatosis|lipoid granulomatosis
2461	a tumor that is not cancerous	benign tumor|benign tumour|nonmalignant tumor|nonmalignant tumour|nonmalignant neoplasm
2462	malignant renal tumor of young children characterized by hypertension and blood in the urine and the presence of a palpable mass	Wilms' tumor|Wilms tumour|adenomyosarcoma|nephroblastoma|embryoma of the kidney
2463	a highly infectious disease of rodents (especially rabbits and squirrels) and sometimes transmitted to humans by ticks or flies or by handling infected animals	tularemia|tularaemia|rabbit fever|deer fly fever|yatobyo
2464	sudden and unexpected death of an apparently healthy infant during sleep	sudden infant death syndrome|SIDS|infant death|crib death|cot death
2465	clinical neurological syndrome characterized by muscular twitching and cramps and (when severe) seizures	tetany|tetanilla|intermittent tetanus|intermittent cramp|apyretic tetanus
2466	an acute infectious disease occurring in epidemic form and featuring paroxysms of pain (usually in the chest)	epidemic pleurodynia|epidemic myalgia|myosis|diaphragmatic pleurisy|Bornholm disease
2467	an encephalitis that was epidemic between 1915 and 1926	sleeping sickness|sleepy sickness|epidemic encephalitis|lethargic encephalitis|encephalitis lethargica
2468	a local infection induced in humans by inoculation with the virus causing cowpox in order to confer resistance to smallpox	vaccinia|vaccina|variola vaccine|variola vaccinia|variola vaccina
2469	a rise in the temperature of the body	fever|febrility|febricity|pyrexia|feverishness
2470	state of violent mental agitation	craze|delirium|frenzy|fury|hysteria
2471	agitation resulting from active worry	fret|stew|sweat|lather|swither
2472	an excited state of agitation	dither|pother|fuss|tizzy|flap
2473	a state of depression	blues|blue devils|megrims|vapors|vapours
2474	the state of demanding notice or attention	imperativeness|insistence|insistency|press|pressure
2475	a highly developed state of perfection	polish|refinement|culture|cultivation|finish
2476	a defect that is present at birth	birth defect|congenital anomaly|congenital defect|congenital disorder|congenital abnormality
2477	a wild or unrefined state	crudeness|crudity|primitiveness|primitivism|rudeness
2478	a state of extreme poverty or destitution	indigence|need|penury|pauperism|pauperization
2479	a source of danger	hazard|jeopardy|peril|risk|endangerment
2480	abnormal condition in which vision for distant objects is better than for near objects	hyperopia|hypermetropia|hypermetropy|farsightedness|longsightedness
2481	the organic group of acetic acid (CH3CO-)	acetyl|acetyl group|acetyl radical|ethanoyl group|ethanoyl radical
2482	the fluid-filled cavity inside a blastula	blastocoel|blastocoele|blastocele|segmentation cavity|cleavage cavity
2483	the levorotatory form of dopa (trade names Bendopa and Brocadopa and Larodopa)	L-dopa|levodopa|Bendopa|Brocadopa|Larodopa
2484	any element of the lanthanide series (atomic numbers 57 through 71)	rare earth|rare-earth element|lanthanoid|lanthanide|lanthanon
2485	a transuranic element	dubnium|Db|hahnium|element 105|atomic number 105
2486	a heavy silvery toxic univalent and bivalent metallic element	mercury|quicksilver|hydrargyrum|Hg|atomic number 80
2487	the inner germ layer that develops into the lining of the digestive and respiratory systems	endoderm|entoderm|endoblast|entoblast|hypoblast
2488	a waxy mineral that is a mixture of hydrocarbons and occurs in association with petroleum	ader wax|earth wax|mineral wax|ozokerite|ozocerite
2489	a potent estrogen used in medicine and in feed for livestock and poultry	diethylstilbestrol|diethylstilboestrol|stilbestrol|stilboestrol|DES
2490	a dehydrogenated analogue of cortisol (trade names Orasone or Deltasone or Liquid Pred or Meticorten)	prednisone|Orasone|Deltasone|Liquid Pred|Meticorten
2491	a white soluble compound (NaHCO3) used in effervescent drinks and in baking powders and as an antacid	bicarbonate of soda|sodium hydrogen carbonate|sodium bicarbonate|baking soda|saleratus
2492	an agent that counteracts or neutralizes acidity (especially in the stomach)	antacid|gastric antacid|alkalizer|alkaliser|antiacid
2493	a black colloidal substance consisting wholly or principally of amorphous carbon and used to make pigments and ink	carbon black|lampblack|soot|smut|crock
2494	a toxic white soluble crystalline acidic derivative of benzene	carbolic acid|phenol|hydroxybenzene|oxybenzene|phenylic acid
2495	large aggressive shark widespread in warm seas	great white shark|white shark|man-eater|man-eating shark|Carcharodon carcharias
2496	waste matter (as urine or sweat but especially feces) discharged from the body	body waste|excretion|excreta|excrement|excretory product
2497	the remains of something that has been destroyed or broken up	debris|dust|junk|rubble|detritus
2498	(KNO3) used especially as a fertilizer and explosive	potassium nitrate|saltpeter|saltpetre|niter|nitre
2499	large pelagic shark of warm seas with a whiplike tail used to round up small fish on which to feed	thresher|thrasher|thresher shark|fox shark|Alopius vulpinus
2500	colorless glass made of almost pure silica	quartz glass|quartz|vitreous silica|lechatelierite|crystal
2501	gum resin used especially in treating skin irritation	benzoin|gum benzoin|benjamin|gum benjamin|asa dulcis
2502	slightly purplish or bluish dark grey	iron blue|steel grey|steel gray|Davy's grey|Davy's gray
2503	a series of non-aromatic saturated hydrocarbons with the general formula CnH(2n+2)	methane series|alkane series|alkane|paraffin series|paraffin
2504	a toxic war gas with sulfide based compounds that raises blisters and attacks the eyes and lungs	mustard gas|mustard agent|blistering agent|dichloroethyl sulfide|sulfur mustard
2505	a soil that develops in temperate to cold moist climates under coniferous or heath vegetation	podzol|podzol soil|podsol|podsol soil|podsolic soil
2506	an elastic material obtained from the latex sap of trees (especially trees of the genera Hevea and Ficus) that can be vulcanized and finished into a variety of 	rubber|natural rubber|India rubber|gum elastic|caoutchouc
2507	a complex red organic pigment containing iron and other atoms to which oxygen binds	heme|haem|hematin|haemitin|protoheme
2508	a class of proteins produced in lymph tissue in vertebrates and that function as antibodies in the immune response	immunoglobulin|Ig|immune serum globulin|immune gamma globulin|immune globulin
2509	a sodium salt of carbonic acid	sodium carbonate|washing soda|sal soda|soda ash|soda
2510	a liquid substance capable of dissolving other substances	solvent|dissolvent|dissolver|dissolving agent|resolvent
2511	hormone released by the hypothalamus that controls the release of thyroid-stimulating hormone from the anterior pituitary	thyrotropin-releasing hormone|TRH|thyrotropin-releasing factor|TRF|protirelin
2512	originally thought to be a single vitamin but now separated into several B vitamins	B-complex vitamin|B complex|vitamin B complex|vitamin B|B vitamin
2513	a B vitamin that prevents beriberi	vitamin B1|thiamine|thiamin|aneurin|antiberiberi factor
2514	a B vitamin that is essential for metabolism of amino acids and starch	vitamin B6|pyridoxine|pyridoxal|pyridoxamine|adermin
2515	a fat-soluble vitamin that prevents rickets	vitamin D|calciferol|viosterol|ergocalciferol|cholecalciferol
2516	material for starting a fire	kindling|tinder|touchwood|spunk|punk
2517	a late time of life	old age|years|age|eld|geezerhood
2518	(astronomy) a measure of time defined by Earth's orbital motion	terrestrial time|TT|terrestrial dynamical time|TDT|ephemeris time
2519	the act of detecting something	detection|catching|espial|spying|spotting
2520	the lunar calendar used by Muslims	Islamic calendar|Muhammadan calendar|Mohammedan calendar|Moslem calendar|Muslim calendar
2521	(Judaism) a solemn Jewish feast day celebrated on the 1st or 1st and 2nd of Tishri	Rosh Hashanah|Rosh Hashana|Rosh Hashonah|Rosh Hashona|Jewish New Year
2522	a day for the exchange of tokens of affection	Valentine Day|Valentine's Day|Saint Valentine's Day|St Valentine's Day|February 14
2523	twelve days after Christmas	Epiphany|Epiphany of Our Lord|Twelfth day|Three Kings' Day|January 6
2524	a Christian feast day honoring all the saints	All Saints' Day|Allhallows|November 1|Hallowmas|Hallowmass
2525	the night before Midsummer Day	Midsummer Eve|Midsummer Night|St John's Eve|St John's Night|June 23
2526	an indefinitely short time	moment|mo|minute|second|bit
2527	a time interval during which there is a temporary cessation of something	pause|intermission|break|interruption|suspension
2528	time during which some action is awaited	delay|hold|time lag|postponement|wait
2529	the ratio of live births in an area to the population of that area	birthrate|birth rate|fertility|fertility rate|natality
2530	the ratio of deaths in an area to the population of that area	deathrate|death rate|mortality|mortality rate|fatality rate
2531	1,000,000,000 periods per second	gigahertz|GHz|gigacycle per second|gigacycle|Gc
2532	one thousand periods per second	kilohertz|kHz|kilocycle per second|kilocycle|kc
2533	one million periods per second	megahertz|MHz|megacycle per second|megacycle|Mc
2534	the day in 2001 when Arab suicide bombers hijacked United States airliners and used them as bombs	9/11|9-11|September 11|Sept. 11|Sep 11
2535	crested thick-billed North American finch having bright red plumage in the male	cardinal|cardinal grosbeak|Richmondena Cardinalis|Cardinalis cardinalis|redbird
2536	the act of determining that something is false	falsification|falsifying|disproof|refutation|refutal
2537	a determination of the place where something is	localization|localisation|location|locating|fix
2538	small Old World songbird with a reddish breast	robin|redbreast|robin redbreast|Old World robin|Erithacus rubecola
2539	small European warbler that breeds among reeds and wedges and winters in Africa	sedge warbler|sedge bird|sedge wren|reedbird|Acrocephalus schoenobaenus
2540	eastern subspecies of northern oriole	Baltimore oriole|Baltimore bird|hangbird|firebird|Icterus galbula galbula
2541	large harmless hawk found worldwide that feeds on fish and builds a bulky nest often occupied for years	osprey|fish hawk|fish eagle|sea eagle|Pandion haliaetus
2542	western North American frog with a taillike copulatory organ	tailed frog|bell toad|ribbed toad|tailed toad|Ascaphus trui
2543	pugnacious tropical sea turtle with a hawk-like beak	hawksbill turtle|hawksbill|hawkbill|tortoiseshell turtle|Eretmochelys imbricata
2544	the largest lizard in the world (10 feet)	Komodo dragon|Komodo lizard|dragon lizard|giant lizard|Varanus komodoensis
2545	widespread group including duck-billed dinosaurs and their early relatives (hadrosaurs, trachodon and iguanodon)	Euronithopoda|suborder Euronithopoda|euronithopod|Ornithopoda|suborder Ornithopoda
2546	large harmless shiny black North American snake	black rat snake|blacksnake|pilot blacksnake|mountain blacksnake|Elaphe obsoleta
2547	nonvenomous tan and brown king snake with an arrow-shaped occipital spot	milk snake|house snake|milk adder|checkered adder|Lampropeltis triangulum
2548	highly venomous viper of northern Africa and southwestern Asia having a horny spine above each eye	horned viper|cerastes|sand viper|horned asp|Cerastes cornutus
2549	horny projecting mouth of a bird	beak|bill|neb|nib|pecker
2550	a domestic hen ready to brood	brood hen|broody|broody hen|setting hen|sitter
2551	female black grouse	greyhen|grayhen|grey hen|gray hen|heath hen
2552	large-footed short-winged birds of Australasia	megapode|mound bird|mound-bird|mound builder|scrub fowl
2553	common grey wild goose of Europe	greylag|graylag|greylag goose|graylag goose|Anser anser
2554	small densely furred aquatic monotreme of Australia and Tasmania having a broad bill and tail and webbed feet	platypus|duckbill|duckbilled platypus|duck-billed platypus|Ornithorhynchus anatinus
2555	sluggish tailless Australian arboreal marsupial with grey furry ears and coat	koala|koala bear|kangaroo bear|native bear|Phascolarctos cinereus
2556	an edible clam with thin oval-shaped shell found in coastal regions of the United States and Europe	soft-shell clam|steamer|steamer clam|long-neck clam|Mya arenaria
2557	large edible crab of northern Pacific waters especially along the coasts of Alaska and Japan	king crab|Alaska crab|Alaskan king crab|Alaska king crab|Paralithodes camtschatica
2558	a coot found in North America	American coot|marsh hen|mud hen|water hen|Fulica americana
2559	small black-headed European gull	laughing gull|blackcap|pewit|pewit gull|Larus ridibundus
2560	renunciation of your own interests in favor of the interests of others	abnegation|self-abnegation|denial|self-denial|self-renunciation
2561	large flat-headed whalebone whale having deep furrows along the throat	finback|finback whale|fin whale|common rorqual|Balaenoptera physalus
2562	medium-sized greyish-black whale of the northern Pacific	grey whale|gray whale|devilfish|Eschrichtius gibbosus|Eschrichtius robustus
2563	small dark-colored whale of the Atlantic coast of the United States	pilot whale|black whale|common blackfish|blackfish|Globicephala melaena
2564	informal terms for dogs	pooch|doggie|doggy|barker|bow-wow
2565	a concluding action	completion|culmination|closing|windup|mop up
2566	informal terms referring to a domestic cat	kitty|kitty-cat|puss|pussy|pussycat
2567	long-bodied long-tailed tropical American wildcat	jaguarundi|jaguarundi cat|jaguarondi|eyra|Felis yagouaroundi
2568	brown bear of coastal Alaska and British Columbia	Alaskan brown bear|Kodiak bear|Kodiak|Ursus middendorffi|Ursus arctos middendorffi
2569	small round bright-colored and spotted beetle that usually feeds on aphids and other insect pests	ladybug|ladybeetle|lady beetle|ladybird|ladybird beetle
2570	black-and-yellow beetle that feeds in adult and larval stages on potato leaves	Colorado potato beetle|Colorado beetle|potato bug|potato beetle|Leptinotarsa decemlineata
2571	destruction achieved by causing something to be wrecked or ruined	laying waste|ruin|ruining|ruination|wrecking
2572	bloodsucking African fly	tsetse fly|tsetse|tzetze fly|tzetze|glossina
2573	minute two-winged insect that sucks the blood of mammals and birds and other insects	punkie|punky|punkey|no-see-um|biting midge
2574	a strain of bees that originated in Brazil in the 1950s as a cross between an aggressive African bee and a honeybee	Africanized bee|Africanized honey bee|killer bee|Apis mellifera scutellata|Apis mellifera adansonii
2575	dark brown cockroach originally from orient now nearly cosmopolitan in distribution	oriental cockroach|oriental roach|Asiatic cockroach|blackbeetle|Blatta orientalis
2576	small light-brown cockroach brought to United States from Europe	German cockroach|Croton bug|crotonbug|water bug|Blattella germanica
2577	large bloodsucking bug	conenose|cone-nosed bug|conenose bug|big bedbug|kissing bug
2578	the savage and excessive killing of many people	slaughter|massacre|mass murder|carnage|butchery
2579	any of various moths with long narrow forewings capable of powerful flight and hovering over flowers to feed	hawkmoth|hawk moth|sphingid|sphinx moth|hummingbird moth
2580	sessile aquatic animal forming mossy colonies of small polyps each having a curved or circular ridge bearing tentacles	bryozoan|polyzoan|sea mat|sea moss|moss animal
2581	small short-eared burrowing mammal of rocky uplands of Asia and western North America	pika|mouse hare|rock rabbit|coney|cony
2582	any of several bushy-tailed rodents of the genus Neotoma of western North America	packrat|pack rat|trade rat|bushytail woodrat|Neotoma cinerea
2583	of northern United States and Canada	American red squirrel|spruce squirrel|red squirrel|Sciurus hudsonicus|Tamiasciurus hudsonicus
2584	returning to a former state	regression|regress|reversion|retrogression|retroversion
2585	small striped semiterrestrial eastern American squirrel with cheek pouches	eastern chipmunk|hackee|striped squirrel|ground squirrel|Tamias striatus
2586	any of several small ungulate mammals of Africa and Asia with rodent-like incisors and feet with hooflike toes	hyrax|coney|cony|dassie|das
2587	the act of forming or establishing something	constitution|establishment|formation|organization|organisation
2588	domestic swine	hog|pig|grunter|squealer|Sus scrofa
2589	dark grey peccary with an indistinct white collar	collared peccary|javelina|Tayassu angulatus|Tayassu tajacu|Peccari angulatus
2590	domesticated bovine animals as a group regardless of sex or age	cattle|cows|kine|oxen|Bos taurus
2591	large Indian antelope	nilgai|nylghai|nylghau|blue bull|Boselaphus tragocamelus
2592	fleet antelope-like ruminant of western North American plains with small branched horns	pronghorn|prongbuck|pronghorn antelope|American antelope|Antilocapra americana
2593	common deer of temperate Europe and Asia	red deer|elk|American elk|wapiti|Cervus elaphus
2594	dark brown mustelid of woodlands of Eurasia that gives off an unpleasant odor when threatened	polecat|fitch|foulmart|foumart|Mustela putorius
2595	large naked-muzzled skunk with white back and tail	hog-nosed skunk|hognosed skunk|badger skunk|rooter skunk|Conepatus leuconotus
2596	large dark brown North American arboreal carnivorous mammal	fisher|pekan|fisher cat|black cat|Martes pennanti
2597	very small Argentine armadillo with pale silky hair and pink plates on head and neck	pichiciago|pichiciego|fairy armadillo|chlamyphore|Chlamyphorus truncatus
2598	large shaggy-haired toothless anteater with long tongue and powerful claws	ant bear|giant anteater|great anteater|tamanoir|Myrmecophaga jubata
2599	extinct robust human of Middle Paleolithic in Europe and western Asia	Neandertal man|Neanderthal man|Neandertal|Neanderthal|Homo sapiens neanderthalensis
2600	Indian macaque with a bonnet-like tuft of hair	bonnet macaque|bonnet monkey|capped macaque|crown monkey|Macaca radiata
2601	North American raccoon	common raccoon|common racoon|coon|ringtail|Procyon lotor
2602	arboreal fruit-eating mammal of tropical America with a long prehensile tail	kinkajou|honey bear|potto|Potos flavus|Potos caudivolvulus
2603	omnivorous mammal of Central America and South America	coati|coati-mondi|coati-mundi|coon cat|Nasua narica
2604	large black-and-white herbivorous mammal of bamboo forests of China and Tibet	giant panda|panda|panda bear|coon bear|Ailuropoda melanoleuca
2605	elongate freshwater cod of northern Europe and Asia and North America having barbels around its mouth	burbot|eelpout|ling|cusk|Lota lota
2606	European shad	allice shad|allis shad|allice|allis|Alosa alosa
2607	small salmon with red flesh	sockeye|sockeye salmon|red salmon|blueback salmon|Oncorhynchus nerka
2608	large Pacific salmon valued as food	chinook|chinook salmon|king salmon|quinnat salmon|Oncorhynchus tshawytscha
2609	pike-like freshwater perches	walleye|walleyed pike|jack salmon|dory|Stizostedion vitreum
2610	variety inhabiting the Great Lakes	blue pike|blue pickerel|blue pikeperch|blue walleye|Strizostedion vitreum glaucum
2611	a California food fish	horse mackerel|jack mackerel|Spanish mackerel|saurel|Trachurus symmetricus
2612	primitive predaceous North American fish covered with hard scales and having long jaws with needlelike teeth	gar|garfish|garpike|billfish|Lepisosteus osseus
2613	tropical Atlantic fish	queen triggerfish|Bessy cerca|oldwench|oldwife|Balistes vetula
2614	a dispenser that holds a substance under pressure and that can release it as a fine spray (usually by means of a propellant gas)	aerosol|aerosol container|aerosol can|aerosol bomb|spray can
2615	the sodium salt of amobarbital that is used as a barbiturate	amobarbital sodium|blue|blue angel|blue devil|Amytal
2616	molding in the form of a ring	annulet|bandelet|bandelette|bandlet|square and rabbet
2617	any agent that destroys or prevents the growth of fungi	antifungal|antifungal agent|fungicide|antimycotic|antimycotic agent
2618	a waterproof overshoe that protects shoes from water or snow	arctic|galosh|golosh|rubber|gumshoe
2619	specially hardened steel plate used to protect fortifications or vehicles from enemy fire	armor plate|armour plate|armor plating|plate armor|plate armour
2620	the acetylated derivative of salicylic acid	aspirin|acetylsalicylic acid|Bayer|Empirin|St. Joseph
2621	a support for the genitals worn by men engaging in strenuous exercise	athletic supporter|supporter|suspensor|jockstrap|jock
2622	a nuclear weapon in which enormous energy is released by nuclear fission (splitting the nuclei of a heavy element like uranium 235 or plutonium 239)	atom bomb|atomic bomb|A-bomb|fission bomb|plutonium bomb
2623	a device on an automobile for making a warning noise	automobile horn|car horn|motor horn|horn|hooter
2624	a staining technique used to classify bacteria	Gram's method|Gram method|Gram's procedure|Gram's stain|Gram stain
2625	a portable rectangular container for carrying clothes	bag|traveling bag|travelling bag|grip|suitcase
2626	a railing at the side of a staircase or balcony to prevent people from falling	bannister|banister|balustrade|balusters|handrail
2627	a barbiturate used as a hypnotic	barbital|veronal|barbitone|diethylbarbituric acid|diethylmalonylurea
2628	a room or establishment where alcoholic drinks are served over a counter	barroom|bar|saloon|ginmill|taproom
2629	a room used primarily for sleeping	bedroom|sleeping room|sleeping accommodation|chamber|bedchamber
2630	a brim that projects to the front to shade the eyes	bill|peak|eyeshade|visor|vizor
2631	a room in which billiards is played	billiard room|billiard saloon|billiard parlor|billiard parlour|billiard hall
2632	a leisurely walk (usually in some public place)	amble|promenade|saunter|stroll|perambulation
2633	lightweight single-breasted jacket	blazer|sport jacket|sport coat|sports jacket|sports coat
2634	walking by a person who is asleep	sleepwalking|somnambulism|somnambulation|noctambulism|noctambulation
2635	the first stage of a multistage rocket	booster|booster rocket|booster unit|takeoff booster|takeoff rocket
2636	a felt hat that is round and hard with a narrow brim	bowler hat|bowler|derby hat|derby|plug hat
2637	(used in the plural) a small metal weapon	brass knucks|knucks|brass knuckles|knuckles|knuckle duster
2638	(used in the plural) trousers ending above the knee	breeches|knee breeches|knee pants|knickerbockers|knickers
2639	miscellaneous curios	bric-a-brac|knickknack|nicknack|knickknackery|whatnot
2640	a boot reaching halfway up to the knee	buskin|combat boot|desert boot|half boot|top boot
2641	a small jet-propelled winged missile that carries a bomb	buzz bomb|robot bomb|flying bomb|doodlebug|V-1
2642	a spot that is open late at night and that provides entertainment (as singers or dancers) as well as dancing and food and drink	cabaret|nightclub|night club|club|nightspot
2643	a motor vehicle with four wheels	car|auto|automobile|machine|motorcar
2644	the space in a ship or aircraft for storing cargo	cargo area|cargo deck|cargo hold|hold|storage area
2645	a large, rotating machine with seats for children to ride or amusement	carousel|carrousel|merry-go-round|roundabout|whirligig
2646	a hand-held mobile radiotelephone for use in an area divided into small sections, each with its own short-range transmitter/receiver	cellular telephone|cellular phone|cellphone|cell|mobile phone
2647	medieval plate armor to protect a horse's head	chanfron|chamfron|testiere|frontstall|front-stall
2648	a woman's sleeveless undergarment	chemise|shimmy|shift|slip|teddy
2649	electronic equipment consisting of a small crystal of a silicon semiconductor fabricated to carry out a number of electronic functions in an integrated circuit	chip|microchip|micro chip|silicon chip|microprocessor chip
2650	finely ground tobacco wrapped in paper	cigarette|cigaret|coffin nail|butt|fag
2651	a theater where films are shown	cinema|movie theater|movie theatre|movie house|picture palace
2652	a 16th century musical instrument resembling a guitar with a pear-shaped soundbox and wire strings	cittern|cithern|cither|citole|gittern
2653	the activity of flying a glider	glide|gliding|sailplaning|soaring|sailing
2654	a structure consisting of something wound in a continuous series of loops	coil|spiral|volute|whorl|helix
2655	a system of one or more computers and associated software with common storage	computer system|computing system|automatic data processing system|ADP system|ADPS
2656	contraceptive device consisting of a sheath of thin rubber or latex that is worn over the penis during intercourse	condom|rubber|safety|safe|prophylactic
2657	an instrumentality that connects	connection|connexion|connector|connecter|connective
2658	electrical device consisting of a flat insulated surface that contains switches and dials and meters for controlling other electrical devices	control panel|instrument panel|control board|board|panel
2659	a moving belt that transports objects (as in a factory)	conveyer belt|conveyor belt|conveyer|conveyor|transporter
2660	a large wagon with broad wheels and an arched canvas top	covered wagon|Conestoga wagon|Conestoga|prairie wagon|prairie schooner
2661	a barn for cows	cowbarn|cowshed|cow barn|cowhouse|byre
2662	fastener consisting of a metal ring for lining a small hole to permit the attachment of cords or lines	cringle|eyelet|loop|grommet|grummet
2663	(dentistry) dental appliance consisting of an artificial crown for a broken or decayed tooth	crown|crownwork|jacket|jacket crown|cap
2664	hanging cloth used as a blind (especially for a window)	curtain|drape|drapery|mantle|pall
2665	the act of moving something from one location to another	transportation|transport|transfer|transferral|conveyance
2666	temporary living quarters	diggings|digs|domiciliation|lodgings|pad
2667	forked stick that is said to dip down to indicate underground water or oil	divining rod|dowser|dowsing rod|waterfinder|water finder
2668	a college or university building containing living quarters for students	dormitory|dorm|residence hall|hall|student residence
2669	underpants worn by men	drawers|underdrawers|shorts|boxers|boxershorts
2670	a retail shop where medicine and other articles are sold	drugstore|apothecary's shop|chemist's|chemist's shop|pharmacy
2671	a loose coverall (coat or frock) reaching down to the ankles	duster|gaberdine|gabardine|smock|dust coat
2672	a railway that is powered by electricity and that runs on a track that is raised above the street level	elevated railway|elevated railroad|elevated|el|overhead railway
2673	something that provides access (to get in or get out)	entrance|entranceway|entryway|entry|entree
2674	a hat made of felt with a creased crown	fedora|felt hat|homburg|Stetson|trilby
2675	gear used in fishing	fishing gear|tackle|fishing tackle|fishing rig|rig
2676	wheelwork consisting of a connected set of rotating gears by which force is transmitted or motion or torque is changed	gearing|gear|geartrain|power train|train
2677	the act of rotating rapidly	spin|twirl|twist|twisting|whirl
2678	a band of material around the waist that strengthens a skirt or trousers	girdle|cincture|sash|waistband|waistcloth
2679	a tool consisting of several hooks for grasping and holding	grapnel|grapple|grappler|grappling hook|grappling iron
2680	turning in the opposite direction	reversion|reverse|reversal|turnabout|turnaround
2681	a hand-held electric blower that can blow warm air onto the hair	hand blower|blow dryer|blow drier|hair dryer|hair drier
2682	a rope that is used by a hangman to execute persons who have been condemned to death by hanging	hangman's rope|hangman's halter|halter|hemp|hempen necktie
2683	(usually plural) the office that serves as the administrative center of an enterprise	headquarters|central office|main office|home office|home base
2684	(19th century) a man's high tasseled boot	Hessian boot|hessian|jackboot|Wellington|Wellington boot
2685	a hotel providing overnight lodging for travelers	hostel|hostelry|inn|lodge|auberge
2686	textile with a pattern of small broken or jagged checks	houndstooth check|hound's-tooth check|dogstooth check|dogs-tooth check|dog's-tooth check
2687	small crude shelter used as a dwelling	hovel|hut|hutch|shack|shanty
2688	an oil lamp with a glass chimney and perforated metal lid to protect the flame from high winds	hurricane lamp|hurricane lantern|tornado lantern|storm lantern|storm lamp
2689	a nonsteroidal anti-inflammatory and analgesic medicine (trade names Advil and Motrin and Nuprin) used to relieve the pain of arthritis and as an antipyretic	ibuprofen|isobutylphenyl propionic acid|Advil|Motrin|Nuprin
2690	a drug that lowers the body's normal immune response	immunosuppressant|immunosuppressor|immunosuppressive drug|immunosuppressive|immune suppressant drug
2691	a junction where one street or road crosses another	intersection|crossroad|crossway|crossing|carrefour
2692	marijuana leaves rolled into a cigarette for smoking	joint|marijuana cigarette|reefer|stick|spliff
2693	a charm superstitiously believed to embody magical powers	juju|voodoo|hoodoo|fetish|fetich
2694	a large hemispherical brass or copper percussion instrument with a drumhead that can be tuned by adjusting the tension on it	kettle|kettledrum|tympanum|tympani|timpani
2695	a platform from which rockets or space craft are launched	launching pad|launchpad|launch pad|launch area|pad
2696	a tribunal that is presided over by a magistrate or by one or more judges who administer justice according to the laws	court|lawcourt|court of law|law court|court of justice
2697	hospital for persons with infectious diseases (especially leprosy)	lazaretto|lazaret|lazarette|lazar house|pesthouse
2698	moldboard plow with a double moldboard designed to move dirt to either side of a central furrow	lister|lister plow|lister plough|middlebreaker|middle buster
2699	anesthetic that numbs a particular area of the body	local anesthetic|local anaesthetic|local|topical anesthetic|topical anaesthetic
2700	electro-acoustic transducer that converts electrical signals into sounds loud enough to be heard at a distance	loudspeaker|speaker|speaker unit|loudspeaker system|speaker system
2701	a stylized or decorative knot used as an emblem of love	love knot|lovers' knot|lover's knot|true lovers' knot|true lover's knot
2702	mechanical system of lubricating internal combustion engines in which a pump forces oil into the engine bearings	lubricating system|force-feed lubricating system|force feed|pressure-feed lubricating system|pressure feed
2703	a life-size dummy used to display clothes	mannequin|manikin|mannikin|manakin|form
2704	a large and imposing house	mansion|mansion house|manse|hall|residence
2705	shelf that projects from wall above fireplace	mantel|mantelpiece|mantle|mantlepiece|chimneypiece
2706	an electric railway operating below the surface of the ground (usually in a city)	metro|tube|underground|subway system|subway
2707	a rotary duplicator that uses a stencil through which ink is pressed (trade mark Roneo)	mimeograph|mimeo|mimeograph machine|Roneo|Roneograph
2708	the act of setting something on fire	ignition|firing|lighting|kindling|inflammation
2709	a hotel for motorists	motor hotel|motor inn|motor lodge|tourist court|court
2710	a loose dressing gown for women	negligee|neglige|peignoir|wrapper|housecoat
2711	the act of making or becoming a single unit	union|unification|uniting|conjugation|jointure
2712	an open fabric of string or rope or wire woven together at regular intervals	net|network|mesh|meshing|meshwork
2713	the union of diverse things into one body or form or group	coalescence|coalescency|coalition|concretion|conglutination
2714	lingerie consisting of a loose dress designed to be worn in bed by women	nightgown|gown|nightie|night-robe|nightdress
2715	women's stockings made from a sheer material (nylon or rayon or silk)	nylons|nylon stocking|rayons|rayon stocking|silk stocking
2716	any structure that makes progress difficult	obstruction|obstructor|obstructer|impediment|impedimenta
2717	semisolid preparation (usually containing a medicine) applied externally as a remedy or for soothing an irritation	ointment|unction|unguent|balm|salve
2718	a room in a hospital equipped for the performance of surgical operations	operating room|OR|operating theater|operating theatre|surgery
2719	thick cushion used as a seat	ottoman|pouf|pouffe|puff|hassock
2720	a genre of art and outdoor constructions made by untrained artists who do not recognize themselves as artists	outsider art|self-taught art|vernacular art|naive art|primitive art
2721	burial garment in which a corpse is wrapped	pall|shroud|cerement|winding-sheet|winding-clothes
2722	computer that registers bets and divides the total amount bet among those who won	pari-mutuel machine|totalizer|totaliser|totalizator|totalisator
2723	a passenger car for day travel	parlor car|parlour car|drawing-room car|palace car|chair car
2724	a small bottle that contains a drug (especially a sealed sterile container for injection by needle)	phial|vial|ampule|ampul|ampoule
2725	a transducer used to detect and measure light and other radiations	photoelectric cell|photoconductive cell|photocell|electric eye|magic eye
2726	a representation of a person or scene in the form of a print or transparent slide or in digital format	photograph|photo|exposure|picture|pic
2727	the removal of covering	denudation|stripping|uncovering|baring|husking
2728	a lightweight hat worn in tropical countries for protection from the sun	pith hat|pith helmet|sun helmet|topee|topi
2729	a numbered compartment in a post office where mail is put to be called for	Post-Office box|PO Box|POB|call box|letter box
2730	an electronic amplification system used as a communication system in public areas	public address system|P.A. system|PA system|P.A.|PA
2731	designated paved area beside a main road where cars can stop temporarily	pull-off|rest area|rest stop|layby|lay-by
2732	a photographic image produced on a radiosensitive surface by radiation other than visible light (especially by X-rays or gamma rays)	radiogram|radiograph|shadowgraph|skiagraph|skiagram
2733	a small piece of cloth or paper	rag|shred|tag|tag end|tatter
2734	line that is the commercial organization responsible for operating a system of transportation for trains that pull passengers or freight	railway|railroad|railroad line|railway line|railway system
2735	terminal where trains load or unload passengers or goods	railway station|railroad station|railroad terminal|train station|train depot
2736	a simple type of jet engine	ramjet|ramjet engine|atherodyde|athodyd|flying drainpipe
2737	the most common computer memory which can be used by programs to perform necessary tasks while the computer is on	random-access memory|random access memory|random memory|RAM|read/write memory
2738	sculpture consisting of shapes carved on a surface so as to stand out from the surrounding background	relief|relievo|rilievo|embossment|sculptural relief
2739	antihypertensive consisting of an alkaloid extracted from the plant Rauwolfia serpentina (trade names Raudixin or Rau-Sed or Sandril or Serpasil)	reserpine|Raudixin|Rau-Sed|Sandril|Serpasil
2740	a radiogram made by exposing photographic film to X rays	roentgenogram|X ray|X-ray|X-ray picture|X-ray photograph
2741	an oral vaccine (containing live but weakened poliovirus) that is given to provide immunity to poliomyelitis	Sabin vaccine|oral poliovirus vaccine|OPV|trivalent live oral poliomyelitis vaccine|TOPV
2742	a valve in a container in which pressure can build up (as a steam boiler)	safety valve|relief valve|escape valve|escape cock|escape
2743	a shop where hairdressers and beauticians work	salon|beauty salon|beauty parlor|beauty parlour|beauty shop
2744	an effigy in the shape of a man to frighten birds away from seeds	scarecrow|straw man|strawman|bird-scarer|scarer
2745	(nautical) a line (rope or chain) that regulates the angle at which a sail is set in relation to the wind	sheet|tack|mainsheet|weather sheet|shroud
2746	air passage provided by a retractable device containing intake and exhaust pipes	snorkel|schnorkel|schnorchel|snorkel breather|breather
2747	a long-acting barbiturate used as a sedative	sodium thiopental|phenobarbital|phenobarbitone|Luminal|purple heart
2748	an implement with a shaft and barbed point used for catching fish	spear|gig|fizgig|fishgig|lance
2749	the rear part of a ship	stern|after part|quarter|poop|tail
2750	a depository for goods	storehouse|depot|entrepot|storage|store
2751	a kitchen appliance used for cooking food	stove|kitchen stove|range|kitchen range|cooking stove
2752	a wheeled vehicle that runs on rails and is propelled by electricity	streetcar|tram|tramcar|trolley|trolley car
2753	electrical device inserted in a power line to protect equipment from sudden fluctuations in current	surge suppressor|surge protector|spike suppressor|spike arrester|lightning arrester
2754	tight fitting garment worn for swimming	swimsuit|swimwear|bathing suit|swimming costume|bathing costume
2755	a restaurant where tea and light meals are available	teashop|teahouse|tearoom|tea parlor|tea parlour
2756	booth for using a telephone	telephone booth|phone booth|call box|telephone box|telephone kiosk
2757	a telephone connection	telephone line|phone line|telephone circuit|subscriber line|line
2758	a character printer connected to a telegraph that operates like a typewriter	teletypewriter|teleprinter|teletype machine|telex|telex machine
2759	flap consisting of a piece of canvas that can be drawn back to provide entrance to a tent	tent-fly|rainfly|fly sheet|fly|tent flap
2760	a bomb that uses a fuel-air explosive	thermobaric bomb|fuel-air bomb|vacuum bomb|volume-detonation bomb|aerosol bomb
2761	a conveyance that transports passengers or freight in carriers suspended from cables and supported by a series of towers	tramway|tram|aerial tramway|cable tramway|ropeway
2762	a long fishing line with many shorter lines and hooks attached to it (usually suspended between buoys)	trawl|trawl line|spiller|setline|trotline
2763	a stabilizer that is part of the vertical tail structure of an airplane	vertical stabilizer|vertical stabiliser|vertical fin|tail fin|tailfin
2764	a basin for washing the hands (`wash-hand basin' is a British expression)	washbasin|handbasin|washbowl|lavabo|wash-hand basin
2765	a bathroom sink that is permanently installed and connected to a water supply and drainpipe	washbasin|basin|washbowl|washstand|lavatory
2766	a container with an open top	wastepaper basket|waste-paper basket|wastebasket|waste basket|circular file
2767	a band of cloth or leather or metal links attached to a wristwatch and wrapped around the wrist	watchband|watchstrap|wristband|watch bracelet|bracelet
2768	weapons considered collectively	weaponry|arms|implements of war|weapons system|munition
2769	a threaded nut with winglike projections for thumb and forefinger leverage in turning	wing nut|wing-nut|wing screw|butterfly nut|thumbnut
2770	flower arrangement consisting of a circular band of foliage or flowers for ornamental purposes	wreath|garland|coronal|chaplet|lei
2771	quality of being active or spirited or alive and vigorous	animation|spiritedness|invigoration|brio|vivification
2772	an imaginative lively style (especially style of writing)	energy|muscularity|vigor|vigour|vim
2773	the activeness of an energetic personality	dynamism|pizzazz|pizzaz|oomph|zing
2774	inactivity	languor|lethargy|sluggishness|phlegm|flatness
2775	a disposition or tendency to yield to the will of others	complaisance|compliance|compliancy|obligingness|deference
2776	a certain degree of unwillingness	reluctance|hesitancy|hesitation|disinclination|indisposition
2777	inappropriate playfulness	impertinence|perkiness|pertness|sauciness|archness
2778	the quality of being wordy and talkative	garrulity|garrulousness|loquaciousness|loquacity|talkativeness
2779	the quality of affording easy familiarity and sociability	chumminess|camaraderie|comradeliness|comradery|comradeship
2780	the feelings expressed on a person's face	expression|look|aspect|facial expression|face
2781	cloudiness resulting from haze or mist or vapor	haziness|mistiness|steaminess|vaporousness|vapourousness
2782	the quality of being indistinct and without sharp outlines	indistinctness|softness|blurriness|fogginess|fuzziness
2783	the quality of being vague and poorly defined	indefiniteness|indeterminateness|indefinity|indetermination|indeterminacy
2784	a distinguishing trait	peculiarity|specialness|specialty|speciality|distinctiveness
2785	the quality of being fixed in place as by some firm attachment	fastness|fixedness|fixity|fixture|secureness
2786	a strange attitude or habit	oddity|queerness|quirk|quirkiness|crotchet
2787	unworthiness by virtue of lacking higher values	baseness|sordidness|contemptibility|despicableness|despicability
2788	distinctive and stylish elegance	dash|elan|flair|panache|style
2789	the quality of being shockingly cruel and inhumane	atrocity|atrociousness|barbarity|barbarousness|heinousness
2790	liberality in bestowing gifts	munificence|largess|largesse|magnanimity|openhandedness
2791	concern for your own interests and welfare	egoism|egocentrism|self-interest|self-concern|self-centeredness
2792	impudent aggressiveness	boldness|nerve|brass|face|cheek
2793	malevolence by virtue of being malicious or spiteful or nasty	cattiness|bitchiness|spite|spitefulness|nastiness
2794	devoid of passion or feeling	unfeelingness|callousness|callosity|hardness|insensibility
2795	moral perversion	corruption|degeneracy|depravation|depravity|putrefaction
2796	the trait of being resolute	resoluteness|firmness|firmness of purpose|resolve|resolution
2797	overbearing pride evidenced by a superior manner toward inferiors	arrogance|haughtiness|hauteur|high-handedness|lordliness
2798	the capacity to assess situations or circumstances shrewdly and to draw sound conclusions	judgment|judgement|sound judgment|sound judgement|perspicacity
2799	the trait of behaving in an obscene manner	obscenity|lewdness|bawdiness|salaciousness|salacity
2800	great coolness and composure under strain	aplomb|assuredness|cool|poise|sang-froid
2801	an abrupt discourteous manner	abruptness|brusqueness|curtness|gruffness|shortness
2802	how something is done or how it happens	manner|mode|style|way|fashion
2803	the way in which someone or something is composed	constitution|composition|physical composition|makeup|make-up
2804	a gambling card game in which chips are placed on the ace and king and queen and jack of separate suits (taken from a separate deck)	Michigan|Chicago|Newmarket|boodle|stops
2805	the property of flowing easily	fluidity|fluidness|liquidity|liquidness|runniness
2806	the quality of shining with a bright reflected light	glitter|glister|glisten|scintillation|sparkle
2807	a quality that outshines the usual	luster|lustre|brilliancy|splendor|splendour
2808	a light shade of grey	ash grey|ash gray|silver|silver grey|silver gray
2809	a very dark grey color	charcoal|charcoal grey|charcoal gray|oxford grey|oxford gray
2810	the act of entering	entrance|entering|entry|ingress|incoming
2811	a shade of green tinged with yellow	yellow green|yellowish green|chartreuse|Paris green|pea green
2812	a light shade of blue	azure|cerulean|sapphire|lazuline|sky-blue
2813	a medium brown to dark-brown color	chocolate|coffee|deep brown|umber|burnt umber
2814	a shade of brown with a tinge of red	reddish brown|sepia|burnt sienna|Venetian red|mahogany
2815	a medium to dark tan color	yellowish brown|raw sienna|buff|caramel|caramel brown
2816	a pleasingly sweet olfactory property	bouquet|fragrance|fragrancy|redolence|sweetness
2817	the attribute of having a strong offensive smell	malodorousness|stinkiness|foulness|rankness|fetidness
2818	extreme unpalatability to the mouth	disgustingness|distastefulness|nauseatingness|sickeningness|unsavoriness
2819	the property of having no flavor	flavorlessness|flavourlessness|savorlessness|savourlessness|tastelessness
2820	extreme leanness (usually caused by starvation or disease)	bonyness|boniness|emaciation|gauntness|maceration
2821	the gracefulness of a person or animal that is quick and nimble	agility|legerity|lightness|lightsomeness|nimbleness
2822	the absence of heat	coldness|cold|low temperature|frigidity|frigidness
2823	the property of being large in mass	heft|heftiness|massiveness|ponderousness|ponderosity
2824	a following of one thing after another in time	sequence|chronological sequence|succession|successiveness|chronological succession
2825	the quality of being current or of the present	modernity|modernness|modernism|contemporaneity|contemporaneousness
2826	a rate that is rapid	celerity|quickness|rapidity|rapidness|speediness
2827	overly eager speed (and possible carelessness)	haste|hastiness|hurry|hurriedness|precipitation
2828	any spatial attributes (especially as defined by outline)	shape|form|configuration|contour|conformation
2829	the property possessed by a line or surface that departs from the vertical	tilt|list|inclination|lean|leaning
2830	the spatial property of being crowded together	concentration|density|denseness|tightness|compactness
2831	the property of being very small in size	diminutiveness|minuteness|petiteness|tininess|weeness
2832	revelry in drinking	carouse|carousal|bender|toot|booze-up
2833	a full supply	plenty|plentifulness|plenteousness|plenitude|plentitude
2834	gay or light-hearted recreational activity for diversion or amusement	play|frolic|romp|gambol|caper
2835	the quality of being able to provide good service	serviceability|serviceableness|usableness|useableness|usability
2836	total lack of meaning or ideas	inanity|senselessness|mindlessness|vacuity|pointlessness
2837	the right to enter	entree|access|accession|admission|admittance
2838	capability in terms of personnel and materiel that affect the capacity to fight a war	military capability|military strength|strength|military posture|posture
2839	the quality of being vapid and unsophisticated	jejunity|jejuneness|tameness|vapidity|vapidness
2840	the quality of being infinite	infiniteness|infinitude|unboundedness|boundlessness|limitlessness
2841	the dead body of a human being	cadaver|corpse|stiff|clay|remains
2842	a particular complex anatomical part of a living thing and its construction and arrangement	structure|anatomical structure|complex body part|bodily structure|body structure
2843	either of the passages in the outer ear from the auricle to the tympanic membrane	auditory meatus|acoustic meatus|ear canal|auditory canal|external auditory canal
2844	the arrangement of the hair (especially a woman's hair)	hairdo|hairstyle|hair style|coiffure|coif
2845	a wrist bone that articulates with the pisiform and hamate and lunate bones	triquetral|triquetral bone|os triquetrum|cuneiform bone|pyramidal bone
2846	a type of folk dance in which couples are arranged in sets or face one another in a line	country-dance|country dancing|contredanse|contra danse|contradance
2847	the liquid parts of the body	liquid body substance|bodily fluid|body fluid|humor|humour
2848	any of several hormones produced in the hypothalamus and carried by a vein to the anterior pituitary gland where they stimulate the release of anterior pituitar	releasing hormone|RH|releasing factor|hypothalamic releasing hormone|hypothalamic releasing factor
2849	T cell with CD8 receptor that recognizes antigens on the surface of a virus-infected cell and binds to the infected cell and kill it	killer T cell|killer cell|cytotoxic T cell|CD8 T cell|CD8 cell
2850	the main sensory nerve of the face and motor nerve for the muscles of mastication	trigeminal|trigeminal nerve|trigeminus|nervus trigeminus|fifth cranial nerve
2851	a composite sensory nerve supplying the hair cells of the vestibular organ and the hair cells of the cochlea	acoustic nerve|auditory nerve|vestibulocochlear nerve|nervus vestibulocochlearis|eighth cranial nerve
2852	greyish nervous tissue containing cell bodies as well as fibers	grey matter|gray matter|grey substance|gray substance|substantia grisea
2853	the motor speech center in the left hemisphere of the brain in most people	Broca's area|Broca's center|Broca's gyrus|Broca's convolution|convolution of Broca
2854	the cortical area that influences motor movements	motor area|motor region|motor cortex|Rolando's area|excitable area
2855	the part of the occipital cortex that receives the fibers of the optic radiation from the lateral geniculate body and is the primary receptive area for vision	striate cortex|striate area|first visual area|area 17 of Brodmann|Brodmann's area 17
2856	either of the upper two vocal cords that are not involved in vocalization	false vocal cord|false vocal fold|superior vocal cord|ventricular fold|vestibular fold
2857	a salivary gland inside the lower jaw on either side that produces most of the nocturnal saliva	submaxillary gland|submaxillary salivary gland|submandibular gland|submandibular salivary gland|mandibular gland
2858	disturbance usually in protest	agitation|excitement|turmoil|upheaval|hullabaloo
2859	either of two large muscles of the chest	pectoral|pectoral muscle|pectoralis|musculus pectoralis|pecs
2860	slang for a paunch	pot|potbelly|bay window|corporation|tummy
2861	hinge joint in the human leg connecting the tibia and fibula with the femur and protected in front by the patella	knee|knee joint|human knee|articulatio genus|genu
2862	a joint between the distal end of the radius and the proximal row of carpal bones	wrist|carpus|wrist joint|radiocarpal joint|articulatio radiocarpea
2863	that which is responsible for one's thoughts, feelings, and conscious brain functions	mind|head|brain|psyche|nous
2864	the intellectual ability to penetrate deeply into ideas	astuteness|profundity|profoundness|depth|deepness
2865	the mental ability to understand and discriminate between relations	sagacity|sagaciousness|judgment|judgement|discernment
2866	the creation of something in the mind	invention|innovation|excogitation|conception|design
2867	an ability that has been acquired by training	skill|accomplishment|acquirement|acquisition|attainment
2868	skillful performance or ability without difficulty	adeptness|adroitness|deftness|facility|quickness
2869	lack of normal development of intellectual capacities	retardation|mental retardation|backwardness|slowness|subnormality
2870	the faculty through which the external world is apprehended	sense|sensation|sentience|sentiency|sensory faculty
2871	the faculty by which external objects or forces are perceived through contact with the body (especially the hands)	touch|sense of touch|skin senses|touch modality|cutaneous senses
2872	the ability to hear	hearing|audition|auditory sense|sense of hearing|auditory modality
2873	a sensory system located in structures of the inner ear that registers the orientation of the head	equilibrium|labyrinthine sense|vestibular sense|sense of balance|sense of equilibrium
2874	something regarded as a normative example	convention|normal|pattern|rule|formula
2875	having knowledge of	awareness|consciousness|cognizance|cognisance|knowingness
2876	a mental state characterized by a lack of clear and orderly thought and behavior	confusion|mental confusion|confusedness|muddiness|disarray
2877	barrier preventing blacks from participating in various activities with whites	color bar|colour bar|color line|colour line|Jim Crow
2878	a determining or causal element or factor	determinant|determiner|determinative|determining factor|causal factor
2879	anything that serves as an enticement	bait|come-on|hook|lure|sweetener
2880	(psychology) the performance of some composite cognitive activity	process|cognitive process|mental process|operation|cognitive operation
2881	the sensation that results when olfactory receptors in the nose are stimulated by particular chemicals in gaseous form	smell|odor|odour|olfactory sensation|olfactory perception
2882	the sensation that results when taste buds in the tongue and throat convey information about the chemical composition of a soluble stimulus	taste|taste sensation|gustatory sensation|taste perception|gustatory perception
2883	the sensation produced by pressure receptors in the skin	touch|touch sensation|tactual sensation|tactile sensation|feeling
2884	a course of reasoning aimed at demonstrating a truth or falsehood	argumentation|logical argument|argument|line of reasoning|line
2885	a decision to reverse an earlier decision	reversal|change of mind|flip-flop|turnabout|turnaround
2886	an estimate based on little or no information	guess|guesswork|guessing|shot|dead reckoning
2887	the principal activity in your life that you do to earn money	occupation|business|job|line of work|line
2888	an onerous or difficult concern	burden|load|encumbrance|incumbrance|onus
2889	the special line of work you have adopted as your career	specialization|specialisation|specialty|speciality|specialism
2890	a characteristic that provides pleasure and attracts	attraction|attractor|attracter|attractive feature|magnet
2891	a variable quantity that is random	random variable|variate|variant|stochastic variable|chance variable
2892	an abstract part of something	component|constituent|element|factor|ingredient
2893	principles from which other truths can be derived	fundamentals|basics|fundamental principle|basic principle|bedrock
2894	based on the principle of having only one member (as of a legislature) selected from each electoral district	uninominal system|uninominal voting system|single-member system|scrutin uninomial system|scrutin uninominal voting system
2895	a vague idea in which some confidence is placed	impression|feeling|belief|notion|opinion
2896	wisdom that is recondite and abstruse and profound	reconditeness|abstruseness|abstrusity|profoundness|profundity
2897	an actor's portrayal of someone in a play	character|role|theatrical role|part|persona
2898	a belief (or system of beliefs) accepted as authoritative by some group or school	doctrine|philosophy|philosophical system|school of thought|ism
2899	a personal belief or judgment that is not founded on proof or certainty	opinion|sentiment|persuasion|view|thought
2900	an anticipated outcome that is intended or that guides your planned actions	purpose|intent|intention|aim|design
2901	the result of mathematical differentiation	derived function|derivative|differential coefficient|differential|first derivative
2902	the branch of dentistry dealing with the prevention or correction of irregularities of the teeth	orthodontics|orthodontia|orthodonture|dental orthopedics|dental orthopaedics
2903	something achieved (or escaped) by a narrow margin	close call|close shave|squeak|squeaker|narrow escape
2904	use of physical or mental energy	effort|elbow grease|exertion|travail|sweat
2905	the act of engaging in close hand-to-hand combat	wrestle|wrestling|grapple|grappling|hand-to-hand struggle
2906	the monotheistic religious system of Muslims founded in Arabia in the 7th century and based on the teachings of Muhammad as laid down in the Koran	Islam|Islamism|Mohammedanism|Muhammadanism|Muslimism
2907	the activity of exerting your muscles in various ways to keep fit	exercise|exercising|physical exercise|physical exertion|workout
2908	the last section of a communication	conclusion|end|close|closing|ending
2909	a small book usually having a paper cover	booklet|brochure|folder|leaflet|pamphlet
2910	a book prepared for use in schools or colleges	textbook|text|text edition|schoolbook|school text
2911	a list of dishes available at a restaurant	menu|bill of fare|card|carte du jour|carte
2912	the use of spectroscopes to analyze spectra	spectroscopy|spectrometry|spectroscopic analysis|spectrum analysis|spectrographic analysis
2913	the daily written record of events (as arrests) in a police station	blotter|day book|police blotter|rap sheet|charge sheet
2914	a conspicuous success	hit|smash|smasher|strike|bang
2915	the constitution written at the Constitutional Convention in Philadelphia in 1787 and subsequently ratified by the original thirteen states	United States Constitution|U.S. Constitution|US Constitution|Constitution|Constitution of the United States
2916	a legally binding command or decision entered on the court record (as if issued by a court or judge)	decree|edict|fiat|order|rescript
2917	a set sequence of steps, part of larger computer program	routine|subroutine|subprogram|procedure|function
2918	a message that departs from the main subject	digression|aside|excursus|divagation|parenthesis
2919	the central meaning or theme of a speech or literary work	effect|essence|burden|core|gist
2920	a subtle difference in meaning or opinion or attitude	nuance|nicety|shade|subtlety|refinement
2921	a message that seems to convey no meaning	nonsense|bunk|nonsensicality|meaninglessness|hokum
2922	loud and confused and empty talk	palaver|hot air|empty words|empty talk|rhetoric
2923	an excerpt cut from a newspaper or magazine	clipping|newspaper clipping|press clipping|cutting|press cutting
2924	an expression of greeting	hello|hullo|hi|howdy|how-do-you-do
2925	therapy that uses a local electric current to introduce the ions of a medicine into the tissues	iontophoresis|ionic medication|iontotherapy|electromotive drug administration|EMDA
2926	something that provides direction or advice as to a decision or course of action	guidance|counsel|counseling|counselling|direction
2927	a secret word or phrase known only to a restricted group	password|watchword|word|parole|countersign
2928	an integrated course of academic studies	course of study|program|programme|curriculum|syllabus
2929	a short account of the news	report|news report|story|account|write up
2930	an endorsement	O.K.|OK|okay|okey|okeh
2931	enthusiastic approval	acclaim|acclamation|plaudits|plaudit|eclat
2932	a formal expression of praise	encomium|eulogy|panegyric|paean|pean
2933	a tangible symbol signifying approval or distinction	award|accolade|honor|honour|laurels
2934	intense adverse criticism	fire|attack|flak|flack|blast
2935	an act or expression of criticism and censure	rebuke|reproof|reproval|reprehension|reprimand
2936	a medical procedure involving an incision with instruments	operation|surgery|surgical operation|surgical procedure|surgical process
2937	a rude expression intended to offend or hurt	abuse|insult|revilement|contumely|vilification
2938	showing your contempt by derision	jeer|jeering|mockery|scoff|scoffing
2939	a statement that solves a problem or explains how to solve the problem	solution|answer|result|resolution|solvent
2940	a trivial lie	fib|story|tale|tarradiddle|taradiddle
2941	an interesting but highly implausible story	fairytale|fairy tale|fairy story|cock-and-bull story|song and dance
2942	a message whose ingenuity or verbal skill or incongruity has the power to evoke laughter	wit|humor|humour|witticism|wittiness
2943	a humorous anecdote or remark intended to provoke laughter	joke|gag|laugh|jest|jape
2944	something that precedes and indicates the approach of something or someone	harbinger|forerunner|predecessor|herald|precursor
2945	one of the large alphabetic characters used as the first letter in writing or printing proper names and sometimes for emphasis	capital|capital letter|uppercase|upper-case letter|majuscule
2946	a specific size and style of type within a type family	font|fount|typeface|face|case
2947	a punctuation mark (.) placed at the end of a declarative sentence to indicate a full stop or after abbreviations	period|point|full stop|stop|full point
2948	a six-pointed star formed from two equilateral triangles	Star of David|Shield of David|Magen David|Mogen David|Solomon's seal
2949	a short performance that is part of a longer program	act|routine|number|turn|bit
2950	any of the languages spoken by Amerindians	Amerind|Amerindian language|American-Indian language|American Indian|Indian
2951	a group of Amerindian languages (the name coined by an American anthropologist, Edward Sapir)	Athapaskan|Athapascan|Athabaskan|Athabascan|Athapaskan language
2952	the language of the Quechua which was spoken by the Incas	Quechua|Quechuan|Quechuan language|Kechua|Kechuan
2953	the Turkic language spoken by the Uzbek	Uzbek|Uzbeg|Uzbak|Usbek|Usbeg
2954	the language of nomadic Lapps in northern Scandinavia and the Kola Peninsula	Lapp|Sami|Saami|Same|Saame
2955	an Iranian language spoken in Afghanistan and Pakistan	Pashto|Pashtu|Paxto|Afghani|Afghan
2956	the art of writing and producing plays	dramaturgy|dramatic art|dramatics|theater|theatre
2957	an unrestrained expression of emotion	effusion|gush|outburst|blowup|ebullition
2958	a musical work that has been created	musical composition|opus|composition|piece|piece of music
2959	a song or hymn of mourning composed or performed as a memorial to a dead person	dirge|coronach|lament|requiem|threnody
2960	(medicine) the treatment of disease (especially cancer) by exposure to a radioactive substance	radiotherapy|radiation therapy|radiation|actinotherapy|irradiation
2961	high-flown style	grandiosity|magniloquence|ornateness|grandiloquence|rhetoric
2962	pompous or pretentious talk or writing	bombast|fustian|rant|claptrap|blah
2963	boring verbosity	prolixity|prolixness|windiness|long-windedness|wordiness
2964	(prosody) the accent in a metrical foot of verse	meter|metre|measure|beat|cadence
2965	loud and persistent outcry from many people	clamor|clamoring|clamour|clamouring|hue and cry
2966	an offensive or indecent word or phrase	obscenity|smut|vulgarism|filth|dirty word
2967	an informal conversation	chat|confab|confabulation|schmooze|schmoose
2968	noisy talk	yak|yack|yakety-yak|chatter|cackle
2969	idle or foolish and irrelevant talk	prate|prattle|idle talk|blether|chin music
2970	a slogan used to rally support for a cause	war cry|rallying cry|battle cry|cry|watchword
2971	a trite or obvious remark	platitude|cliche|banality|commonplace|bromide
2972	an expression whose meanings cannot be inferred from the meanings of the words that make it up	idiom|idiomatic expression|phrasal idiom|set phrase|phrase
2973	the act of splashing a (liquid) substance on a surface	spatter|spattering|splash|splashing|splattering
2974	an instance of questioning	question|inquiry|enquiry|query|interrogation
2975	an examination conducted by spoken communication	oral|oral exam|oral examination|viva voce|viva
2976	informal terms for objecting	gripe|kick|beef|bitch|squawk
2977	a message issued in behalf of some product or cause or idea or person or institution	promotion|promo|publicity|promotional material|packaging
2978	apparent power to perceive things that are not present to the senses	clairvoyance|second sight|extrasensory perception|E.S.P.|ESP
2979	something that results	result|resultant|final result|outcome|termination
2980	an act that brings discredit to the person who does it	blot|smear|smirch|spot|stain
2981	an event resulting in great loss and misfortune	calamity|catastrophe|disaster|tragedy|cataclysm
2982	a natural and unavoidable catastrophe that interrupts the expected course of events	act of God|force majeure|vis major|inevitable accident|unavoidable casualty
2983	(Christian theology) the reappearance of Jesus as judge for the Last Judgment	Second Coming|Second Coming of Christ|Second Advent|Advent|Parousia
2984	entry to another's property without right or permission	trespass|encroachment|violation|intrusion|usurpation
2985	an interruption in the intensity or amount of something	suspension|respite|reprieve|hiatus|abatement
2986	a sudden very loud noise	bang|clap|eruption|blast|bam
2987	a loud harsh or strident noise	blare|blaring|cacophony|clamor|din
2988	a fricative sound (especially as an expression of disapproval)	hiss|hissing|hushing|fizzle|sibilation
2989	the sound made by a cat (or any sound resembling this)	meow|mew|miaou|miaow|miaul
2990	a heavy dull sound (as made by impact of heavy objects)	thump|thumping|clump|clunk|thud
2991	a high wave (often dangerous) caused by tidal flow (as by colliding tidal currents or in a narrow estuary)	tidal bore|bore|eagre|aegir|eager
2992	a stretch of turbulent water in a river or the sea caused by one current flowing into or across another current	rip|riptide|tide rip|crosscurrent|countercurrent
2993	a vigorous blow	knock|bash|bang|smash|belt
2994	the evasion of work or duty	shirking|slacking|soldiering|goofing off|goldbricking
2995	excessive spending	extravagance|prodigality|lavishness|highlife|high life
2996	an event in which one thing is substituted for another	substitution|permutation|transposition|replacement|switch
2997	a vaguely specified social event	affair|occasion|social occasion|function|social function
2998	the ritual placing of a corpse in a grave	burial|entombment|inhumation|interment|sepulture
2999	the ceremony of installing a new monarch	coronation|enthronement|enthronization|enthronisation|investiture
3000	an academic exercise in which diplomas are conferred	commencement|commencement exercise|commencement ceremony|graduation|graduation exercise
3001	creative activity (writing or pictures or films etc.) of no literary or artistic value other than to stimulate sexual desire	pornography|porno|porn|erotica|smut
3002	an unfortunate happening that hinders or impedes	reverse|reversal|setback|blow|black eye
3003	dissolute indulgence in sensual pleasure	profligacy|dissipation|dissolution|licentiousness|looseness
3004	the act of drinking alcoholic beverages to excess	drink|drinking|boozing|drunkenness|crapulence
3005	the arousal of feelings of sexual desire	amorousness|eroticism|erotism|sexiness|amativeness
3006	feeling morbid sexual desire or a propensity to lewdness	prurience|pruriency|lasciviousness|carnality|lubricity
3007	the act of distorting something so it seems to mean something it was not intended to mean	distortion|overrefinement|straining|torture|twisting
3008	great merriment	hilarity|mirth|mirthfulness|glee|gleefulness
3009	a feeling of low spirits	downheartedness|dejectedness|low-spiritedness|lowness|dispiritedness
3010	the act of giving a false appearance	pretense|pretence|pretending|simulation|feigning
3011	a feeling of deep and bitter anger and ill-will	resentment|bitterness|gall|rancor|rancour
3012	feeling a need to see others suffer	malice|maliciousness|spite|spitefulness|venom
3013	something considered choice to eat	dainty|delicacy|goody|kickshaw|treat
3014	a stock or supply of foods	commissariat|provisions|provender|viands|victuals
3015	reprehensible acquisitiveness	avarice|greed|covetousness|rapacity|avaritia
3016	an apple that is covered with a candy-like substance (usually caramelized sugar)	candied apple|candy apple|taffy apple|caramel apple|toffee apple
3017	a patty of ground cooked beef	chopped steak|chop steak|chopsteak|hamburger steak|beef patty
3018	a spread made chiefly from vegetable oils and used as a substitute for butter	margarine|margarin|oleo|oleomargarine|marge
3019	a socially awkward or tactless act	faux pas|gaffe|solecism|slip|gaucherie
3020	very hard unsalted biscuit or bread	hardtack|pilot biscuit|pilot bread|sea biscuit|ship biscuit
3021	a crime less serious than a felony	misdemeanor|misdemeanour|infraction|violation|infringement
3022	very hot and finely tapering pepper of special pungency	chili|chili pepper|chilli|chilly|chile
3023	tropical starchy tuberous root	taro|taro root|cocoyam|dasheen|edda
3024	spicy red berrylike fruit	wintergreen|boxberry|checkerberry|teaberry|spiceberry
3025	the fraudulent appropriation of funds or property entrusted to your care but actually owned by someone else	embezzlement|peculation|defalcation|misapplication|misappropriation
3026	brine-cured salmon that is less salty than most	Nova Scotia lox|Nova lox|Nova Scotia salmon|Nova salmon|Nova style salmon
3027	bulky food like grass or hay for browsing or grazing horses or cattle	eatage|forage|pasture|pasturage|grass
3028	wet feed (especially for pigs) consisting of mostly kitchen waste mixed with water or skimmed or sour milk	slop|slops|swill|pigswill|pigwash
3029	the act of taking something from someone unlawfully	larceny|theft|thievery|thieving|stealing
3030	a thick spread made from mashed chickpeas, tahini, lemon juice and garlic	hummus|humus|hommos|hoummos|humous
3031	earnest and conscientious activity intended to do or accomplish something	attempt|effort|endeavor|endeavour|try
3032	a drink credited with magical power	philter|philtre|love-potion|love-philter|love-philtre
3033	a liquor or brew containing alcohol as the active agent	alcohol|alcoholic drink|alcoholic beverage|intoxicant|inebriant
3034	a sweet drink containing carbonated water and flavoring	pop|soda|soda pop|soda water|tonic
3035	effervescent beverage artificially charged with carbon dioxide	soda water|carbonated water|club soda|seltzer|sparkling water
3036	the campaign of a candidate to be elected	campaigning|candidacy|candidature|electioneering|political campaign
3037	a terrorist organization that seeks to overthrow the government dominated by Tutsi and to institute Hutu control again	Army for the Liberation of Rwanda|ALIR|Former Armed Forces|FAR|Interahamwe
3038	a radical terrorist group dedicated to the removal of British forces from Northern Ireland and the unification of Ireland	Irish National Liberation Army|INLA|People's Liberation Army|People's Republican Army|Catholic Reaction Force
3039	a militant organization of Irish nationalists who used terrorism and guerilla warfare in an effort to drive British forces from Northern Ireland and achieve a u	Irish Republican Army|IRA|Provisional Irish Republican Army|Provisional IRA|Provos
3040	a Libyan terrorist group organized in 1995 and aligned with al-Qaeda	Libyan Islamic Fighting Group|FIG|Al-Jama'a al-Islamiyyah al-Muqatilah bi-Libya|Libyan Fighting Group|Libyan Islamic Group
3041	a commercial or industrial enterprise and the people who constitute it	business|concern|business concern|business organization|business organisation
3042	makers and sellers of fashionable clothing	apparel industry|garment industry|fashion industry|fashion business|rag trade
3043	a financial institution that sells insurance	insurance company|insurance firm|insurer|insurance underwriter|underwriter
3044	a social unit living together	family|household|house|home|menage
3045	the Christian Church based in the Vatican and presided over by a pope and an episcopal hierarchy	Roman Catholic|Western Church|Roman Catholic Church|Church of Rome|Roman Church
3046	derived from the Byzantine Church and adhering to Byzantine rites	Orthodox Church|Orthodox Catholic Church|Eastern Orthodox Church|Eastern Church|Eastern Orthodox
3047	a sect of Orthodox Jews that arose out of a pietistic movement originating in eastern Europe in the second half of the 18th century	Hasidim|Hassidim|Hasidism|Chasidim|Chassidim
3048	the federal department responsible for safeguarding national security of the United States	Department of Defense|Defense Department|United States Department of Defense|Defense|DoD
3049	the federal department in the United States that sets and maintains foreign policies	Department of State|United States Department of State|State Department|State|DoS
3050	a wrestling hold in which you wrap your legs around the opponents body or head and put your feet together and squeeze	scissors|scissors hold|scissor hold|scissor grip|scissors grip
3051	persons who make or amend or repeal laws	legislature|legislative assembly|legislative body|general assembly|law-makers
3052	a state powerful enough to influence events throughout the world	world power|major power|great power|power|superpower
3053	a public utility that provides telephone service	telephone company|telephone service|phone company|phone service|telco
3054	the airforce of the United States of America	United States Air Force|U. S. Air Force|US Air Force|Air Force|USAF
3055	the military forces of a nation	military|armed forces|armed services|military machine|war machine
3056	a group of civilians organized in a military fashion (especially to operate in place of or to assist regular army troops)	paramilitary|paramilitary force|paramilitary unit|paramilitary organization|paramilitary organisation
3057	the force of workers available	work force|workforce|manpower|hands|men
3058	the Muslim community or people, considered to extend from Mauritania to Pakistan	Ummah|Umma|Muslim Ummah|Islamic Ummah|Islam Nation
3059	an organization of employees formed to bargain with the employer	union|labor union|trade union|trades union|brotherhood
3060	a school for students intermediate between elementary school and college	secondary school|lyceum|lycee|Gymnasium|middle school
3061	an international alliance involving many different countries	world organization|world organisation|international organization|international organisation|global organization
3062	an emergency procedure consisting of external cardiac massage and artificial respiration	cardiopulmonary resuscitation|CPR|cardiac resuscitation|mouth-to-mouth resuscitation|kiss of life
3063	the United States intelligence agency that protects current and former presidents and vice presidents and their immediate families and protects distinguished fo	United States Secret Service|US Secret Service|USSS|Secret Service|SS
3064	the executive and legislative and judicial branches of the federal government of the United States	United States government|United States|U.S. government|US Government|U.S.
3065	the act of inhaling	inhalation|inspiration|aspiration|intake|breathing in
3066	the people in a society considered as a system organized by a characteristic pattern of relationships	social organization|social organisation|social structure|social system|structure
3067	the fashionable elite	society|high society|beau monde|smart set|bon ton
3068	the army of the United States of America	United States Army|US Army|U. S. Army|Army|USA
3069	a reflex that expels intestinal gas through the anus	fart|farting|flatus|wind|breaking wind
3070	a group of representatives or delegates	deputation|commission|delegation|delegacy|mission
3071	a public secondary school usually including grades 9 through 12	senior high school|senior high|high|highschool|high school
3072	taking a small amount into the mouth to test its quality	tasting|savoring|savouring|relishing|degustation
3073	a dense growth of bushes	brush|brushwood|coppice|copse|thicket
3074	the code of law derived from the Koran and from the teachings and example of Mohammed	shariah|shariah law|sharia|sharia law|Islamic law
3075	sexual activities (often including sexual intercourse) between two people	sexual love|lovemaking|making love|love|love life
3076	a company that moves the possessions of a family or business from one site to another	mover|public mover|moving company|removal firm|removal company
3077	a method of birth control in which coitus is initiated but the penis is deliberately withdrawn before ejaculation	coitus interruptus|withdrawal method|withdrawal|pulling out|onanism
3078	a region where a battle is being (or has been) fought	battlefield|battleground|field of battle|field of honor|field
3079	the place where something begins, where it springs into being	beginning|origin|root|rootage|source
3080	where something originated or was nurtured in its early existence	birthplace|cradle|place of origin|provenance|provenience
3081	a line that indicates a boundary	boundary line|border|borderline|delimitation|mete
3082	an area that is approximately central within some larger region	center|centre|middle|heart|eye
3083	natural family planning in which ovulation is assumed to occur 14 days before the onset of a period (the fertile period would be assumed to extend from day 10 t	rhythm method of birth control|rhythm method|rhythm|calendar method of birth control|calendar method
3084	a sexual attraction to (or sexual relations with) persons of the same sex	homosexuality|homosexualism|homoeroticism|queerness|gayness
3085	a frequently visited place	haunt|hangout|resort|repair|stamping ground
3086	the line at which the sky and Earth appear to meet	horizon|apparent horizon|visible horizon|sensible horizon|skyline
3087	a field covered with grass or herbage and suitable for grazing by livestock	pasture|pastureland|grazing land|lea|ley
3088	a surrounding or nearby region	vicinity|locality|neighborhood|neighbourhood|neck of the woods
3089	an extended area of land	tract|piece of land|piece of ground|parcel of land|parcel
3090	a city of central China	Xian|Sian|Singan|Changan|Hsian
3091	a group of islands off the west coast of Sicily in the Mediterranean	Egadi Islands|Aegadean Isles|Aegadean Islands|Isole Egadi|Aegates
3092	Jewish republic in southwestern Asia at eastern end of Mediterranean	Israel|State of Israel|Yisrael|Zion|Sion
3093	capital and largest city of Italy	Rome|Roma|Eternal City|Italian capital|capital of Italy
3094	a mountainous republic in southeastern Europe bordering on the Adriatic Sea	Serbia and Montenegro|Union of Serbia and Montenegro|Yugoslavia|Federal Republic of Yugoslavia|Jugoslavija
3095	a mountainous republic of south-central Europe	Bosnia and Herzegovina|Republic of Bosnia and Herzegovina|Bosna i Hercegovina|Bosnia-Herzegovina|Bosnia
3096	port city in northern Brazil in the Amazon delta	Belem|Para|Feliz Lusitania|Santa Maria de Belem|St. Mary of Bethlehem
3097	a group of more than 500 islands off the western coast of Scotland	Hebrides|Hebridean Islands|Hebridean Isles|Western Islands|Western Isles
3098	an island to the northwest of Wales	Anglesey|Anglesey Island|Anglesea|Anglesea Island|Mona
3099	the capital of Egypt and the largest city in Africa	Cairo|Al Qahira|El Qahira|Egyptian capital|capital of Egypt
3100	systematic training by multiple repetitions	exercise|practice|drill|practice session|recitation
3101	a constitutional monarchy in western Europe on the North Sea	Netherlands|The Netherlands|Kingdom of The Netherlands|Nederland|Holland
3102	the capital and largest city of Luxembourg	Luxembourg-Ville|Luxembourg|Luxemburg|Luxembourg City|capital of Luxembourg
3103	the capital and largest city of Mongolia	Ulan Bator|Ulaanbaatar|Urga|Kulun|capital of Mongolia
3104	a kingdom (constitutional monarchy) in northwestern Africa with a largely Muslim population	Morocco|Kingdom of Morocco|Maroc|Marruecos|Al-Magrib
3105	a country on several of the Leeward Islands	Saint Kitts and Nevis|Federation of Saint Kitts and Nevis|Saint Christopher-Nevis|St. Christopher-Nevis|St. Kitts and Nevis
3106	island nation in the South Atlantic off the west coast of Africa	Sao Tome and Principe|Democratic Republic of Sao Tome and Principe|Sao Tome e Principe|Sao Thome e Principe|St. Thomas and Principe
3107	an industrial city in the European part of Russia	Nizhnyi Novgorod|Nizhni Novgorod|Gorki|Gorky|Gorkiy
3108	a city in the European part of Russia	St. Petersburg|Leningrad|Peterburg|Petrograd|Saint Petersburg
3109	the capital and largest city of Lithuania	Vilnius|Vilna|Vilno|Wilno|capital of Lithuania
3110	a landlocked republic to the south of Russia and to the northeast of the Caspian Sea	Kazakhstan|Republic of Kazakhstan|Kazakstan|Kazakh|Kazak
3111	the capital of Tajikistan	Dushanbe|Dusanbe|Dyushambe|Stalinabad|capital of Tajikistan
3112	a republic in northeastern South America on the Atlantic	Suriname|Republic of Suriname|Surinam|Dutch Guiana|Netherlands Guiana
3113	a landlocked federal republic in central Europe	Switzerland|Swiss Confederation|Suisse|Schweiz|Svizzera
3114	a state in the southeastern United States on the Gulf of Mexico	Alabama|Heart of Dixie|Camellia State|AL|Ala.
3115	a New England state	Connecticut|Nutmeg State|Constitution State|CT|Ct.
3116	a Mid-Atlantic state	Delaware|Diamond State|First State|DE|Del.
3117	a state in southeastern United States between the Atlantic and the Gulf of Mexico	Florida|Sunshine State|Everglade State|FL|Fla.
3118	a state in southeastern United States	Georgia|Empire State of the South|Peach State|GA|Ga.
3119	a state in the United States in the central Pacific on the Hawaiian Islands	Hawaii|Hawai'i|Aloha State|HI|Haw.
3120	a midwestern state in north-central United States	Illinois|Prairie State|Land of Lincoln|IL|Ill.
3121	a Mid-Atlantic state	Maryland|Old Line State|Free State|MD|Md.
3122	a state in New England	Massachusetts|Bay State|Old Colony|MA|Mass.
3123	state capital and largest city of Massachusetts	Boston|Hub of the Universe|Bean Town|Beantown|capital of Massachusetts
3124	a midwestern state in north central United States in the Great Lakes region	Michigan|Wolverine State|Great Lakes State|MI|Mich.
3125	a midwestern state	Minnesota|Gopher State|North Star State|MN|Minn.
3126	a Mid-Atlantic state on the Atlantic	New Jersey|Jersey|Garden State|NJ|N.J.
3127	a Mid-Atlantic state	New York|New York State|Empire State|NY|N.Y.
3128	a state in southeastern United States	North Carolina|Old North State|Tar Heel State|NC|N.C.
3129	a state in New England	Rhode Island|Little Rhody|Ocean State|RI|R.I.
3130	a state in north central United States	South Dakota|Coyote State|Mount Rushmore State|SD|S.D.
3131	a state in the western United States	Utah|Beehive State|Mormon State|UT|Ut.
3132	a state in the eastern United States	Virginia|Old Dominion|Old Dominion State|VA|Va.
3133	a midwestern state in north central United States	Wisconsin|Badger State|WI|Wis.|Wisc.
3134	an extinct volcano in south central Honshu that is the highest peak in Japan	Fuji|Mount Fuji|Fujiyama|Fujinoyama|Fuji-san
3135	a small fragment of something broken off from the whole	bit|chip|flake|fleck|scrap
3136	a long narrow opening	crack|cleft|crevice|fissure|scissure
3137	a large waterfall on the border between Argentina and Brazil	Iguazu|Iguazu Falls|Iguassu|Iguassu Falls|Victoria Falls
3138	a mountain range in northern Kashmir	Karakoram|Karakoram Range|Karakorum Range|Mustagh|Mustagh Range
3139	a small natural hill	knoll|mound|hillock|hummock|hammock
3140	a mountain range in western China that extends eastward from the Indian border for 1000 miles	Kunlun|Kunlan Shan|Kunlun Mountains|Kuenlun|Kuenlun Mountains
3141	an inland sea in northwestern Turkey	Marmara|Sea of Marmara|Marmara Denizi|Marmora|Sea of Marmora
3142	a soft wet area of low-lying land that sinks underfoot	mire|quagmire|quag|morass|slack
3143	anything indispensable	necessity|essential|requirement|requisite|necessary
3144	the brightest star in Ursa Minor	Polaris|North Star|pole star|polar star|polestar
3145	an opening made forcibly as by pulling apart	rip|rent|snag|split|tear
3146	a small stream	rivulet|rill|run|runnel|streamlet
3147	a natural flow of ground water	spring|fountain|outflow|outpouring|natural spring
3148	an imaginary monster used to frighten children	bogeyman|bugbear|bugaboo|boogeyman|booger
3149	founder of Buddhism (c 563-483 BC)	Buddha|Siddhartha|Gautama|Gautama Siddhartha|Gautama Buddha
3150	a small being, human in form, playful and having magical powers	fairy|faery|faerie|fay|sprite
3151	an evil supernatural being	devil|fiend|demon|daemon|daimon
3152	(Greek mythology) goddess of wisdom and useful arts and prudent warfare	Athena|Athene|Pallas|Pallas Athena|Pallas Athene
3153	(Norse mythology) a blind god	Hoth|Hothr|Hoder|Hodr|Hodur
3154	great nature goddess of ancient Phrygia in Asia Minor	Cybele|Dindymene|Great Mother|Magna Mater|Mater Turrita
3155	organized opposition to authority	rebellion|insurrection|revolt|rising|uprising
3156	a person who inhabits a particular place	inhabitant|habitant|dweller|denizen|indweller
3157	an indigenous person who was born in a particular place	native|indigen|indigene|aborigine|aboriginal
3158	a negotiator who acts as a link between parties	mediator|go-between|intermediator|intermediary|intercessor
3159	the use of bacteria or viruses or toxins to destroy men and animals or food	biological warfare|BW|biological attack|biologic attack|bioattack
3160	a member of the branch of Islam that regards Ali as the legitimate successor to Mohammed and rejects the first three caliphs	Shiite|Shi'ite|Shiite Muslim|Shi'ite Muslim|Shia Muslim
3161	a member of a pastoral and nomadic people of western Africa	Fulani|Fula|Fulah|Fellata|Fulbe
3162	(ethnic slur) offensive term for a person of Italian descent	wop|dago|ginzo|Guinea|greaseball
3163	a member of a Turkic people of Uzbekistan and neighboring areas	Uzbek|Uzbeg|Uzbak|Usbek|Usbeg
3164	offensive term for a person of German descent	Kraut|Krauthead|Boche|Jerry|Hun
3165	someone in charge of a client's account for an advertising agency or brokerage or other service business	account executive|account representative|registered representative|customer's broker|customer's man
3166	a theatrical performer	actor|histrion|player|thespian|role player
3167	someone who is so ardently devoted to something that it resembles an addiction	addict|nut|freak|junkie|junky
3168	one who investigates insurance claims or claims for damages and recommends an effective settlement	adjuster|adjustor|claims adjuster|claims adjustor|claim agent
3169	someone who offers opposition	adversary|antagonist|opponent|opposer|resister
3170	someone concerned with the science or art or business of cultivating the soil	agriculturist|agriculturalist|cultivator|grower|raiser
3171	a person who has received a degree from a school (high school or college or university)	alumnus|alumna|alum|graduate|grad
3172	someone from whom you are descended (but usually more remote than a grandparent)	ancestor|ascendant|ascendent|antecedent|root
3173	an ambitious and aspiring young person	aspirant|aspirer|hopeful|wannabe|wannabee
3174	a senior clergyman and dignitary	archpriest|hierarch|high priest|prelate|primate
3175	someone who claims to speak the truth	asserter|declarer|affirmer|asseverator|avower
3176	someone whose occupation is repairing and maintaining automobiles	automobile mechanic|auto-mechanic|car-mechanic|mechanic|grease monkey
3177	someone who operates an aircraft	aviator|aeronaut|airman|flier|flyer
3178	a person whose head is bald or shaved	baldhead|baldpate|baldy|skinhead|skin
3179	an employee who mixes and serves alcoholic drinks at a bar	bartender|barman|barkeep|barkeeper|mixologist
3180	a cruelly rapacious person	beast|wolf|savage|brute|wildcat
3181	a beloved person	beloved|dear|dearest|honey|love
3182	a petty officer on a merchant ship who controls the work of other seamen	boatswain|bos'n|bo's'n|bosun|bo'sun
3183	someone who does special exercises to develop a brawny musculature	bodybuilder|muscle builder|muscle-builder|musclebuilder|muscleman
3184	emotionally charged terms used to refer to extreme radicals or revolutionaries	Bolshevik|Marxist|red|bolshie|bolshy
3185	a male child (a familiar term of address to a boy)	cub|lad|laddie|sonny|sonny boy
3186	uncomplimentary terms for a policeman	bull|cop|copper|fuzz|pig
3187	the heavy fire of artillery to saturate an area rather than hit a specific target	barrage|barrage fire|battery|bombardment|shelling
3188	an expert at calculation (or at operating calculating machines)	calculator|reckoner|figurer|estimator|computer
3189	(Yiddish) an attractive, unconventional woman	chachka|tsatske|tshatshke|tchotchke|tchotchkeleh
3190	a human female employed to do housework	charwoman|char|cleaning woman|cleaning lady|woman
3191	a person who amuses others by ridiculous behavior	clown|buffoon|goof|goofball|merry andrew
3192	a person of exceptional importance and reputation	colossus|behemoth|giant|heavyweight|titan
3193	someone who fights (or is fighting)	combatant|battler|belligerent|fighter|scrapper
3194	a friend who is frequently in the company of another	companion|comrade|fellow|familiar|associate
3195	someone who tries to bring peace	conciliator|make-peace|pacifier|peacemaker|reconciler
3196	a person serving a sentence in a jail or prison	convict|con|inmate|yard bird|yardbird
3197	someone who copies the words or behavior of another	copycat|imitator|emulator|ape|aper
3198	a journalist employed to provide news stories for newspapers or broadcast media	correspondent|newspaperman|newspaperwoman|newswriter|pressman
3199	someone deranged and possibly dangerous	crazy|loony|looney|nutcase|weirdo
3200	someone unpleasantly strange or eccentric	creep|weirdo|weirdie|weirdy|spook
3201	someone who has committed a crime or has been legally convicted of a crime	criminal|felon|crook|outlaw|malefactor
3202	before anything else	first|firstly|foremost|first of all|first off
3203	in reality	at heart|at bottom|deep down|inside|in spite of appearance
3204	under normal conditions	normally|usually|unremarkably|commonly|ordinarily
3205	in the recent past	recently|late|lately|of late|latterly
3206	in spite of everything	regardless|irrespective|disregardless|no matter|disregarding
3207	at a previous time	once|formerly|at one time|erstwhile|erst
3208	with considerable certainty	probably|likely|in all likelihood|in all probability|belike
3209	in disorderly haste	head over heels|heels over head|topsy-turvy|topsy-turvily|in great confusion
3210	at the appropriate time	in due course|in due season|in good time|in due time|when the time comes
3211	before now	in the first place|earlier|in the beginning|to begin with|originally
3212	repeatedly	over and over|again and again|over and over again|time and again|time and time again
3213	as follows	namely|viz.|that is to say|to wit|videlicet
3214	and others ('et al.' is used as an abbreviation of `et alii' (masculine plural) or `et aliae' (feminine plural) or `et alia' (neuter plural) when referring to a	et al.|et al|et alii|et aliae|et alia
3215	without interruption	constantly|always|forever|perpetually|incessantly
3216	to or from every one of two or more (considered individually)	each|to each one|for each one|from each one|apiece
3217	by the year	per annum|p.a.|per year|each year|annually
3218	only a very short time before	barely|hardly|just|scarcely|scarce
3219	in a shrewd manner	astutely|shrewdly|sagaciously|sapiently|acutely
3220	directly	bang|slap|slapdash|smack|bolt
3221	in a beseeching manner	beseechingly|importunately|imploringly|pleadingly|entreatingly
3222	in a blunt direct manner	bluffly|bluntly|brusquely|flat out|roundly
3223	in a concise manner	concisely|briefly|shortly|in brief|in short
3224	in a mildly insane manner	daftly|dottily|balmily|nuttily|wackily
3225	in a disloyal and faithless manner	faithlessly|traitorously|treacherously|treasonably|false
3226	many times at short intervals	frequently|often|oftentimes|oft|ofttimes
3227	in an impudent or impertinent manner	impertinently|saucily|pertly|freshly|impudently
3228	just as it should be	precisely|exactly|on the nose|on the dot|on the button
3229	to an inexpressible degree	ineffably|indescribably|unutterably|unspeakably|inexpressibly
3230	in the direction of the length	lengthways|lengthwise|longwise|longways|longitudinally
3231	(used to introduce a logical conclusion) from that fact or reason or as a result	therefore|hence|thence|thus|so
3232	(used as intensives) extremely	madly|insanely|deadly|deucedly|devilishly
3233	in addition	besides|too|also|likewise|as well
3234	as the end result of a succession or process	ultimately|finally|in the end|at last|at long last
3235	and nothing more	merely|simply|just|only|but
3236	an expression of agreement normally occurring at the beginning of a sentence	very well|fine|alright|all right|OK
3237	for the most part	chiefly|principally|primarily|mainly|in the main
3238	at or to or toward the back or rear	back|backward|backwards|rearward|rearwards
3239	without any others being included or involved	entirely|exclusively|solely|alone|only
3240	to the degree or extent that	insofar|in so far|so far|to that extent|to that degree
3241	expel or eject (saliva or phlegm or sputum) from the mouth	spit|ptyalize|ptyalise|spew|spue
3242	provide evidence for	testify|bear witness|prove|evidence|show
3243	be specific about	specify|particularize|particularise|specialize|specialise
3244	express one's opinion openly and without fear or hesitation	opine|speak up|speak out|animadvert|sound off
3245	put in a dangerous, disadvantageous, or difficult position	queer|expose|scupper|endanger|peril
3246	talk incessantly and tiresomely	yack|jaw|yack away|rattle on|yap away
3247	to talk foolishly	babble|blather|smatter|blether|blither
3248	talk idly or casually and in a friendly way	shmooze|shmoose|schmooze|schmoose|jawbone
3249	eliminate (a substance)	exhaust|discharge|expel|eject|release
3250	utter a harsh abrupt scream	squawk|screak|skreak|skreigh|screech
3251	fight against or resist strongly	fight|oppose|fight back|fight down|defend
3252	defeat thoroughly	worst|pip|mop up|whip|rack up
3253	get on top of	overcome|get over|subdue|surmount|master
3254	get the better of	outdo|outflank|trump|best|scoop
3255	surround so as to force to give up	besiege|beleaguer|surround|hem in|circumvent
3256	surround with a wall in order to fortify	wall|palisade|fence|fence in|surround
3257	force or drive back	repel|repulse|fight off|rebuff|drive back
3258	intend (something) to move towards a certain goal	target|aim|place|direct|point
3259	point or cause to go (blows, weapons, or objects such as photographic equipment) towards	aim|take|train|take aim|direct
3260	serve oneself to, or consume regularly	consume|ingest|take in|take|have
3261	put into service	use|utilize|utilise|apply|employ
3262	propose a toast to	toast|drink|pledge|salute|wassail
3263	provide (usually but not necessarily food)	serve|serve up|dish out|dish up|dish
3264	have a craving, appetite, or great desire for	crave|hunger|thirst|starve|lust
3265	eat up completely, as with great appetite	devour|demolish|down|consume|go through
3266	come or be in close contact with	cling|cleave|adhere|stick|cohere
3267	poke or thrust abruptly	jab|prod|stab|poke|dig
3268	hit against	hit|strike|impinge on|run into|collide with
3269	cause to come or go down	down|knock down|cut down|push down|pull down
3270	collide violently with an obstacle	run into|bump into|jar against|butt against|knock against
3271	hit violently, as in an attack	lam into|tear into|lace into|pitch into|lay into
3272	cause friction	rub|fray|fret|chafe|scratch
3273	wear away	abrade|corrade|abrase|rub down|rub off
3274	break off (a piece from a whole)	chip|chip off|come off|break away|break off
3275	to gather something into small wrinkles or folds	pucker|rumple|cockle|crumple|knit
3276	cause (a plastic object) to assume a crooked or angular form	flex|bend|deform|twist|turn
3277	bring two objects, ideas, or people together	match|mate|couple|pair|twin
3278	take out or up with or as if with a scoop	scoop|scoop out|lift out|scoop up|take up
3279	go to pieces	break|wear|wear out|bust|fall apart
3280	distribute loosely	scatter|sprinkle|dot|dust|disperse
3281	gather or bring together	muster|rally|summon|come up|muster up
3282	knock down with force	deck|coldcock|dump|knock down|floor
3283	introduce a cannula or tube into	cannulate|cannulize|cannulise|intubate|canulate
3284	breed animals or plants using parents of different races and varieties	crossbreed|cross|hybridize|hybridise|interbreed
3285	remove from a certain place, environment, or mental or emotional state	take away|bear off|bear away|carry away|carry off
3286	sever or remove by pinching or snipping	nip|nip off|clip|snip|snip off
3287	remove by passing through a filter	filter|filtrate|strain|separate out|filter out
3288	to bring or combine together or with something else	mix|mingle|commix|unify|amalgamate
3289	extend on all sides of simultaneously	surround|environ|ring|skirt|border
3290	be asleep	sleep|kip|slumber|log Z's|catch some Z's
3291	catch in or as if in a trap	trap|entrap|snare|ensnare|trammel
3292	direct toward itself or oneself by means of some psychological power or physical attributes	attract|pull|pull in|draw|draw in
3293	become or cause to become undone by separating the fibers or threads of	unravel|unknot|unscramble|untangle|unpick
3294	perform as expected when applied	function|work|operate|go|run
3295	fix or set securely or deeply	implant|engraft|embed|imbed|plant
3296	make dirty or spotty, as by exposure to air	tarnish|stain|maculate|sully|defile
3297	place under suspicion or cast doubt upon	defile|sully|corrupt|taint|cloud
3298	remove by or as if by rubbing or erasing	erase|rub out|score out|efface|wipe off
3299	destroy and strip of its possession	rape|spoil|despoil|violate|plunder
3300	suppress in order to conceal or hide	smother|stifle|strangle|muffle|repress
3301	feed as in a meadow or pasture	crop|browse|graze|range|pasture
3302	immerse briefly into a liquid so as to wet, coat, or saturate	dunk|dip|souse|plunge|douse
3303	enclose or enfold completely with or as if with a covering	envelop|enfold|enwrap|wrap|enclose
3304	enclose or envelop completely, as if by swallowing	immerse|swallow|swallow up|bury|eat up
3305	make a mark or lines on a surface	trace|draw|line|describe|delineate
3306	to move or force, especially in an effort to get something open	pry|prise|prize|lever|jimmy
3307	to compress with violence, out of natural shape or condition	squash|crush|squelch|mash|squeeze
3308	exert a force with a heavy weight	drag down|bear down|bear down on|press down on|weigh down
3309	give or supply	render|yield|return|give|generate
3310	cause to happen or to occur as a consequence	bring|work|play|wreak|make for
3311	deduce (a principle) or construe (a meaning)	educe|evoke|elicit|extract|draw out
3312	devise or invent	think up|think of|dream up|hatch|concoct
3313	concoct something artificial or untrue	fabricate|manufacture|cook up|make up|invent
3314	make real or concrete	realize|realise|actualize|actualise|substantiate
3315	set up or lay the groundwork for	establish|found|plant|constitute|institute
3316	take apart into its constituent pieces	disassemble|dismantle|take apart|break up|break apart
3317	construct, build, or erect	raise|erect|rear|set up|put up
3318	destroy completely, as if down to the roots	uproot|eradicate|extirpate|root out|exterminate
3319	prepare for eating by applying heat	cook|fix|ready|make|prepare
3320	write quickly	dash off|scratch off|knock off|toss off|fling off
3321	perform without preparation	improvise|improvize|ad-lib|extemporize|extemporise
3322	organize or be responsible for	hold|throw|have|make|give
3323	make or do or perform again	duplicate|reduplicate|double|repeat|replicate
3324	stir the feelings, emotions, or peace of	stimulate|shake|shake up|excite|stir
3325	stimulate sexually	arouse|sex|excite|turn on|wind up
3326	maintain (a theory, thoughts, or feelings)	harbor|harbour|hold|entertain|nurse
3327	love unquestioningly and uncritically or to excess	idolize|idolise|worship|hero-worship|revere
3328	fill with apprehension or alarm	dismay|alarm|appal|appall|horrify
3329	suffer a nervous breakdown	crack up|crack|crock up|break up|collapse
3330	cause to lose one's composure	upset|discompose|untune|disconcert|discomfit
3331	cause to feel shame	humiliate|mortify|chagrin|humble|abase
3332	reduce in worth or character, usually verbally	take down|degrade|disgrace|demean|put down
3333	annoy persistently	tease|badger|pester|bug|beleaguer
3334	have a desire for something or someone who is not present	ache|yearn|yen|pine|languish
3335	cause aversion in	disgust|revolt|nauseate|sicken|churn up
3336	surprise greatly	shock|floor|ball over|blow out of the water|take aback
3337	get up and out of bed	get up|turn out|arise|uprise|rise
3338	fill with high spirits	elate|lift up|uplift|pick up|intoxicate
3339	heighten or intensify	inspire|animate|invigorate|enliven|exalt
3340	derive or receive pleasure from	enjoy|bask|relish|savor|savour
3341	share the suffering of	feel for|pity|compassionate|condole with|sympathize with
3342	move in order to make room for someone for something	move over|give way|give|ease up|yield
3343	move obliquely or sideways, usually in an uncontrolled manner	skid|slip|slue|slew|slide
3344	move back and forth very rapidly	flicker|waver|flitter|flutter|quiver
3345	to move or cause to move in a sinuous, spiral, or circular course	weave|wind|thread|meander|wander
3346	heel over	cant|cant over|tilt|slant|pitch
3347	flow back or recede	ebb|ebb away|ebb down|ebb out|ebb off
3348	make a passage or journey from one place to another	transit|pass through|move through|pass across|pass over
3349	make lively	enliven|liven|liven up|invigorate|animate
3350	ride a bicycle	bicycle|cycle|bike|pedal|wheel
3351	rise rapidly	soar|soar up|soar upwards|surge|zoom
3352	alight from (a horse)	unhorse|dismount|light|get off|get down
3353	move something or somebody to a lower position	lower|take down|let down|get down|bring down
3354	raise from a lower to a higher position	raise|lift|elevate|get up|bring up
3355	rise to one's feet	arise|rise|uprise|get up|stand up
3356	bring, take, or pull out of a container or from under a cover	draw|pull|pull out|get out|take out
3357	set straight or right	rectify|remediate|remedy|repair|amend
3358	take somebody somewhere	lead|take|direct|conduct|guide
3359	edit by omitting or modifying parts considered indelicate	bowdlerize|bowdlerise|expurgate|castrate|shorten
3360	leave immediately	scram|buzz off|fuck off|get|bugger off
3361	leave suddenly and as if in a hurry	run off|run out|bolt|bolt out|beetle off
3362	move in large numbers	pour|swarm|stream|teem|pullulate
3363	to cause to separate and go in different directions	disperse|dissipate|dispel|break up|scatter
3364	to incline or bend from a vertical position	lean|tilt|tip|slant|angle
3365	stir up (water) so as to form ripples	ripple|ruffle|riffle|cockle|undulate
3366	fall apart	crumble|crumple|tumble|break down|collapse
3367	revolve quickly and repeatedly around one's own axis	spin|spin around|whirl|reel|gyrate
3368	flow in a circular current, of liquids	eddy|purl|whirlpool|swirl|whirl
3369	move quickly and violently	tear|shoot|shoot down|charge|buck
3370	to make better	better|improve|amend|ameliorate|meliorate
3371	press tightly together or cram	throng|mob|pack|pile|jam
3372	flow or run over (a limit or brim)	overflow|overrun|well over|run over|brim over
3373	leave furtively and stealthily	slip away|steal away|sneak away|sneak off|sneak out
3374	display proudly	flaunt|flash|show off|ostentate|swank
3375	give an exhibition of to an interested audience	show|demo|exhibit|present|demonstrate
3376	see or watch	watch|view|see|catch|take in
3377	examine hastily	scan|skim|rake|glance over|run down
3378	discover or determine the existence, presence, or fact of	detect|observe|find|discover|notice
3379	gleam or glow intermittently	flash|blink|wink|twinkle|winkle
3380	be shiny, as if wet	glitter|glisten|glint|gleam|shine
3381	search or inquire in a meddlesome way	intrude|horn in|pry|nose|poke
3382	give heed (to)	attend|hang|advert|pay heed|give ear
3383	make a loud noise	honk|blare|beep|claxon|toot
3384	cause to be calm or quiet as by administering a sedative to	sedate|calm|tranquilize|tranquillize|tranquillise
3385	refuse to accept	refuse|reject|pass up|turn down|decline
3386	obtain by coercion or intimidation	extort|squeeze|rack|gouge|wring
3387	come upon, as if by accident	find|happen|chance|bump|encounter
3388	lessen the strength or flavor of a solution or mixture	dilute|thin|thin out|reduce|cut
3389	ask for and get free	mooch|bum|cadge|grub|sponge
3390	take temporary possession of as a security, by legal authority	impound|attach|sequester|confiscate|seize
3391	seize and take control without authority and possibly with force	assume|usurp|seize|take over|arrogate
3392	appropriate (as property entrusted to one's care) fraudulently to one's own use	embezzle|defalcate|peculate|misappropriate|malversate
3393	give out as one's portion or share	share|divvy up|portion out|apportion|deal
3394	part with a possession or right	release|relinquish|resign|free|give up
3395	gain or regain energy	perk up|perk|percolate|pick up|gain vigor
3396	cause to be admitted	commit|institutionalize|institutionalise|send|charge
3397	confer a trust upon	entrust|intrust|trust|confide|commit
3398	remove oneself from an obligation	chicken out|back off|pull out|back down|bow out
3399	assign to a lower position	demote|bump|relegate|break|kick downstairs
3400	strive and make an effort to reach a goal	tug|labor|labour|push|drive
3401	work doggedly or persistently	plug away|peg away|slog|keep one's nose to the grindstone|keep one's shoulder to the wheel
3402	cease to operate or cause to cease operating	close up|close|fold|shut down|close down
3403	collect in one place	meet|gather|assemble|forgather|foregather
3404	keep from happening or arising	prevent|forestall|foreclose|preclude|forbid
3405	become less in amount or intensity	abate|let up|slack off|slack|die away
3406	follow with the eyes or the mind	watch|observe|follow|watch over|keep an eye on
3407	place in a grave or tomb	bury|entomb|inhume|inter|lay to rest
3408	show respect towards	respect|honor|honour|abide by|observe
3409	register formally as a participant or member	enroll|inscribe|enter|enrol|recruit
3410	thwart the passage of	kill|shoot down|defeat|vote down|vote out
3411	declare illegal	outlaw|criminalize|criminalise|illegalize|illegalise
3412	grow old or older	senesce|age|get on|mature|maturate
3413	to cause to do through pressure or necessity, by physical, moral or intellectual means	coerce|hale|squeeze|pressure|force
3414	to accuse or condemn or openly or formally or brand as disgraceful	stigmatize|stigmatise|brand|denounce|mark
3415	bring into conformity with rules or principles or usage	regulate|regularize|regularise|order|govern
3416	treat hurriedly or avoid dealing with properly	gloss over|skate over|smooth over|slur over|skimp over
3417	be successful	pull off|negociate|bring off|carry off|manage
3418	attain success or reach a desired goal	succeed|win|come through|bring home the bacon|deliver the goods
3419	make an effort or attempt	try|seek|attempt|essay|assay
3420	look after a child until it is an adult	rear|raise|bring up|nurture|parent
3421	work for or be a servant to	serve|attend to|wait on|attend|assist
3422	put at risk	venture|hazard|adventure|stake|jeopardize
3423	bring shame or dishonor upon	dishonor|disgrace|dishonour|attaint|shame
3424	contribute to the progress or growth of	promote|advance|boost|further|encourage
3425	commit a faux pas or a fault or make a serious mistake	drop the ball|sin|blunder|boob|goof
3426	expand abnormally	swell|swell up|intumesce|tumefy|tumesce
3427	be sexually unfaithful to one's partner in marriage	cheat on|cheat|cuckold|betray|wander
3428	have an end, in a temporal, spatial, or quantitative sense	end|stop|finish|terminate|cease
3429	determine the essential quality of	specify|define|delineate|delimit|delimitate
3430	proceed or get along	do|fare|make out|come|get along
3431	continue in existence after (an adversity, etc.)	survive|pull through|pull round|come through|make it
3432	form or compose	constitute|represent|make up|comprise|be
3433	be or become joined or united or linked	connect|link|link up|join|unite
3434	be larger in number, quantity, power, status or importance	predominate|dominate|rule|reign|prevail
3435	add up in number or quantity	total|number|add up|come|amount
3436	continue to exist	prevail|persist|die hard|run|endure
3437	live in or as if in a tent	camp|encamp|camp out|bivouac|tent
3438	stay clear of, avoid	stand back|keep one's eyes off|keep one's distance|keep one's hands off|stay away
3439	go or occur together	collocate with|construe with|cooccur with|co-occur with|go with
3440	be highly noticeable	leap out|jump out|jump|stand out|stick out
3441	keep or maintain in unaltered condition	continue|uphold|carry on|bear on|preserve
3442	continue a certain state, condition, or activity	continue|go on|proceed|go along|keep
3443	stretch out over a distance, space, time, or scope	run|go|pass|lead|extend
3444	waste time	piddle|wanton|wanton away|piddle away|trifle
3445	extend out or project in space	stick out|protrude|jut out|jut|project
3446	have a tendency or disposition to do or be something	tend|be given|lean|incline|run
3447	make sensitive or aware	sensitize|sensitise|sensify|sensibilize|sensibilise
3448	become ground down or deteriorate	erode|gnaw|gnaw at|eat at|wear away
3449	rain gently	sprinkle|spit|spatter|patter|pitter-patter
3450	rain heavily	pour|pelt|stream|rain cats and dogs|rain buckets
3451	make lighter or brighter	light|illume|illumine|light up|illuminate
3452	overcome the wildness of	domesticate|domesticize|domesticise|reclaim|tame
3453	adapt (a wild plant or unclaimed land) to the environment	domesticate|cultivate|naturalize|naturalise|tame
3454	make undecipherable or imperceptible by obscuring or concealing	obscure|blot out|obliterate|veil|hide
3455	divide into two or more branches so as to form a fork	branch|ramify|fork|furcate|separate
3456	reduce to small pieces or particles by pounding or abrading	grind|mash|crunch|bray|comminute
3457	make into a powder by breaking up or cause to become dust	powderize|powderise|powder|pulverize|pulverise
3458	become separated into pieces or fragments	break|separate|split up|fall apart|come apart
3459	be persistent, refuse to stop	persevere|persist|hang in|hang on|hold on
3460	go back to a previous state	revert|return|retrovert|regress|turn back
3461	lessen in force or effect	dampen|damp|soften|weaken|break
3462	become settled or established and stable in one's residence or life style	settle|root|take root|steady down|settle down
3463	make equal, uniform, corresponding, or matching	equal|match|equalize|equalise|equate
3464	appear or become visible	come on|come out|turn up|surface|show up
3465	lose velocity	decelerate|slow|slow down|slow up|retard
3466	become slow or slower	slow|slow down|slow up|slack|slacken
3467	act or move at high speed	rush|hasten|hurry|look sharp|festinate
3468	deteriorate through use or stress	wear|wear off|wear out|wear down|wear thin
3469	bring to a highly developed, finished, or refined state	polish|round|round off|polish up|brush up
3470	make imperfect	mar|impair|spoil|deflower|vitiate
3471	corrupt, debase, or make impure by adding a foreign or inferior substance	load|adulterate|stretch|dilute|debase
3472	set apart from others	sequester|sequestrate|keep apart|set apart|isolate
3473	put clothing on one's body	wear|put on|get into|don|assume
3474	receive a specified treatment (abstract)	receive|get|find|obtain|incur
3475	take on a certain form, attribute, or aspect	assume|acquire|adopt|take on|take
3476	remove carbon from (an engine)	decarbonize|decarbonise|decarburize|decarburise|decoke
3477	make external or objective, or give reality to	exteriorize|exteriorise|externalize|externalise|objectify
3478	become wrinkled or crumpled or creased	rumple|crumple|wrinkle|crease|crinkle
3479	cause to be born	give birth|deliver|bear|birth|have
3480	to give a (more) feminine, effeminate, or womanly quality or appearance to	feminize|feminise|effeminize|effeminise|womanize
3481	be pregnant with	have a bun in the oven|bear|carry|gestate|expect
3482	be understanding of	sympathize|sympathise|empathize|empathise|understand
3483	be well-informed	know the score|be with it|be on the ball|know what's going on|know what's what
3484	be or provide a memorial to a person or an event	commemorate|memorialize|memorialise|immortalize|immortalise
3485	discharge (phlegm or sputum) from the lungs and out of the mouth	expectorate|cough up|cough out|spit up|spit out
3486	make a mathematical, chemical, or grammatical analysis of	analyze|analyse|break down|dissect|take apart
3487	consider in detail and subject to an analysis in order to discover essential features or meaning	analyze|analyse|study|examine|canvass
3488	establish the validity of something, as by an example, explanation or experiment	prove|demonstrate|establish|show|shew
3489	cry or whine with snuffling	snivel|sniffle|blubber|blub|snuffle
3490	judge tentatively or form an estimate of (quantities or time)	estimate|gauge|approximate|guess|judge
3491	release (a liquid) in drops or small quantities	exude|exudate|transude|ooze out|ooze
3492	deem to be	see|consider|reckon|view|regard
3493	regard highly	respect|esteem|value|prize|prise
3494	shape or influence	determine|shape|mold|influence|regulate
3495	engage in plotting or enter into a conspiracy, swear together	conspire|cabal|complot|conjure|machinate
3496	take into consideration, have in view	entertain|think of|toy with|flirt with|think about
3497	rule against	overrule|overturn|override|overthrow|reverse
3498	give or assign a resource to a particular person or cause	allow|appropriate|earmark|set aside|reserve
3499	bring into focus or alignment	concenter|concentre|focalize|focalise|focus
3500	transmit information	communicate|pass on|pass|pass along|put across
3501	wear out completely	exhaust|wash up|beat|tucker|tucker out
3502	express the need or desire for	request|ask for|bespeak|call for|quest
3503	lose interest or become bored with something or somebody	tire|pall|weary|fatigue|jade
3504	act between parties with a view to reconciling differences	intercede|mediate|intermediate|liaise|arbitrate
3505	come to terms	reconcile|patch up|make up|conciliate|settle
3506	have a disagreement over something	quarrel|dispute|scrap|argufy|altercate
3507	get or try to get into communication (with someone) by telephone	call|telephone|call up|phone|ring
3508	formally reject or disavow a formerly held belief, usually under pressure	abjure|recant|forswear|retract|resile
3509	remove from a list	cross off|cross out|strike out|strike off|mark
3510	consent reluctantly	yield|give in|succumb|knuckle under|buckle under
3511	escape potentially unpleasant consequences	get off|get away|get by|get out|escape
3512	think about carefully	consider|debate|moot|turn over|deliberate
3513	provide evidence for	attest|certify|manifest|demonstrate|evidence
3514	censure severely	chastise|castigate|objurgate|chasten|correct
3515	speak as if delivering a sermon	sermonize|sermonise|preachify|moralize|moralise
3516	be deliberately ambiguous or unclear in order to mislead or withhold information	beat around the bush|equivocate|tergiversate|prevaricate|palter
3517	express indirectly by an image, form, or model	typify|symbolize|symbolise|stand for|represent
3518	make believe with the intent to deceive	feign|sham|pretend|affect|dissemble
3519	laugh at with contempt and derision	jeer|scoff|flout|barrack|gibe
3520	administer an oil or ointment to	anoint|inunct|oil|anele|embrocate
3521	be silly or tease one another	kid|chaff|jolly|josh|banter
3522	to express great joy	exuberate|exult|rejoice|triumph|jubilate
3523	praise, glorify, or honor	laud|extol|exalt|glorify|proclaim
3524	express strong disapproval of	condemn|reprobate|decry|objurgate|excoriate
3525	utter obscenities or profanities	curse|cuss|blaspheme|swear|imprecate
3526	yield to another's wish or opinion	submit|bow|defer|accede|give in
3527	give entirely to a specific person, activity, or cause	give|dedicate|consecrate|commit|devote
3528	make certain of	guarantee|ensure|insure|assure|secure
3529	defend, explain, clear away, or make excuses for by reasoning	apologize|apologise|excuse|rationalize|rationalise
3530	be a regular customer or client of	patronize|patronise|patronage|support|keep going
3531	make complaining remarks or noises under one's breath	murmur|mutter|grumble|croak|gnarl
3532	cast off hair, skin, horn, or feathers	shed|molt|exuviate|moult|slough
3533	be a signal for or a symptom of	bespeak|betoken|indicate|point|signal
3534	practice sophistry	twist|twist around|pervert|convolute|sophisticate
3535	come to have or undergo a change of (physical features and attributes)	grow|develop|produce|get|acquire
3536	articulate	express|verbalize|verbalise|utter|give tongue to
3537	recite volubly or extravagantly	rattle down|rattle off|reel off|spiel off|roll off
3538	prepare and issue for public distribution or sale	publish|bring out|put out|issue|release
3539	broadcast over the airwaves, as in radio or television	air|send|broadcast|beam|transmit
3540	foreshadow or presage	announce|annunciate|harbinger|foretell|herald
3541	put into words or an expression	give voice|formulate|word|phrase|articulate
3542	formulate in a particular style or language	frame|redact|cast|put|couch
3543	utter impulsively	blurt out|blurt|blunder out|blunder|ejaculate
3544	use up all one's strength and energy and stop working	poop out|peter out|run down|run out|conk out
3545	expressing reproof or reproach especially as a corrective	admonitory|admonishing|reproachful|reproving
3546	occurring at or forming an end or termination	concluding|final|last|terminal
3547	having abnormal sagging of the spine (especially in horses)	dipped|lordotic|swayback|swaybacked
3548	capable of being bent or flexed or twisted without breaking	bendable|pliable|pliant|waxy
3549	impervious to pleas, persuasion, requests, reason	adamant|adamantine|inexorable|intransigent
3550	able to adjust readily to different conditions	elastic|flexible|pliable|pliant
3551	inside the country	home(a)|interior(a)|internal|national
3552	having escaped, especially from confinement	at large(p)|escaped|loose|on the loose(p)
3553	(of political bodies) not controlled by outside forces	autonomous|independent|self-governing|sovereign
3554	bound by contract	apprenticed|articled|bound|indentured
3555	forced to turn and face attackers	at bay(p)|cornered|trapped|treed
3556	being in captivity	captive|confined|imprisoned|jailed
3557	(used especially of fruits) preserved by coating with or allowing to absorb sugar	candied|crystalized|crystalised|glace
3558	diffusing warmth and friendliness	affable|amiable|cordial|genial
3559	(used colloquially) having the relationship of friends or pals	chummy|matey|pally|palsy-walsy
3560	marked by great fruitfulness	fat|fertile|productive|rich
3561	wrongfully emptied or stripped of anything of value	looted|pillaged|plundered|ransacked
3562	(of e.g. a machine) performing or capable of performing	running(a)|operative|functional|working(a)
3563	not functioning properly	amiss(p)|awry(p)|haywire|wrong(p)
3564	having no gills	abranchiate|abranchial|abranchious|gill-less
3565	(used of persons or behavior) characterized by or indicative of lack of generosity	mean|mingy|miserly|tight
3566	not counterfeit or copied	authentic|bona fide|unquestionable|veritable
3567	shockingly brutal or cruel	atrocious|flagitious|grievous|monstrous
3568	not easily irritated	equable|even-tempered|good-tempered|placid
3569	irritable as if suffering from indigestion	atrabilious|bilious|dyspeptic|liverish
3570	very irritable	bristly|prickly|splenetic|waspish
3571	smooth and unconstrained in movement	fluent|fluid|liquid|smooth
3572	hard as granite	granitic|granitelike|rocklike|stony
3573	having a softening or soothing effect especially to the skin	demulcent|emollient|salving|softening
3574	like down or as soft as down	downy|downlike|flossy|fluffy
3575	easily squashed	spongy|squashy|squishy|spongelike
3576	angered at something unjust or wrong	indignant|incensed|outraged|umbrageous
3577	(sometimes followed by `to') causing harm or injury	damaging|detrimental|prejudicial|prejudicious
3578	lacking in harmony	discordant|disharmonious|dissonant|inharmonic
3579	capable of expelling or destroying parasitic worms	anthelmintic|anthelminthic|helminthic|parasiticidal
3580	not having a medicinal effect or not medically prescribed	unmedicinal|unmedicative|unmedical|nonmedicinal
3581	having the pinkish flush of health	flushed|rose-cheeked|rosy|rosy-cheeked
3582	endowed with or exhibiting great bodily or mental health	hearty|full-blooded|lusty|red-blooded
3583	inclined to a healthy reddish color often associated with outdoor life	rubicund|ruddy|florid|sanguine
3584	caused by or altered by or manifesting disease or pathology	diseased|morbid|pathologic|pathological
3585	unworldly or ethereal	translunar|translunary|superlunar|superlunary
3586	taking heed	heedful|attentive|thoughtful|paying attention
3587	of imposing height	eminent|lofty|soaring|towering
3588	being or having an unknown or unnamed source	nameless|unidentified|unknown|unnamed
3589	lacking principles or scruples	rascally|roguish|scoundrelly|blackguardly
3590	existing previously or before something	preexistent|pre-existent|preexisting|pre-existing
3591	propelled violently in a usually narrow stream	jetting|spouting|spurting|squirting
3592	made warm or hot (`het' is a dialectal variant of `heated')	heated|heated up|het|het up
3593	characterized by oppressive heat and humidity	sultry|stifling|sulfurous|sulphurous
3594	wanting in moral strength, courage, or will	fallible|frail|imperfect|weak
3595	without compunction or human feeling	cold|cold-blooded|inhuman|insensate
3596	like a clown	buffoonish|clownish|clownlike|zany
3597	humorously sarcastic or mocking	dry|ironic|ironical|wry
3598	characterized by jokes and good humor	jesting|jocose|jocular|joking
3599	impaired by diminution	diminished|lessened|vitiated|weakened
3600	of great gravity or crucial import	grave|grievous|heavy|weighty
3601	so surprisingly impressive as to stun or overwhelm	astonishing|astounding|staggering|stupefying
3602	impressive in appearance	baronial|imposing|noble|stately
3603	amazingly impressive	dazzling|eye-popping|fulgurant|fulgurous
3604	having or displaying great dignity or nobility	gallant|lofty|majestic|proud
3605	characterized by grandeur	brilliant|glorious|magnificent|splendid
3606	preoccupied with the pursuit of pleasure and especially games of chance	dissipated|betting|card-playing|sporting
3607	used especially of behavior	renunciant|renunciative|self-abnegating|self-denying
3608	giving advice	advisory|consultative|consultatory|consultive
3609	being up to particular standard or level especially in being up to date in knowledge	abreast(p)|au courant|au fait|up on(p)
3610	unaware because of a lack of relevant information or knowledge	ignorant|unknowledgeable|unknowing|unwitting
3611	having an intended meaning altered or misrepresented	distorted|misrepresented|perverted|twisted
3612	inherited or inheritable by established rules (usually legal rules) of descent	ancestral|hereditary|patrimonial|transmissible
3613	held in check with difficulty	smothered|stifled|strangled|suppressed
3614	having edges that are jagged from injury	lacerate|lacerated|mangled|torn
3615	not injured or harmed	unharmed|unhurt|unscathed|whole
3616	free of guilt	blameless|inculpable|irreproachable|unimpeachable
3617	operating as a unit	coordinated|co-ordinated|interconnected|unified
3618	lacking wit or imagination	pedestrian|prosaic|prosy|earthbound
3619	causing debilitation	debilitative|enervating|enfeebling|weakening
3620	full of high-spirited delight	elated|gleeful|joyful|jubilant
3621	offering fun and gaiety	gay|festal|festive|merry
3622	capable of being known	knowable|cognizable|cognisable|cognoscible
3623	of great mass	elephantine|gargantuan|giant|jumbo
3624	unusually great in size or amount or degree or especially extent or scope	huge|immense|vast|Brobdingnagian
3625	being of the same size as an original	life-size|lifesize|life-sized|full-size
3626	larger than normal for its kind	outsize|outsized|oversize|oversized
3627	marked by columniation having free columns in porticoes either at both ends or at both sides of a structure	amphiprostylar|amphiprostyle|amphistylar|porticoed
3628	not easily deciphered	indecipherable|unclear|undecipherable|unreadable
3629	born out of wedlock	bastardly|misbegot|misbegotten|spurious
3630	having a long narrow nose	leptorrhine|leptorhine|leptorrhinian|leptorrhinic
3631	likely to spread and cause an epidemic disease	pestilent|pestilential|pestiferous|plaguey
3632	drawn out or made longer spatially	elongated|extended|lengthened|prolonged
3633	existing for a long time	durable|lasting|long-lasting|long-lived
3634	lasting for a markedly brief time	fleeting|fugitive|momentaneous|momentary
3635	extending or lying across	cross(a)|transverse|transversal|thwartwise
3636	loud enough to cause (temporary) hearing loss	deafening|earsplitting|thunderous|thundery
3637	being or made softer or less loud or clear	dull|muffled|muted|softened
3638	in a softened tone	hushed|muted|subdued|quiet
3639	characterized by soft sounds	murmurous|rustling|soughing|susurrous
3640	(of sounds) full and rich	orotund|rotund|round|pear-shaped
3641	unequivocally detestable	abominable|detestable|execrable|odious
3642	regarded with deep or rapturous love (especially as if for a god)	adored|idolized|idolised|worshipped(a)
3643	characterized by feeling or showing fond affection for	cherished|precious|treasured|wanted
3644	treated with dislike or contempt	despised|detested|hated|scorned
3645	having or displaying warmth or affection	affectionate|fond|lovesome|tender
3646	incapable of being controlled	indocile|uncontrollable|ungovernable|unruly
3647	being two identical	duplicate|matching|twin(a)|twinned
3648	not easy to combine harmoniously	ill-sorted|incompatible|mismated|unsuited
3649	of the remaining member of a pair	odd|unmatched|unmated|unpaired
3650	displaying or suggesting a lack of maturity	adolescent|jejune|juvenile|puerile
3651	not fully developed or mature	green|unripe|unripened|immature
3652	without limits in extent or size or quantity	illimitable|limitless|measureless|unmeasured
3653	without mercy or pity	pitiless|remorseless|ruthless|unpitying
3654	(of persons) befitting a warrior	soldierly|soldierlike|warriorlike|martial
3655	made hard or flexible or resilient especially by heat treatment	tempered|treated|hardened|toughened
3656	not able or intended to be moved	immovable|immoveable|stabile|unmovable
3657	(of an insect with aquatic young) undergoing incomplete metamorphosis in which the young does not resemble the adult	hemimetabolous|hemimetabolic|hemimetamorphous|hemimetamorphic
3658	expressed without speech	mute|tongueless|unspoken|wordless
3659	beyond normal limits	excessive|inordinate|undue|unreasonable
3660	sounded or spoken in a tone unvarying in pitch	flat|monotone|monotonic|monotonous
3661	suffering shame	discredited|disgraced|dishonored|shamed
3662	giving offense to moral sensibilities and injurious to reputation	disgraceful|scandalous|shameful|shocking
3663	showing a sense of guilt	guilty|hangdog|shamefaced|shamed
3664	being excited or provoked to the expression of an emotion	moved(p)|affected|stirred|touched
3665	moving in a twisting or snake-like or wormlike fashion	wiggly|wriggling|wriggly|writhing
3666	not in physical motion	inactive|motionless|static|still
3667	(used of color) artificially produced	bleached|colored|coloured|dyed
3668	using artistic forms and conventions to create effects	conventionalized|conventionalised|stylized|stylised
3669	suggesting the operation of supernatural influences	eldritch|weird|uncanny|unearthly
3670	existing outside of or not in accordance with nature	nonnatural|otherworldly|preternatural|transcendental
3671	necessary for relief or supply	needed|needful|required|requisite
3672	of low birth or station (`base' is archaic in this sense)	base|baseborn|humble|lowly
3673	of or associated with the great masses of people	common|plebeian|vulgar|unwashed
3674	having a blunt nose	pug-nosed|pug-nose|short-nosed|snub-nosed
3675	exceedingly harmful	baneful|deadly|pernicious|pestilent
3676	resistant to guidance or discipline	contrary|obstinate|perverse|wayward
3677	grossly offensive to decency or morality	hideous|horrid|horrific|outrageous
3678	vigilant	on guard|on one's guard(p)|upon one's guard(p)|on your guard
3679	conspicuously new	brand-new|bran-new|spic-and-span|spick-and-span
3680	advanced in years	aged|elderly|older|senior
3681	mentally or physically infirm with age	doddering|doddery|gaga|senile
3682	too old to be useful	overage|overaged|superannuated|over-the-hill
3683	being of the age 13 through 19	adolescent|teen|teenage|teenaged
3684	lost in thought	absent|absentminded|abstracted|scatty
3685	done or happening at the appropriate or proper time	timely|seasonable|well-timed(a)|well timed(p)
3686	badly timed	ill-timed|unseasonable|untimely|wrong
3687	made less hopeful or enthusiastic	demoralized|demoralised|discouraged|disheartened
3688	thrown into a state of disarray or confusion	broken|confused|disordered|upset
3689	lacking exceptional quality or ability	average|fair|mediocre|middling
3690	extreme in degree or extent or amount or impact	frightful|terrible|awful|tremendous
3691	dull and tiresome but with pretensions of significance or originality	bromidic|corny|platitudinal|platitudinous
3692	lacking originality or spontaneity	cold|stale|dusty|moth-eaten
3693	attracting and holding interest as if by a spell	hypnotic|mesmeric|mesmerizing|spellbinding
3694	having a hardened crust as a covering	crusted|encrusted|crusty|crustlike
3695	covered with bright patches (often used in combination)	dabbled|spattered|splashed|splattered
3696	having silvery leaves	silver-leaved|silvery-leaved|silver-leafed|silvery-leafed
3697	receiving or eligible for compensation	compensated|remunerated|salaried|stipendiary
3698	marked by excessive enthusiasm for and intense devotion to a cause or idea	fanatic|fanatical|overzealous|rabid
3699	capable of being assigned or credited to	ascribable|due|imputable|referable
3700	of the relatively near future	approaching|coming(a)|forthcoming|upcoming
3701	subjected to cruel treatment	abused|ill-treated|maltreated|mistreated
3702	engaged in war	belligerent|militant|war-ridden|warring
3703	feeling or expressing pain or sorrow for sins or offenses	contrite|remorseful|rueful|ruthful
3704	without fault or error	faultless|immaculate|impeccable|incorrupted
3705	liable to decay or spoil or become putrid	decayable|putrescible|putrefiable|spoilable
3706	very long lasting	durable|indestructible|perdurable|undestroyable
3707	preventing movement	clogging|hindering|impeding|obstructive
3708	filled with bewilderment	at a loss(p)|nonplused|nonplussed|puzzled
3709	made for or directed or adjusted to a particular individual	individualized|individualised|personalized|personalised
3710	marked by the appetites and passions of the body	animal(a)|carnal|fleshly|sensual
3711	affecting or characteristic of the body as opposed to the mind or spirit	bodily|corporal|corporeal|somatic
3712	not acknowledging the God of Christianity and Judaism and Islam	heathen|heathenish|pagan|ethnic
3713	having a grey or brown streak or a pattern or a patchy coloring	brindled|brindle|brinded|tabby
3714	severely simple	austere|severe|stark|stern
3715	having or resembling repeated square indentations like those in a battlement	embattled|battlemented|castled|castellated
3716	given official approval to act	accredited|commissioned|licensed|licenced
3717	having a probability too low to inspire belief	improbable|unbelievable|unconvincing|unlikely
3718	extremely annoying or displeasing	exasperating|infuriating|maddening|vexing
3719	ending in a sharp point	acuate|acute|sharp|needlelike
3720	not capable of being carried out or put into practice	impracticable|infeasible|unfeasible|unworkable
3721	impossible to achieve	unachievable|unattainable|undoable|unrealizable
3722	designed to activate or move or regulate itself	self-acting|self-activating|self-moving|self-regulating
3723	retarded in intellectual development	backward|half-witted|slow-witted|feebleminded
3724	capable of being obtained	gettable|getable|obtainable|procurable
3725	characteristic of someone who has risen economically or socially but lacks the social skills appropriate for this new position	nouveau-riche|parvenu|parvenue|upstart(a)
3726	functioning in a supporting capacity	auxiliary|subsidiary|supplemental|supplementary
3727	of or being the essential or basic part	elementary|elemental|primary|basal
3728	providing privacy or seclusion	cloistered|reclusive|secluded|sequestered
3729	(of farmland) capable of being farmed productively	arable|cultivable|cultivatable|tillable
3730	lacking professional skill or expertise	amateurish|amateur|inexpert|unskilled
3731	not capable of being obtained	inaccessible|unobtainable|unprocurable|untouchable
3732	showing frivolous or superficial interest	dilettante|dilettantish|dilettanteish|sciolistic
3733	ahead of the times	advanced|forward-looking|innovative|modern
3734	lacking foresight or scope	short|shortsighted|unforesightful|myopic
3735	not given careful consideration	ill-considered|ill-judged|improvident|shortsighted
3736	inclined to or marked by drowsiness	slumberous|slumbery|slumbrous|somnolent
3737	(of sound or color) free from anything that dulls or dims	clean|clear|light|unclouded
3738	not mixed with extraneous elements	plain|sheer|unmingled|unmixed
3739	(of color) discolored by impurities	dirty|dingy|muddied|muddy
3740	not modified or restricted by reservations	categoric|categorical|flat|unconditional
3741	open to doubt or suspicion	doubtful|dubious|dubitable|in question(p)
3742	seen in the mind as a mental image	envisioned|pictured|visualized|visualised
3743	formed or conceived by the imagination	fabricated|fancied|fictional|fictitious
3744	guided by practical experience and observation rather than theory	hardheaded|hard-nosed|practical|pragmatic
3745	evoking lifelike images within the mind	graphic|lifelike|pictorial|vivid
3746	characterized by fantastic imagery and incongruous juxtapositions	phantasmagoric|phantasmagorical|surreal|surrealistic
3747	affectedly dainty or refined	mincing|niminy-piminy|prim|twee
3748	having a sophisticated charm	debonair|debonaire|debonnaire|suave
3749	stubbornly persistent in wrongdoing	cussed|obdurate|obstinate|unrepentant
3750	provoking fear terror	chilling|scary|shivery|shuddery
3751	not having rhyme	unrhymed|unrimed|rhymeless|rimeless
3752	of or belonging to or occurring every day	daily|day-to-day|day-by-day|day-after-day
3753	occurring or payable twice each year	semiannual|biannual|biyearly|half-yearly
3754	not pertinent to the matter under consideration	extraneous|immaterial|impertinent|orthogonal
3755	not representing or imitating external reality or the objects of nature	abstract|abstractionist|nonfigurative|nonobjective
3756	serving as a visible symbol for something abstract	emblematic|emblematical|symbolic|symbolical
3757	deserving of esteem and respect	estimable|good|honorable|respectable
3758	located farthest to the rear	backmost|hindermost|hindmost|rearmost
3759	fixed in your purpose	bent|bent on(p)|dead set(p)|out to(p)
3760	expressing extreme contempt	contemptuous|disdainful|insulting|scornful
3761	marked by casual disrespect	impudent|insolent|snotty-nosed|flip
3762	showing the way by conducting or leading	directing|directional|directive|guiding
3763	unrestrained, especially with regard to feelings	excessive|extravagant|exuberant|overweening
3764	not restrained or controlled	unbridled|unchecked|uncurbed|ungoverned
3765	good at remembering	retentive|recollective|long|tenacious
3766	having a pattern of fretwork or latticework	fretted|interlaced|latticed|latticelike
3767	having a hard back or cover	hardbacked|hardback|hardbound|hardcover
3768	characterized by a buoyant rhythm	lilting|swinging|swingy|tripping
3769	characterized by extravagance and profusion	lavish|lucullan|plush|plushy
3770	inaccessibly located or situated	unapproachable|unreachable|unreached|out of reach(p)
3771	having rugged physical strength	hardy|stalwart|stout|sturdy
3772	shaped like an almond	almond-shaped|amygdaliform|amygdaloid|amygdaloidal
3773	resembling the new moon in shape	crescent(a)|crescent-shaped|semilunar|lunate
3774	being or having the customs or manners or dress of a city person	citified|cityfied|city-bred|city-born
3775	too sacred to be uttered	ineffable|unnameable|unspeakable|unutterable
3776	of uncertain outcome	chancy|chanceful|dicey|dodgy
3777	fraught with danger	parlous|perilous|precarious|touch-and-go
3778	characterized by opposite extremes	diametric|diametrical|opposite|polar
3779	about average	adequate|passable|fair to middling|tolerable
3780	completely satisfactory	copacetic|copasetic|copesetic|copesettic
3781	concerned with promoting unity among churches or religions	ecumenic|oecumenic|ecumenical|oecumenical
3782	highly attractive and able to arouse hope or desire	alluring|beguiling|enticing|tempting
3783	characteristic of those having an inflated idea of their own importance	egotistic|egotistical|narcissistic|self-loving
3784	quick to take offense	huffy|thin-skinned|feisty|touchy
3785	being or feeling set or kept apart from others	detached|isolated|separated|set-apart
3786	involving the joint activity of two or more	concerted|conjunct|conjunctive|cooperative
3787	dignified and somber in manner or character and committed to keeping promises	grave|sedate|sober|solemn
3788	guided by whim and fancy	flighty|flyaway|head-in-the-clouds|scatterbrained
3789	situated in a particular spot or position	located|placed|set|situated
3790	fixed or established especially by order or command	appointed|decreed|ordained|prescribed
3791	not brought to a conclusion	open|undecided|undetermined|unresolved
3792	driven by lust	lascivious|lewd|libidinous|lustful
3793	characterized by lust	lubricious|lustful|prurient|salacious
3794	(of animals that have several estrous cycles in one breeding season) in a period of sexual inactivity	diestrous|dioestrous|diestrual|dioestrual
3795	resembling sculpture	modeled|sculptural|sculptured|sculpturesque
3796	covered with fine soft hairs or down	downy|pubescent|puberulent|sericeous
3797	capable of seeing to a great distance	eagle-eyed|keen-sighted|farseeing|longsighted
3798	narrow and long and pointed	acerate|acerose|acicular|needle-shaped
3799	shaped like a sword blade	ensiform|sword-shaped|swordlike|bladelike
3800	(of a leaf shape) divided into three lobes	trilobate|trilobated|trilobed|three-lobed
3801	covered with dense often matted or curly hairs	wooly|woolly|wooly-haired|woolly-haired
3802	linked or locked closely together as by dovetailing	interlacing|interlinking|interlocking|interwoven
3803	sincerely earnest	dear|devout|earnest|heartfelt
3804	based on pretense	gilded|meretricious|specious|glossy
3805	denoting a quantity consisting of six items or units	six|vi|half dozen|half-dozen
3806	denoting a quantity consisting of 12 items or units	twelve|12|xii|dozen
3807	being ten more than thirty	forty|40|xl|twoscore
3808	being ten more than fifty	sixty|60|lx|threescore
3809	being ten more than seventy	eighty|80|lxxx|fourscore
3810	being one more than one hundred	hundred and one|one hundred one|101|ci
3811	having great beauty and splendor	glorious|resplendent|splendid|splendiferous
3812	twice as great or many	double|doubled|twofold|two-fold
3813	having three units or components or elements	ternary|treble|triple|triplex
3814	three times as great or many	treble|threefold|three-fold|triple
3815	intermediate in size	medium-sized|medium-size|moderate-sized|moderate-size
3816	having or revealing supreme mastery or skill	consummate|masterful|masterly|virtuoso(a)
3817	showing lack of skill or aptitude	bungling|clumsy|fumbling|incompetent
3818	designed or arranged to offer the least resistant to fluid flow	streamlined|aerodynamic|flowing|sleek
3819	having hills and crags	cragged|craggy|hilly|mountainous
3820	abounding in rocks or stones	rocky|bouldery|bouldered|stony
3821	lacking companions or companionship	alone(p)|lone(a)|lonely(a)|solitary
3822	having or exerting a malignant influence	malefic|malevolent|malign|evil
3823	not easily solved	insolvable|unsoluble|unsolvable|unresolvable
3824	financially safe	dependable|good|safe|secure
3825	not financially safe or secure	bad|risky|high-risk|speculative
3826	characterized by a lightly pert and exuberant quality	impertinent|irreverent|pert|saucy
3827	marked by spirited enjoyment	zestful|yeasty|zesty|barmy
3828	communicated in words	expressed|uttered|verbalized|verbalised
3829	produced without vibration of the vocal cords	unvoiced|voiceless|surd|hard
3830	(used of boats) inclined to heel over easily under sail	crank|cranky|tender|tippy
3831	inclined to shake as from weakness or defect	rickety|shaky|wobbly|wonky
3832	lacking energy or vitality	adynamic|asthenic|debilitated|enervated
3833	weak in willpower, courage or vitality	namby-pamby|gutless|spineless|wishy-washy
3834	(of light) lacking in intensity or brightness	pale|pallid|wan|sick
3835	tending to ameliorate	ameliorating(a)|ameliorative|amelioratory|meliorative
3836	having no points scores	scoreless|goalless|hitless|pointless
3837	of insufficient quantity to meet a need	inadequate|poor|short|jejune
3838	with sweetening added	sugared|sweetened|sweet|sweet-flavored
3839	(used of behavior or attitude) characteristic of those who treat others with condescension	arch|condescending|patronizing|patronising
3840	being susceptible to persuasion	convincible|persuadable|persuasible|suasible
3841	(often followed by `to') likely to be affected with	liable(p)|nonimmune|nonresistant|unresistant
3842	overly sweet	cloying|saccharine|syrupy|treacly
3843	tasting or smelling like vinegar	acetose|acetous|vinegary|vinegarish
3844	being sour to the taste	acidic|acid|acidulent|acidulous
3845	having identical parts on each side of an axis	bilateral|isobilateral|bilaterally symmetrical|bilaterally symmetric
3846	(of characters in literature or drama) evoking empathic or sympathetic feelings	sympathetic|appealing|likeable|likable
3847	(of characters in literature or drama) tending to evoke antipathetic feelings	unsympathetic|unappealing|unlikeable|unlikable
3848	not occurring together	nonsynchronous|unsynchronized|unsynchronised|unsynchronous
3849	tall and thin and having long slender limbs	gangling|gangly|lanky|rangy
3850	marked by richness and fullness of flavor	full-bodied|racy|rich|robust
3851	having an agreeably pungent taste	piquant|savory|savoury|zesty
3852	without flavoring added	unflavored|unflavoured|nonflavored|nonflavoured
3853	(of a situation) characterized by or causing suspense	cliff-hanging|suspenseful|suspensive|nail-biting
3854	nervous and unable to relax	antsy|fidgety|fretful|itchy
3855	tense with excitement and enthusiasm as from a rush of adrenaline	pumped-up(a)|pumped up(p)|pumped(p)|wired
3856	forming viscous or glutinous threads	ropy|ropey|stringy|thready
3857	totally unlikely	impossible|inconceivable|out of the question|unimaginable
3858	recklessly wasteful	extravagant|prodigal|profligate|spendthrift
3859	characteristic of or befitting a slut or slattern	blowsy|blowzy|slatternly|sluttish
3860	spreading out in different directions or distributed irregularly	sprawling|straggling|rambling|straggly
3861	used of hair	bushy|shaggy|shaggy-haired|shaggy-coated
3862	very tired	all in(p)|beat(p)|bushed(p)|dead(p)
3863	tired to the point of exhaustion	bleary|blear|bleary-eyed|blear-eyed
3864	with restored energy	fresh|invigorated|refreshed|reinvigorated
3865	capable of being borne though unpleasant	bearable|endurable|sufferable|supportable
3866	resembling or made to resemble leather	coriaceous|leathered|leatherlike|leathery
3867	(of meat) full of sinews	fibrous|sinewy|stringy|unchewable
3868	naturally having skin of a dark color	dark-skinned|dusky|swart|swarthy
3869	facing or experiencing financial trouble or difficulty	distressed|hard-pressed|hard put|in a bad way(p)
3870	being or reflecting the essential or genuine character of something	actual|genuine|literal|real
3871	(of complexion) blemished by imperfections of the skin	acned|pimpled|pimply|pustulate
3872	marked by or given to doubt	doubting|questioning|skeptical|sceptical
3873	worthy of being depended on	dependable|honest|reliable|true(p)
3874	being a member of or formed into a labor union	organized|organised|unionized|unionised
3875	not affiliated in a trade union	unorganized|unorganised|nonunionized|nonunionised
3876	having been divided	disconnected|disunited|fragmented|split
3877	having or resembling hoofs	ungulate|ungulated|hoofed|hooved
3878	marked by defiant disregard for danger or consequences	foolhardy|heady|rash|reckless
3879	unvarying in nature	changeless|constant|invariant|unvarying
3880	having many aspects or qualities	many-sided|multifaceted|miscellaneous|multifarious
3881	lacking fresh air	airless|close|stuffy|unaired
3882	marked by extreme and violent energy	ferocious|fierce|furious|savage
3883	insusceptible of reform	irreclaimable|irredeemable|unredeemable|unreformable
3884	not defended or capable of being defended	assailable|undefendable|undefended|open
3885	thrown away	cast-off(a)|discarded|throwaway(a)|thrown-away(a)
3886	of animals except birds and mammals	poikilothermic|poikilothermous|heterothermic|ectothermic
3887	(music) gradually decreasing in tempo	rallentando|ritardando|ritenuto|rit.
3888	not bound by shackles and chains	unchained|unfettered|unshackled|untied
3889	experiencing motion sickness	airsick|air sick|carsick|seasick
3890	confined to bed (by illness)	bedfast|bedridden|bedrid|sick-abed
3891	having or causing a whirling sensation	dizzy|giddy|woozy|vertiginous
3892	difficult to handle or manage especially because of shape	awkward|bunglesome|clumsy|ungainly
3893	having made preparations	disposed(p)|fain|inclined(p)|prepared
3894	having or resembling wings	alar|alary|aliform|wing-shaped
3895	lacking sense or discretion	rattlebrained|rattlepated|scatterbrained|scatty
3896	abounding in trees	arboraceous|arboreous|woodsy|woody
3897	showing signs of wear and tear	moth-eaten|ratty|shabby|tatty
3898	worthy of high praise	applaudable|commendable|laudable|praiseworthy
3899	of those who work for wages especially manual or industrial laborers	propertyless|wage-earning|working-class|blue-collar
3900	pertaining to one of the small sacs (as in a compound gland)	acinar|acinous|acinose|acinic
3901	of or pertaining to or affected by albinism	albinal|albinotic|albinic|albinistic
3902	of or pertaining to alphanumeric characters	alphanumeric|alphanumerical|alphameric|alphamerical
3903	related to the suppression of normal menstrual flow for any reason other than pregnancy	amenorrheic|amenorrhoeic|amenorrheal|amenorrhoeal
3904	related to anaglyphs or anaglyphy	anaglyphic|anaglyphical|anaglyptic|anaglyptical
3905	used in the treatment of cancer	anticancer|antineoplastic|antitumor|antitumour
3906	of or relating to or formed by trees	arborical|arboreal|arborary|arborous
3907	related to or dealing with or devoted to archaeology	archaeological|archeological|archaeologic|archeologic
3908	resembling bacteria	bacteroidal|bacteroid|bacterioidal|bacterioid
3909	lacking conviction or boldness or courage	faint|fainthearted|timid|faint-hearted
3910	of or relating to behaviorism	behavioristic|behaviorist|behaviouristic|behaviourist
3911	breathing laboriously or convulsively	blown|pursy|short-winded|winded
3912	of or relating to or befitting cenobites or their practices of communal living	cenobitic|coenobitic|cenobitical|coenobitical
3913	provided with artificial light	illuminated|lighted|lit|well-lighted
3914	of or relating to fiber optics	fiber-optic|fiberoptic|fibre-optic|fibreoptic
3915	of or relating to the Jewish Hasidim or its members or their beliefs and practices	Hasidic|Hassidic|Chasidic|Chassidic
3916	depressingly dark	glooming|gloomy|gloomful|sulky
3917	situated beyond the moon or its orbit around the earth	translunar|translunary|superlunar|superlunary
3918	without illumination	lightless|unilluminated|unlighted|unlit
3919	filled with shade	shady|shadowed|shadowy|umbrageous
3920	of or relating to or characteristic of pachyderms	pachydermatous|pachydermal|pachydermic|pachydermous
3921	softly bright or radiant	aglow(p)|lambent|lucent|luminous
3922	small and round and shiny like a shiny bead or button	beady|beadlike|buttony|buttonlike
3923	of or characterized by syncretism	syncretic|syncretical|syncretistic|syncretistical
3924	relating to a historical tendency for a language to reduce its use of inflections	syncretic|syncretical|syncretistic|syncretistical
3925	of or relating to or inhabiting the land as opposed to the sea or air	tellurian|telluric|terrestrial|terrene
3926	lacking luster or shine	lackluster|lacklustre|lusterless|lustreless
3927	relating to or resembling a cone	conic|conical|conelike|cone-shaped
3928	relating to the blood vessels or blood	hemal|haemal|hematal|haematal
3929	relating to or containing or affecting blood	hemic|haemic|hematic|haematic
3930	relating to or consisting of or yielding carbon	carbonaceous|carbonous|carbonic|carboniferous
3931	showing or characterized by broad-mindedness	broad|large-minded|liberal|tolerant
3932	relating to or using sight	ocular|optic|optical|visual
3933	of or relating to or resembling the eye	ocular|optic|optical|ophthalmic
3934	unwilling to accept authority or dogma (especially in religion)	free-thinking|latitudinarian|undogmatic|undogmatical
3935	of or relating to a cuticle or cuticula	cuticular|epidermal|epidermic|dermal
3936	proceeding from or ordered by or subject to a pope or the papacy regarded as the successor of the Apostles	papal|apostolic|apostolical|pontifical
3937	associated with the priesthood or priests	priestly|hieratic|hieratical|sacerdotal
3938	of or relating to the science of ecology	ecological|ecologic|bionomical|bionomic
3939	of or pertaining to Native Americans or their culture or languages	Indian|Amerind|Amerindic|Native American
3940	of or relating to or characteristic of conditions in the subtropics	subtropical|subtropic|semitropical|semitropic
3941	doing arduous or unpleasant work	drudging|laboring|labouring|toiling
3942	relating to the etiology of a disease	etiological|etiologic|aetiological|aetiologic
3943	of or relating to the philosophical study of causation	etiological|etiologic|aetiological|aetiologic
3944	through the unbroken skin	transdermal|transdermic|percutaneous|transcutaneous
3945	of or relating to or characteristic of the Eastern Orthodox Church	Orthodox|Eastern Orthodox|Russian Orthodox|Greek Orthodox
3946	relating to or affected by an aneurysm	aneurysmal|aneurismal|aneurysmatic|aneurismatic
3947	that can be counted	countable|denumerable|enumerable|numerable
3948	having or resembling a lash or whip (as does a flagellum)	flagellate|flagellated|whiplike|lash-like
3949	of or relating to Aristotle or his philosophy	Aristotelian|Aristotelean|Aristotelic|peripatetic
3950	relating to abdominal delivery	cesarean|cesarian|caesarean|caesarian
3951	of fabric that does not wrinkle easily	creaseproof|wrinkleproof|crease-resistant|wrinkle-resistant
3952	of or relating to a Roman praetor	praetorian|praetorial|pretorian|pretorial
3953	of or relating to quadraphony	quadraphonic|quadriphonic|quadrasonic|quadrisonic
3954	marked by great carelessness	haphazard|slapdash|slipshod|sloppy
3955	characterized by a love of Greece and Grecian things	philhellenic|philhellene|Graecophile|Graecophilic
3956	(of animals) feeding on plants	plant-eating(a)|phytophagic|phytophagous|phytophilous
3957	of or relating to the bore of a gun (or its ammunition) that measures twenty-two hundredths of an inch in diameter	.22 caliber|.22-caliber|.22 calibre|.22-calibre
3958	of or relating to the bore of a gun (or its ammunition) that measures thirty-eight hundredths of an inch in diameter	.38 caliber|.38-caliber|.38 calibre|.38-calibre
3959	of or relating to the bore of a gun (or its ammunition) that measures forty-five hundredths of an inch in diameter	.45 caliber|.45-caliber|.45 calibre|.45-calibre
3960	having a ridge or shaped like a ridge or suggesting the keel of a ship	ridged|carinate|carinated|keeled
3961	moving quickly and lightly	agile|nimble|quick|spry
3962	equally distant from the extremes	center(a)|halfway|middle(a)|midway
3963	lacking self-confidence	diffident|shy|timid|unsure
3964	subject to accident or chance or change	chancy|fluky|flukey|iffy
3965	slow and apathetic	inert|sluggish|soggy|torpid
3966	capable of being avoided or warded off	evitable|avoidable|avertible|avertable
3967	liable to sudden unpredictable change	erratic|fickle|mercurial|quicksilver(a)
3968	capable of being changed in substance as if by alchemy	convertible|transformable|translatable|transmutable
3969	generous in assistance to the poor	beneficent|benevolent|eleemosynary|philanthropic
3970	having a cheerful, lively, and self-confident air	chipper|debonair|debonaire|jaunty
3971	of a deep somewhat purplish blue color similar to that of a clear October sky	azure|cerulean|sky-blue|bright blue
3972	of a bluish shade of green	bluish green|blue-green|cyan|teal
3973	of a color similar to that of wood or earth	brown|brownish|chocolate-brown|dark-brown
3974	of blue tinged with grey	grey-blue|gray-blue|greyish-blue|grayish-blue
3975	of brown tinged with grey	grey-brown|gray-brown|greyish-brown|grayish-brown
3976	of green tinged with grey	grey-green|gray-green|greyish-green|grayish-green
3977	of pink tinged with grey	grey-pink|gray-pink|greyish-pink|grayish-pink
3978	of the color between blue and yellow in the color spectrum	green|greenish|light-green|dark-green
3979	of something having a drab pale brown color resembling a mouse	mousy|mousey|mouse-colored|mouselike
3980	snuff colored	snuff|snuff-brown|mummy-brown|chukker-brown
3981	of a vivid red to reddish-orange color	vermilion|vermillion|cinnabar|Chinese-red
3982	of lustrous grey	argent|silver|silvery|silverish
3983	of dark grey	black-grey|black-gray|blackish-grey|blackish-gray
3984	of grey tinged with blue	blue-grey|blue-gray|bluish-grey|bluish-gray
3985	of grey tinged with brown	brown-grey|brown-gray|brownish-grey|brownish-gray
3986	of an achromatic color of any lightness intermediate between the extremes of white and black	grey|gray|greyish|grayish
3987	of black tinged with grey	grey-black|gray-black|greyish-black|grayish-black
3988	of white tinged with grey	grey-white|gray-white|greyish-white|grayish-white
3989	of a dark shade of grey	oxford-grey|oxford-gray|dark-grey|dark-gray
3990	of grey tinged with red	red-grey|red-gray|reddish-grey|reddish-gray
3991	of grey resembling silver	silver-grey|silver-gray|silvery-grey|silvery-gray
3992	of grey tinged with yellow	yellow-grey|yellow-gray|yellowish-grey|yellowish-gray
3993	having the color of cinnamon	cinnamon colored|cinnamon coloured|cinnamon-colored|cinnamon-coloured
3994	having a dark color	dark-colored|dark-coloured|dusky-colored|dusky-coloured
3995	having a metallic color	metal-colored|metal-coloured|metallic-colored|metallic-coloured
3996	having or appearing to have only one color	monochromatic|monochrome|monochromic|monochromous
3997	varying in color when seen in different lights or from different angles	changeable|chatoyant|iridescent|shot
3998	having lost freshness or brilliance of color	bleached|faded|washed-out|washy
3999	lacking brightness or color	drab|sober|somber|sombre
4000	suggestive of or tending to moral looseness	lewd|obscene|raunchy|salacious
4001	stupid and confused	addlebrained|addlepated|puddingheaded|muddleheaded
4002	in a state of mental numbness especially as resulting from shock	dazed|stunned|stupefied|stupid(p)
4003	showing self-interest and shrewdness in dealing with others	cagey|cagy|canny|clever
4004	(of especially persons) lacking sense or understanding or judgment	nitwitted|senseless|soft-witted|witless
4005	completely unclothed	bare|au naturel(p)|naked|nude
4006	filled or abounding with fog or mist	brumous|foggy|hazy|misty
4007	filled or abounding with clouds	cloud-covered|clouded|overcast|sunless
4008	darkened by clouds	heavy|lowering|sullen|threatening
4009	filled with vapor	miasmal|miasmic|vaporous|vapourous
4010	marked by an orderly, logical, and aesthetically consistent relation of parts	coherent|consistent|logical|ordered
4011	clustered together but not coherent	agglomerate|agglomerated|agglomerative|clustered
4012	formed of separate units gathered into a mass or whole	aggregate|aggregated|aggregative|mass
4013	spreading by diffusion	diffusing(a)|diffusive|dispersive|disseminative
4014	spreading or spread throughout	permeant|permeating|permeative|pervasive
4015	difficult to burn	fire-retardant|fire-resistant|fire-resisting|fire-resistive
4016	having a feeling of home	homelike|homely|homey|homy
4017	surpassing what is common or usual or expected	especial(a)|exceptional|particular(a)|special
4018	commonly used or practiced	accustomed|customary|habitual|wonted(a)
4019	prone to communicate confidential information	blabbermouthed|leaky|talebearing(a)|tattling(a)
4020	used of the language of the deaf	gestural|sign(a)|signed|sign-language(a)
4021	habitually complaining	fretful|querulous|whiney|whiny
4022	having the requisite qualities for	adequate to(p)|capable|equal to(p)|up to(p)
4023	successfully completed or brought to an end	accomplished|completed|realized|realised
4024	inadequate in number of workers or assistants etc.	short-handed|short-staffed|undermanned|understaffed
4025	not agitated	calm|unagitated|serene|tranquil
4026	free from emotional agitation or nervous tension	unflurried|unflustered|unperturbed|unruffled
4027	thrown into a state of agitated confusion	flustered|hot and bothered(p)|perturbed|rattled
4028	shaped like a pouch	bursiform|pouch-shaped|pouchlike|saclike
4029	convex on both sides	biconvex|convexo-convex|lenticular|lentiform
4030	distributed in portions (often equal) on the basis of a plan or purpose	divided|divided up|shared|shared out
4031	having the characteristics of pitch or tar	pitchy|resinous|resiny|tarry
4032	having or showing excessive or compulsive concern with something	haunted|obsessed|preoccupied|taken up(p)
4033	briefly giving the gist of something	compendious|compact|succinct|summary
4034	brief and to the point	crisp|curt|laconic|terse
4035	repetition of same sense in different words	pleonastic|redundant|tautologic|tautological
4036	not having resin	nonresinous|non-resinous|nonresiny|non-resiny
4037	under terms not final or fully worked out or agreed upon	probationary|provisional|provisionary|tentative
4038	not in keeping with what is correct or proper	inappropriate|incompatible|out or keeping(p)|unfitting
4039	having a common boundary or edge	adjacent|conterminous|contiguous|neighboring(a)
4040	old-fashioned and out of date	fusty|standpat(a)|unprogressive|nonprogressive
4041	in disagreement	at odds(p)|conflicting|contradictory|self-contradictory
4042	wreaking or capable of wreaking complete destruction	annihilative|annihilating|devastating|withering
4043	discontented as toward authority	disaffected|ill-affected|malcontent|rebellious
4044	without flaws or loopholes	unassailable|unshakable|watertight|bulletproof
4045	at all times	around-the-clock|day-and-night|nonstop|round-the-clock
4046	open to argument or debate	arguable|debatable|disputable|moot
4047	lacking spontaneity or originality or individuality	stereotyped|stereotypic|stereotypical|unimaginative
4048	deviating from what is considered moral or right or proper or good	depraved|perverse|perverted|reprobate
4049	awkwardly simple and provincial	bumpkinly|hick|rustic|unsophisticated
4050	small and remote and insignificant	jerkwater|one-horse|pokey|poky
4051	marked by rude or peremptory shortness	brusque|brusk|curt|short(p)
4052	deficient in originality or creativity	sterile|unimaginative|uninspired|uninventive
4053	too improbable to admit of belief	improbable|marvelous|marvellous|tall(a)
4054	denying or questioning the tenets of especially a religion	disbelieving|skeptical|sceptical|unbelieving
4055	involving or relating to three dimensions or aspects	three-dimensional|3-dimensional|third-dimensional|three-d
4056	having a hole cut through	pierced|perforated|perforate|punctured
4057	disposed to venture or take risks	audacious|daring|venturesome|venturous
4058	showing curiosity	inquisitive|speculative|questioning|wondering(a)
4059	offensively curious or inquisitive	nosy|nosey|prying|snoopy
4060	(especially of clothing) made in standard sizes and available from merchandise in stock	off-the-rack|off-the-shelf|off-the-peg|ready-to-wear
4061	totally deaf	profoundly deaf|stone-deaf|deaf as a post|unhearing
4062	conspicuously and tastelessly indecent	crude|earthy|gross|vulgar
4063	having the power or quality of deciding	deciding(a)|determinant|determinative|determining(a)
4064	situated at or extending to great depth	profound|unfathomed|unplumbed|unsounded
4065	full of submerged reefs or sandbanks or shoals	reefy|shelfy|shelvy|shoaly
4066	(of sleep) deep and complete	heavy|profound|sound|wakeless
4067	concerning or characterized by an appreciation of beauty or good taste	aesthetic|esthetic|aesthetical|esthetical
4068	brought low in spirit	chapfallen|chopfallen|crestfallen|deflated
4069	able to be refuted	questionable|refutable|confutable|confutative
4070	tested and proved to be reliable	tested|time-tested|tried|tried and true
4071	of plants or persons	parasitic|parasitical|leechlike|bloodsucking
4072	supported by both sides	bipartisan|bipartizan|two-party|two-way
4073	greatly desired	coveted|in demand(p)|sought after|sought-after
4074	artificially formal	artificial|contrived|hokey|stilted
4075	hard to deal with	awkward|embarrassing|sticky|unenviable
4076	easy and not involved or complicated	elementary|simple|uncomplicated|unproblematic
4077	used of a person's appearance or behavior	distinguished|grand|imposing|magisterial
4078	causing awareness of your shortcomings	demeaning|humbling|humiliating|mortifying
4079	characterized by hard work and perseverance	hardworking|industrious|tireless|untiring
4080	failing in what duty requires	derelict|delinquent|neglectful|remiss
4081	smoothly agreeable and courteous with a degree of sophistication	politic|smooth|suave|bland
4082	intended to pacify by acceding to demands or granting concessions	appeasing(a)|placating|placative|placatory
4083	of a path e.g.	meandering(a)|rambling|wandering(a)|winding
4084	roundabout and unnecessarily wordy	circumlocutious|circumlocutory|periphrastic|ambagious
4085	(of e.g. speech and writing) tending to depart from the main point or cover a wide range of subjects	digressive|discursive|excursive|rambling
4086	unwisely talking too much	bigmouthed|blabbermouthed|blabby|talkative
4087	struck with fear, dread, or consternation	aghast(p)|appalled|dismayed|shocked
4088	attempting to win favor by flattery	bootlicking|fawning|sycophantic|toadyish
4089	given to or marked by the consumption of alcohol	bibulous|boozy|drunken|sottish
4090	under the influence of narcotics	doped|drugged|narcotized|narcotised
4091	uttered with unrestrained enthusiasm	burbling|burbly|effusive|gushing
4092	lacking brilliance or vitality	lackluster|lacklustre|lusterless|lustreless
4093	tending to or capable of propelling	propellant|propellent|propelling|propulsive
4094	not shrinking from danger	unblinking|unflinching|unintimidated|unshrinking
4095	uneducated in general	ignorant|nescient|unlearned|unlettered
4096	exerting force or influence	effective|good|in effect(p)|in force(p)
4097	producing exhaustion	exhausting|tiring|wearing|wearying
4098	(of gases) capable of expansion	expandable|expandible|expansible|expansile
4099	(of persons) excessively affected by emotion	aroused|emotional|excited|worked up
4100	giving strong encouragement	exhortative|exhortatory|hortative|hortatory
4101	excessively agitated	frantic|frenetic|phrenetic|frenzied
4102	destructive of morale and self-reliance	demoralizing|demoralising|disheartening|dispiriting
4103	heavily burdened with work or cares	bowed down(p)|loaded down(p)|overburdened|weighed down(p)
4104	showing sustained enthusiastic action with unflagging vitality	indefatigable|tireless|unflagging|unwearying
4105	lacking spirit or liveliness	dreamy|lackadaisical|languid|languorous
4106	deprived of the rights of citizenship especially the right to vote	disenfranchised|disfranchised|voiceless|voteless
4107	not exploratory	nonexploratory|nonexplorative|unexploratory|unexplorative
4108	reduced in strength	attenuate|attenuated|faded|weakened
4109	working hard to promote an enterprise	energetic|gumptious|industrious|up-and-coming
4110	intensely enthusiastic about or preoccupied with	crazy|wild|dotty|gaga
4111	feeling or showing little interest or enthusiasm	halfhearted|half-hearted|tepid|lukewarm
4112	(often followed by `for') ardently or excessively desirous	avid|devouring(a)|esurient|greedy
4113	constitutional in the structure of something (especially your physical makeup)	constituent(a)|constitutional|constitutive(a)|organic
4114	formally expressing praise	encomiastic|eulogistic|panegyric|panegyrical
4115	extremely irritating to the nerves	nerve-racking|nerve-wracking|stressful|trying
4116	having a flat bottom	flatbottom|flatbottomed|flat-bottomed|flat-bottom
4117	unpredictably excitable (especially of horses)	skittish|flighty|spooky|nervous
4118	emotionally aroused	stimulated|stirred|stirred up|aroused
4119	affected by emotion as if by electricity	electric|galvanic|galvanizing|galvanising
4120	carefully observant or attentive	argus-eyed|open-eyed|vigilant|wakeful
4121	containing or expressing accusation	accusative|accusatory|accusing|accusive
4122	charging or suggestive of guilt or blame	criminative|criminatory|incriminating|incriminatory
4123	nonexistent	lacking|absent|missing|wanting
4124	so unexpected as to have not been imagined	unhoped|unhoped-for|unthought|unthought-of
4125	not tried or tested by experience	unseasoned|untested|untried|young
4126	exhibiting or calling for sportsmanship or fair play	clean|sporting|sporty|sportsmanlike
4127	unwavering in devotion to friend or vow or cause	firm|loyal|truehearted|fast(a)
4128	practicing great self-denial	ascetic|ascetical|austere|spartan
4129	ludicrously odd	antic|fantastic|fantastical|grotesque
4130	in accord with the most fashionable ideas or style	up-to-date|up to date|cutting-edge|with-it
4131	performed with little or no delay	immediate|prompt|quick|straightaway
4132	wasting time	dilatory|laggard|poky|pokey
4133	excessively fat	corpulent|obese|weighty|rotund
4134	being of delicate or slender build	slender|slight|slim|svelte
4135	containing an unusual amount of grease or oil	greasy|oily|sebaceous|oleaginous
4136	having relatively few calories	light|lite|low-cal|calorie-free
4137	a police officer who investigates crimes	detective|investigator|tec|police detective
4138	one who disparages or belittles the worth of something	detractor|disparager|depreciator|knocker
4139	an adjustment that causes something to occur or recur in unison	synchronization|synchronisation|synchronizing|synchronising
4140	a stupid incompetent person	dimwit|nitwit|half-wit|doofus
4141	a person who announces and plays popular recorded music	disk jockey|disc jockey|d.j.|DJ
4142	someone whose style is out of fashion	dodo|fogy|fogey|fossil
4143	a person (not necessarily a spouse) with whom you cohabit and share a long-term sexual relationship	domestic partner|significant other|spousal equivalent|spouse equivalent
4144	a clergyman	dominus|dominie|domine|dominee
4145	a person who dribbles	dribbler|driveller|slobberer|drooler
4146	a person who drinks alcoholic beverages (especially to excess)	drinker|imbiber|toper|juicer
4147	a laborer who is obliged to do menial work	drudge|peon|navvy|galley slave
4148	a person who fights duels	dueler|dueller|duelist|duellist
4149	someone who leaves one country to settle in another	emigrant|emigre|emigree|outgoer
4150	an independent ruler or chieftain (especially in Africa or Arabia)	emir|amir|emeer|ameer
4151	an armed adversary (especially a member of an opposing military force)	enemy|foe|foeman|opposition
4152	the operator of a railway locomotive	engineer|locomotive engineer|railroad engineer|engine driver
4153	any standardized procedure for measuring sensitivity or memory or intelligence or aptitude or personality etc	test|mental test|mental testing|psychometric test
4154	a preacher of the Christian gospel	evangelist|revivalist|gospeler|gospeller
4155	a Muslim or Hindu mendicant monk who is regarded as a holy man	fakir|fakeer|faqir|faquir
4156	an ardent follower and admirer	fan|buff|devotee|lover
4157	a person who operates a farm	farmer|husbandman|granger|sodbuster
4158	a hired hand on a farm	farmhand|fieldhand|field hand|farm worker
4159	anyone who submits to the belief that they are powerless to change their destiny	fatalist|determinist|predestinarian|predestinationist
4160	a supporter of feminism	feminist|women's rightist|women's liberationist|libber
4161	a producer of motion pictures	film maker|filmmaker|film producer|movie maker
4162	systematic organization	systematization|systematisation|rationalization|rationalisation
4163	a member of a fire department who tries to extinguish fires	fireman|firefighter|fire fighter|fire-eater
4164	a slick spokesperson who can turn any criticism to the advantage of their employer	flak catcher|flak|flack catcher|flack
4165	a person of unquestioning obedience	flunky|flunkey|stooge|yes-man
4166	someone who makes predictions of the future (usually on the basis of special knowledge)	forecaster|predictor|prognosticator|soothsayer
4167	a person who comes from a foreign country	foreigner|alien|noncitizen|outlander
4168	a person who founds or establishes some institution	founder|beginner|founding father|father
4169	a person or animal that is markedly unusual or deformed	freak|monster|monstrosity|lusus naturae
4170	making an itemized list of merchandise or supplies on hand	inventory|inventorying|stocktaking|stock-taking
4171	a very large person	giant|hulk|heavyweight|whale
4172	a person who is devoted to eating and drinking to excess	glutton|gourmand|gourmandizer|trencherman
4173	(Yiddish) a thief or dishonest person or scoundrel (often used as a general term of abuse)	gonif|goniff|ganef|ganof
4174	someone whose career progresses rapidly	go-getter|whizz-kid|whiz-kid|ball of fire
4175	the act of gathering something together	collection|collecting|assembling|aggregation
4176	one who provides a warrant or guarantee to another	guarantor|surety|warrantor|warranter
4177	a member of an irregular armed force that fights a stronger force by sabotage and harassment	guerrilla|guerilla|irregular|insurgent
4178	someone who cuts or beautifies hair	hairdresser|hairstylist|stylist|styler
4179	the collection and removal of garbage	garbage collection|garbage pickup|trash collection|trash pickup
4180	the collection and study of money (and coins in particular)	numismatics|numismatology|coin collecting|coin collection
4181	a member of a Jewish sect that observes a form of strict Orthodox Judaism	Hasid|Hassid|Chasid|Chassid
4182	someone who makes and sells hats	hatmaker|hatter|milliner|modiste
4183	the head of a tribe or clan	headman|tribal chief|chieftain|chief
4184	someone who listens attentively	hearer|listener|auditor|attender
4185	a person who does not acknowledge your god	heathen|pagan|gentile|infidel
4186	a person having a sexual orientation to persons of the opposite sex	heterosexual|heterosexual person|straight person|straight
4187	a holdup man who stops a vehicle and steals from it	highjacker|highwayman|hijacker|road agent
4188	someone who rejects the established culture	hippie|hippy|hipster|flower child
4189	someone who builds houses as a business	homebuilder|home-builder|housebuilder|house-builder
4190	someone who is sexually attracted to persons of the same sex	homosexual|homophile|homo|gay
4191	the act of prolonging something	prolongation|protraction|perpetuation|lengthening
4192	a wife who manages a household while her husband earns the family income	housewife|homemaker|lady of the house|woman of the house
4193	a person who worships idols	idolater|idolizer|idoliser|idol worshiper
4194	fights on foot with small arms	infantryman|marcher|foot soldier|footslogger
4195	someone who has been admitted to membership in a scholarly field	initiate|learned person|pundit|savant
4196	an agent who sells insurance	insurance broker|insurance agent|general agent|underwriter
4197	a person who takes part in an armed rebellion against the constituted authority (especially in the hope of improving conditions)	insurgent|insurrectionist|freedom fighter|rebel
4198	a person who specializes in interior decoration	interior decorator|house decorator|room decorator|decorator
4199	an advanced student or graduate in medicine gaining supervised practical experience (`houseman' is a British term)	intern|interne|houseman|medical intern
4200	a hypothetical average man	John Doe|Joe Blow|Joe Bloggs|man in the street
4201	an offensive and insulting term for any Black African	kaffir|kafir|caffer|caffre
4202	someone who unlawfully seizes and detains a victim (usually for ransom)	kidnapper|kidnaper|abductor|snatcher
4203	one related by blood or origin	blood relation|blood relative|cognate|sib
4204	an assistant (often the father of the soon-to-be-born child) who provides support for a woman in labor by encouraging her to use techniques learned in childbirt	labor coach|birthing coach|doula|monitrice
4205	someone who works with their hands	laborer|manual laborer|labourer|jack
4206	someone who arranges features of the landscape or garden attractively	landscape architect|landscape gardener|landscaper|landscapist
4207	a girl or young woman who is unmarried	lass|lassie|young girl|jeune fille
4208	a prescribed procedure to be followed routinely	standing operating procedure|standard operating procedure|SOP|standard procedure
4209	a follower who hangs around a host (without benefit to the host) in hope of gain or advantage	leech|parasite|sponge|sponger
4210	a person with a record of failing	failure|loser|nonstarter|unsuccessful person
4211	a politician who belongs to a small clique that controls a political party for private rather than public ends	machine politician|ward-heeler|political hack|hack
4212	a female domestic	maid|maidservant|housemaid|amah
4213	someone who participates in long-distance races (especially in marathons)	marathoner|marathon runner|road runner|long-distance runner
4214	someone who attacks in search of booty	marauder|predator|vulture|piranha
4215	a member of the United States Marine Corps	Marine|devil dog|leatherneck|shipboard soldier
4216	an officer who is licensed to command a merchant ship	master|captain|sea captain|skipper
4217	a chaplain in one of the military services	military chaplain|padre|Holy Joe|sky pilot
4218	someone who mooches or cadges (tries to get something free)	moocher|mooch|cadger|scrounger
4219	one whose business is the management of funerals	mortician|undertaker|funeral undertaker|funeral director
4220	a person who is feeling grief (as grieving over someone who has died)	mourner|griever|sorrower|lamenter
4221	a worker who drives mules	muleteer|mule skinner|mule driver|skinner
4222	a reflective thinker characterized by quiet contemplation	muser|muller|ponderer|ruminator
4223	(biology) an organism that has characteristics resulting from chromosomal alteration	mutant|mutation|variation|sport
4224	a Russian peasant (especially prior to 1917)	muzhik|moujik|mujik|muzjik
4225	someone who sells newspapers	newsagent|newsdealer|newsvendor|newsstand operator
4226	a selfish person who is unwilling to give or spend	niggard|skinflint|scrooge|churl
4227	the act of participating in the celebration of the Eucharist	Communion|Holy Communion|sacramental manduction|manduction
4228	a man who is very old	old man|greybeard|graybeard|Methuselah
4229	an elderly person	oldster|old person|senior citizen|golden ager
4230	a person who is rejected (from society or home)	outcast|castaway|pariah|Ishmael
4231	someone who pampers or spoils by excessive indulgence	pamperer|spoiler|coddler|mollycoddler
4232	a person whose behavior deviates from what is acceptable especially in sexual behavior	pervert|deviant|deviate|degenerate
4233	one praying humbly for something	petitioner|suppliant|supplicant|requester
4234	someone who helps to open up a new line of research or technology or art	pioneer|innovator|trailblazer|groundbreaker
4235	someone who robs at sea or plunders the land from the sea without having a commission from any sovereign nation	pirate|buccaneer|sea robber|sea rover
4236	someone who moves slowly	plodder|slowpoke|stick-in-the-mud|slowcoach
4237	a person active in party politics	politician|politico|pol|political leader
4238	someone who conducts surveys of public opinion	pollster|poll taker|headcounter|canvasser
4239	someone who makes something attractive to the general public	popularizer|populariser|vulgarizer|vulgariser
4240	a painter or drawer of portraits	portraitist|portrait painter|portrayer|limner
4241	a person who explores caves	potholer|spelunker|speleologist|spelaeologist
4242	a craftsman who shapes pottery on a potter's wheel and bakes them it a kiln	potter|thrower|ceramicist|ceramist
4243	a highly energetic and indefatigable person	powerhouse|human dynamo|ball of fire|fireball
4244	someone whose occupation is preaching the gospel	preacher|preacher man|sermonizer|sermoniser
4245	the person who holds the office of head of state of the United States government	President of the United States|United States President|President|Chief Executive
4246	someone employed to arrange publicity (for a firm or a public figure)	press agent|publicity man|public relations man|PR man
4247	a person who is the aim of an attack (especially a victim of ridicule or exploitation) by some hostile person or influence	prey|quarry|target|fair game
4248	an achondroplastic dwarf whose small size is the result of a genetic defect	primordial dwarf|hypoplastic dwarf|true dwarf|normal dwarf
4249	the educator who has executive authority for a school	principal|school principal|head teacher|head
4250	a person who designs and writes and tests computer programs	programmer|computer programmer|coder|software engineer
4251	a government official who conducts criminal prosecutions on behalf of the state	prosecutor|public prosecutor|prosecuting officer|prosecuting attorney
4252	the act of concealing the existence of something by obstructing the view of it	cover|covering|screening|masking
4253	a disputant who quibbles	quibbler|caviller|caviler|pettifogger
4254	a debater who refutes or disproves by offering contrary evidence or argument	rebutter|disprover|refuter|confuter
4255	someone who has red hair	redhead|redheader|red-header|carrottop
4256	a skilled worker who is employed to restore or refinish buildings or antique furniture	refinisher|renovator|restorer|preserver
4257	someone who engages in drinking bouts	drunken reveler|drunken reveller|bacchanal|bacchant
4258	a radical supporter of political or social revolution	revolutionist|revolutionary|subversive|subverter
4259	disparaging terms for small people	runt|shrimp|peewee|half-pint
4260	person of exceptional holiness	saint|holy man|holy person|angel
4261	a salesperson in a store	salesclerk|shop clerk|clerk|shop assistant
4262	the act of encamping and living in tents in a camp	camping|encampment|bivouacking|tenting
4263	man with strong sexual desires	satyr|lecher|lech|letch
4264	a person who rescues you from harm or danger	savior|saviour|rescuer|deliverer
4265	someone who works (or provides workers) during a strike	scab|strikebreaker|blackleg|rat
4266	(Yiddish) an awkward and stupid person	schlepper|shlepper|schlep|shlep
4267	(Yiddish) a jerk	schmuck|shmuck|schmo|shmo
4268	a learned person (especially in the humanities)	scholar|scholarly person|bookman|student
4269	a woman schoolteacher (especially one regarded as strict)	schoolmarm|schoolma'am|schoolmistress|mistress
4270	an acquaintance that you go to school with	schoolmate|classmate|schoolfellow|class fellow
4271	someone who jeers or mocks or treats something with contempt or calls out in derision	scoffer|flouter|mocker|jeerer
4272	an artist who creates sculptures	sculptor|sculpturer|carver|statue maker
4273	a person secretly employed in espionage for a government	secret agent|intelligence officer|intelligence agent|operative
4274	an English barrister of the highest rank	serjeant-at-law|serjeant|sergeant-at-law|sergeant
4275	someone who serves in the armed forces	serviceman|military man|man|military personnel
4276	a merchant who owns or manages a shop	shopkeeper|tradesman|storekeeper|market keeper
4277	a tourist who is visiting sights of interest	sightseer|excursionist|tripper|rubberneck
4278	a person with confused ideas	addle-head|addlehead|loon|birdbrain
4279	a person who sings	singer|vocalist|vocalizer|vocaliser
4280	one who hesitates (usually out of fear)	waverer|vacillator|hesitator|hesitater
4281	a dirty untidy woman	slattern|slut|slovenly woman|trollop
4282	a coarse obnoxious person	slob|sloven|pig|slovenly person
4283	someone with an assured and ingratiating manner	smoothie|smoothy|sweet talker|charmer
4284	a person regarded as arrogant and annoying	snob|prig|snot|snoot
4285	someone who engages in anal copulation (especially a male who engages in anal copulation with another male)	sodomite|sodomist|sod|bugger
4286	someone with a habitually sullen or gloomy expression	sourpuss|picklepuss|gloomy Gus|pouter
4287	a pause from doing something (as work)	respite|recess|break|time out
4288	the act of pausing uncertainly	hesitation|waver|falter|faltering
4289	someone who spends money prodigally	spendthrift|spend-all|spender|scattergood
4290	someone who spoils the pleasure of others	spoilsport|killjoy|wet blanket|party pooper
4291	an advocate who represents someone else's policy or purpose	spokesperson|interpreter|representative|voice
4292	freedom from activity (work or strain or responsibility)	rest|ease|repose|relaxation
4293	someone who walks with a heavy noisy gait or who stamps on the ground	stamper|stomper|tramper|trampler
4294	quiet and inactive restfulness	quiescence|quiescency|dormancy|sleeping
4295	an assistant subject to the authority or control of another	subordinate|subsidiary|underling|foot soldier
4296	someone who expresses strong approval	subscriber|endorser|indorser|ratifier
4297	a supplier of victuals or supplies to an army	sutler|victualer|victualler|provisioner
4298	the action of interjecting or interposing an action or remark that interrupts	interjection|interposition|interpolation|interpellation
4299	a person loved by another person	sweetheart|sweetie|steady|truelove
4300	someone who samples food or drink for its quality	taster|taste tester|taste-tester|sampler
4301	someone given to teasing (as by mocking or stirring curiosity)	tease|teaser|annoyer|vexer
4302	someone with the power of communicating thoughts directly	telepathist|thought-reader|mental telepathist|mind reader
4303	someone who reports news stories via television	television reporter|television newscaster|TV reporter|TV newsman
4304	an inhabitant of the earth	tellurian|earthling|earthman|worldling
4305	a very troublesome child	terror|brat|little terror|holy terror
4306	someone who is learned in theology or who speculates about theology	theologian|theologist|theologizer|theologiser
4307	a young child	toddler|yearling|tot|bambino
4308	someone who purchases and maintains an inventory of goods to be sold	trader|bargainer|dealer|monger
4309	the act of indulging or gratifying a desire	indulgence|indulging|pampering|humoring
4310	a person who unfastens or unwraps or opens	undoer|opener|unfastener|untier
4311	someone who finds fault or imputes blame	upbraider|reprover|reproacher|rebuker
4312	a person who has suddenly risen to a higher economic status but has not gained social acceptance of others in that class	upstart|parvenu|nouveau-riche|arriviste
4313	someone who lends money at excessive rates of interest	usurer|loan shark|moneylender|shylock
4314	a doctor who practices veterinary medicine	veterinarian|veterinary|veterinary surgeon|vet
4315	the action of an armed force that surrounds a fortified place and isolates it while continuing to attack	siege|besieging|beleaguering|military blockade
4316	someone who leads a wandering unsettled life	wanderer|roamer|rover|bird of passage
4317	a working woman who takes in washing	washwoman|washerwoman|laundrywoman|laundress
4318	a woman hired to suckle a child of someone else	wet nurse|wet-nurse|wetnurse|amah
4319	a Roman Catholic friar wearing the black mantle of the Dominican order	Dominican|Black Friar|Blackfriar|friar preacher
4320	a prostitute's customer	whoremaster|whoremonger|john|trick
4321	(law) a person who attests to the genuineness of a document or signature by adding their own signature	witness|attestant|attestor|attestator
4322	a man who is aggressive in making amorous advances to women	wolf|woman chaser|skirt chaser|masher
4323	an employee who performs manual or industrial labor	workman|workingman|working man|working person
4324	a person who has a nasty or unethical character undeserving of respect	worm|louse|insect|dirt ball
4325	thinks about unfortunate things that might happen	worrier|fuss-budget|fusspot|worrywart
4326	forceful prevention	suppression|crushing|quelling|stifling
4327	a young person (especially a young man or boy)	young person|youth|younker|spring chicken
4328	(voodooism) a spirit or supernatural force that reanimates a dead body	zombi|zombie|zombi spirit|zombie spirit
4329	2nd President of the United States (1735-1826)	Adams|John Adams|President Adams|President John Adams
4330	6th President of the United States	Adams|John Quincy Adams|President Adams|President John Quincy Adams
4331	early ruler of Egypt who rejected the old gods and replaced them with sun worship (died in 1358 BC)	Akhenaton|Akhenaten|Ikhanaton|Amenhotep IV
4332	Pope and father of Cesare Borgia and Lucrezia Borgia (1431-1503)	Alexander VI|Pope Alexander VI|Borgia|Rodrigo Borgia
4333	United States prizefighter who won the world heavyweight championship three times (born in 1942)	Ali|Muhammad Ali|Cassius Clay|Cassius Marcellus Clay
4334	United States comedienne remembered as the confused but imperturbable partner of her husband, George Burns (1906-1964)	Allen|Gracie Allen|Grace Ethel Cecile Rosalie Allen|Gracie
4335	United States physicist who studied the electronic structure of magnetic and disordered systems (1923-)	Anderson|Philip Anderson|Philip Warren Anderson|Phil Anderson
4336	(New Testament) disciple of Jesus	Andrew|Saint Andrew|St. Andrew|Saint Andrew the Apostle
4337	United States suffragist (1820-1906)	Anthony|Susan Anthony|Susan B. Anthony|Susan Brownell Anthony
4338	Dutch Protestant theologian who founded Arminianism which opposed the absolute predestinarianism of John Calvin (1559-1609)	Arminius|Jacobus Arminius|Jacob Harmensen|Jakob Hermandszoon
4339	elected vice president and became 21st President of the United States when Garfield was assassinated (1830-1886)	Arthur|Chester A. Arthur|Chester Alan Arthur|President Arthur
4340	United States writer (born in Poland) who wrote in Yiddish (1880-1957)	Asch|Sholem Asch|Shalom Asch|Sholom Asch
4341	Turkish statesman who abolished the caliphate and founded Turkey as a modern secular state (1881-1938)	Ataturk|Kemal Ataturk|Kemal Pasha|Mustafa Kemal
4342	(Roman Catholic Church) Greek patriarch of Alexandria who championed Christian orthodoxy against Arianism	Athanasius|Saint Athanasius|St. Athanasius|Athanasius the Great
4343	king of the Huns	Attila|Attila the Hun|Scourge of God|Scourge of the Gods
4344	British statesman and leader of the Labour Party who instituted the welfare state in Britain (1883-1967)	Attlee|Clement Attlee|Clement Richard Attlee|1st Earl Attlee
4345	(Roman Catholic Church) one of the great Fathers of the early Christian church	Augustine|Saint Augustine|St. Augustine|Augustine of Hippo
4346	Roman statesman who established the Roman Empire and became emperor in 27 BC	Augustus|Gaius Octavianus|Gaius Julius Caesar Octavianus|Octavian
4347	a baseball thrown with little velocity when the batter is expecting a fastball	change-up|change-of-pace|change-of-pace ball|off-speed pitch
4348	United States explorer who accompanied Peary's expedition to the North Pole and who led many other Arctic trips (1875-1946)	Bartlett|Robert Bartlett|Robert Abram Bartlett|Captain Bob
4349	(Roman Catholic Church) archbishop of Canterbury from 1162 to 1170	Becket|Thomas a Becket|Saint Thomas a Becket|St. Thomas a Becket
4350	Italian cardinal and theologian (1542-1621)	Bellarmine|Bellarmino|Cardinal Bellarmine|Roberto Francesco Romolo Bellarmine
4351	Danish explorer who explored the northern Pacific Ocean for the Russians and discovered the Bering Strait (1681-1741)	Bering|Vitus Bering|Behring|Vitus Behring
4352	Swiss mathematician (1654-1705)	Bernoulli|Jakob Bernoulli|Jacques Bernoulli|James Bernoulli
4353	Swiss mathematician (1667-1748)	Bernoulli|Johann Bernoulli|Jean Bernoulli|John Bernoulli
4354	United States baseball player (born 1925)	Berra|Lawrence Peter Berra|Yogi|Yogi Berra
4355	a pitch of a baseball that is thrown with spin so that its path curves as it approaches the batter	curve|curve ball|breaking ball|bender
4356	Prussian general who is remembered for his leadership in the wars against Napoleon (1742-1819)	Blucher|von Blucher|G. L. von Blucher|Gebhard Leberecht von Blucher
4357	United States financier noted for his love of diamonds and his extravagant lifestyle (1856-1917)	Brady|James Buchanan Brady|Diamond Jim Brady|Diamond Jim
4358	United States rocket engineer (born in Germany where he designed a missile used against England)	Braun|von Braun|Wernher von Braun|Wernher Magnus Maximilian von Braun
4359	the act of conferring an honor or presenting a gift	bestowal|bestowment|conferral|conferment
4360	major English composer of the 20th century	Britten|Benjamin Britten|Edward Benjamin Britten|Lord Britten of Aldeburgh
4361	English novelist	Bronte|Emily Bronte|Emily Jane Bronte|Currer Bell
4362	United States lawyer and politician who advocated free silver and prosecuted John Scopes (1925) for teaching evolution in a Tennessee high school (1860-1925)	Bryan|William Jennings Bryan|Great Commoner|Boy Orator of the Platte
4363	United States jurist appointed chief justice of the United States Supreme Court by Richard Nixon (1907-1995)	Burger|Warren Burger|Warren E. Burger|Warren Earl Burger
4364	United States writer noted for his works portraying the life of drug addicts (1914-1997)	Burroughs|William Burroughs|William S. Burroughs|William Seward Burroughs
4365	English explorer who with John Speke was the first European to explore Lake Tanganyika (1821-1890)	Burton|Richard Burton|Sir Richard Burton|Sir Richard Francis Burton
4366	explorer and United States naval officer	Byrd|Richard E. Byrd|Richard Evelyn Byrd|Admiral Byrd
4367	king of Denmark and Norway who forced Edmund II to divide England with him	Canute|Cnut|Knut|Canute the Great
4368	United States gangster who terrorized Chicago during prohibition until arrested for tax evasion (1899-1947)	Capone|Al Capone|Alphonse Capone|Scarface
4369	an Italian adventurer who wrote vivid accounts of his sexual encounters (1725-1798)	Casanova|Giovanni Jacopo Casanova|Casanova de Seingalt|Giovanni Jacopo Casanova de Seingalt
4370	Spanish writer best remembered for `Don Quixote' which satirizes chivalry and influenced the development of the novel form (1547-1616)	Cervantes|Miguel de Cervantes|Cervantes Saavedra|Miguel de Cervantes Saavedra
4371	as Charles II he was Holy Roman Emperor and as Charles I he was king of France (823-877)	Charles|Charles II|Charles I|Charles the Bald
4372	British statesman and leader during World War II	Churchill|Winston Churchill|Winston S. Churchill|Sir Winston Leonard Spenser Churchill
4373	English general considered one of the greatest generals in history (1650-1722)	Churchill|John Churchill|Duke of Marlborough|First Duke of Marlborough
4374	22nd and 24th President of the United States (1837-1908)	Cleveland|Grover Cleveland|Stephen Grover Cleveland|President Cleveland
4375	42nd President of the United States (1946-)	Clinton|Bill Clinton|William Jefferson Clinton|President Clinton
4376	British general and statesman whose victory at Plassey in 1757 strengthened British control of India (1725-1774)	Clive|Robert Clive|Baron Clive|Baron Clive of Plassey
4377	Italian navigator who discovered the New World in the service of Spain while looking for a route to China (1451-1506)	Columbus|Christopher Columbus|Cristoforo Colombo|Cristobal Colon
4378	British author who created Sherlock Holmes (1859-1930)	Conan Doyle|A. Conan Doyle|Arthur Conan Doyle|Sir Arthur Conan Doyle
4379	Chinese philosopher whose ideas and sayings were collected after his death and became the basis of a philosophical doctrine known a Confucianism (circa 551-478 	Confucius|Kongfuze|K'ung Futzu|Kong the Master
4380	Emperor of Rome who stopped the persecution of Christians and in 324 made Christianity the official religion of the Roman Empire	Constantine|Constantine I|Constantine the Great|Flavius Valerius Constantinus
4381	English navigator who claimed the east coast of Australia for Britain and discovered several Pacific islands (1728-1779)	Cook|James Cook|Captain Cook|Captain James Cook
4382	United States heavyweight boxing champion (1866-1933)	Corbett|Jim Corbett|James John Corbett|Gentleman Jim
4383	Spanish explorer who discovered Yucatan (1475-1526)	Cordoba|Francisco Fernandez Cordoba|Cordova|Francisco Fernandez de Cordova
4384	English general	Cumberland|William Augustus|Duke of Cumberland|Butcher Cumberland
4385	French chemist (born in Poland) who won two Nobel prizes	Curie|Marie Curie|Madame Curie|Marya Sklodowska
4386	American chemist who with Richard Smalley and Harold Kroto discovered fullerenes and opened a new branch of chemistry (born in 1933)	Curl|Robert Curl|Robert F. Curl|Robert Floyd Curl Jr.
4387	French naturalist known as the father of comparative anatomy (1769-1832)	Cuvier|Georges Cuvier|Baron Georges Cuvier|Georges Leopold Chretien Frederic Dagobert Cuvier
4388	English navigator who explored the Arctic while searching for the Northwest Passage (1550-1605)	Davys|John Davys|Davis|John Davis
4389	English dramatist and pamphleteer (1572-1632)	Dekker|Decker|Thomas Dekker|Thomas Decker
4390	French royal architect who built the Tuileries Palace and Gardens in Paris for Catherine de Medicis (1515-1570)	Delorme|Philibert Delorme|de l'Orme|Philibert de l'Orme
4391	United States prizefighter who was world heavyweight champion (1895-1983)	Dempsey|Jack Dempsey|William Harrison Dempsey|Manassa Mauler
4392	Dutch botanist who rediscovered Mendel's laws and developed the mutation theory of evolution (1848-1935)	deVries|De Vries|Hugo deVries|Hugo De Vries
4393	English aristocrat who was the first wife of Prince Charles	Diana|Princess Diana|Princess of Wales|Lady Diana Frances Spencer
4394	Portuguese explorer who in 1488 was the first European to get round the Cape of Good Hope (thus establishing a sea route from the Atlantic to Asia) (1450-1500)	Dias|Diaz|Bartholomeu Dias|Bartholomeu Diaz
4395	(Roman Catholic Church) Spanish priest who founded an order whose members became known as Dominicans or Black Friars (circa 1170-1221)	Dominic|Saint Dominic|St. Dominic|Domingo de Guzman
4396	United States politician who proposed that individual territories be allowed to decide whether they would have slavery	Douglas|Stephen A. Douglas|Stephen Arnold Douglas|Little Giant
4397	British marshal of the RAF who commanded the British air defense forces that defeated the Luftwaffe during the Battle of Britain (1882-1970)	Dowding|Hugh Dowding|Baron Hugh Caswall Tremenheere Dowding|Dowdy
4398	a German Roman Catholic theologian who was an indefatigable opponent of Martin Luther (1486-1543)	Eck|Johann Eck|Johann Maier Eck|Johann Maier
4399	born in England	Endecott|Endicott|John Endecott|John Endicott
4400	Dutch humanist and theologian who was the leading Renaissance scholar of northern Europe	Erasmus|Desiderius Erasmus|Gerhard Gerhards|Geert Geerts
4401	United States basketball forward (born in 1950)	Erving|Julius Erving|Julius Winfield Erving|Dr. J
4402	United States tennis player who won women's singles titles in the United States and at Wimbledon (born in 1954)	Evert|Chris Evert|Chrissie Evert|Christine Marie Evert
4403	a British psychologist (born in Germany) noted for his theories of intelligence and personality and for his strong criticism of Freudian psychoanalysis	Eysenck|Hans Eysenck|H. J. Eysenck|Hans Jurgen Eysenck
4404	United States film actor noted for his swashbuckling roles (1883-1939)	Fairbanks|Douglas Fairbanks|Douglas Elton Fairbanks|Julius Ullman
4405	Italian anatomist who first described the Fallopian tubes (1523-1562)	Fallopius|Gabriele Fallopius|Fallopio|Gabriello Fallopio
4406	emperor of Austria and king of Hungary	Francis Joseph|Franz Joseph|Francis Joseph I|Franz Josef I
4407	Spanish general whose armies took control of Spain in 1939 and who ruled as a dictator until his death (1892-1975)	Franco|Francisco Franco|El Caudillo|General Franco
4408	United States feminist who founded a national organization for women (born in 1921)	Friedan|Betty Friedan|Betty Naomi Friedan|Betty Naomi Goldstein Friedan
4409	United States architect who invented the geodesic dome (1895-1983)	Fuller|Buckminster Fuller|R. Buckminster Fuller|Richard Buckminster Fuller
4410	daughter of Nehru who served as prime minister of India from 1966 to 1977 (1917-1984)	Gandhi|Indira Gandhi|Indira Nehru Gandhi|Mrs. Gandhi
4411	Spanish architect who was a leading exponent of art nouveau in Europe (1852-1926)	Gaudi|Antonio Gaudi|Gaudi i Cornet|Antonio Gaudi i Cornet
4412	Mongolian emperor whose empire stretched from the Black Sea to the Pacific Ocean (1162-1227)	Genghis Khan|Jinghis Khan|Jenghiz Khan|Temujin
4413	United States clarinetist who in 1934 formed a big band (including black as well as white musicians) and introduced a kind of jazz known as swing (1909-1986)	Goodman|Benny Goodman|Benjamin David Goodman|King of Swing
4414	United States composer (born in Australia) who lived in London and collected English folk songs (1882-1961)	Grainger|Percy Grainger|Percy Aldridge Grainger|George Percy Aldridge Grainger
4415	(Roman Catholic Church) a church father known for his constant fight against perceived heresies	Gregory|Gregory Nazianzen|Gregory of Nazianzen|St. Gregory of Nazianzen
4416	founder of a family of Italian violin makers (1626?-1698)	Guarneri|Guarnieri|Guarnerius|Andrea Guarneri
4417	Italian violin maker and grandson of Andrea Guarneri (1687?-1745)	Guarneri|Guarnieri|Guarnerius|Guiseppe Guarneri
4418	Scottish statesman and brother of Elizabeth and John Haldane (1856-1928)	Haldane|Richard Haldane|Richard Burdon Haldane|First Viscount Haldane of Cloan
4419	a prolific British baroque composer (born in Germany) remembered best for his oratorio Messiah (1685-1759)	Handel|George Frideric Handel|George Frederick Handel|Georg Friedrich Handel
4420	29th President of the United States	Harding|Warren Harding|Warren Gamaliel Harding|President Harding
4421	illegitimate son of Canute who seized the throne of England in 1037 (died in 1040)	Harold I|King Harold I|Harold Harefoot|Harefoot
4422	9th President of the United States	Harrison|William Henry Harrison|President Harrison|President William Henry Harrison
4423	23rd President of the United States (1833-1901)	Harrison|Benjamin Harrison|President Harrison|President Benjamin Harrison
4424	English actor on stage and in films (1908-1990)	Harrison|Rex Harrison|Sir Rex Harrison|Reginald Carey Harrison
4425	English privateer involved in the slave trade	Hawkins|Hawkyns|Sir John Hawkins|Sir John Hawkyns
4426	19th President of the United States	Hayes|Rutherford B. Hayes|Rutherford Birchard Hayes|President Hayes
4427	German physiologist and physicist (1821-1894)	Helmholtz|Hermann von Helmholtz|Hermann Ludwig Ferdinand von Helmholtz|Baron Hermann Ludwig Ferdinand von Helmholtz
4428	English actor who edited the first folio of Shakespeare's plays (1556-1630)	Heming|Hemminge|John Heming|John Hemminge
4429	English astronomer (born in Germany) who discovered infrared light and who catalogued the stars and discovered the planet Uranus (1738-1822)	Herschel|William Herschel|Sir William Herschel|Sir Frederick William Herschel
4430	English astronomer (son of William Herschel) who extended the catalogue of stars to the southern hemisphere and did pioneering work in photography (1792-1871)	Herschel|John Herschel|Sir John Herschel|Sir John Frederick William Herschel
4431	New Zealand mountaineer who in 1953 first attained the summit of Mount Everest with his Sherpa guide Tenzing Norgay (born in 1919)	Hillary|Edmund Hillary|Sir Edmund Hillary|Sir Edmund Percival Hillary
4432	English film director noted for his skill in creating suspense (1899-1980)	Hitchcock|Alfred Hitchcock|Sir Alfred Hitchcock|Alfred Joseph Hitchcock
4433	English physiologist who, with Andrew Huxley, discovered the role of potassium and sodium atoms in the transmission of the nerve impulse (1914-1998)	Hodgkin|Alan Hodgkin|Sir Alan Hodgkin|Alan Lloyd Hodgkin
4434	German writer of fantastic tales (1776-1822)	Hoffmann|E. T. A. Hoffmann|Ernst Theodor Amadeus Hoffmann|Ernst Theodor Wilhelm Hoffmann
4435	31st President of the United States	Hoover|Herbert Hoover|Herbert Clark Hoover|President Hoover
4436	Welsh film actor (born in 1937)	Hopkins|Anthony Hopkins|Sir Anthony Hopkins|Sir Anthony Philip Hopkins
4437	Czechoslovakian religious reformer who anticipated the Reformation	Huss|John Huss|Hus|Jan Hus
4438	Spaniard and Roman Catholic theologian and founder of the Society of Jesus	Ignatius of Loyola|Saint Ignatius of Loyola|St. Ignatius of Loyola|Loyola
4439	the queen of Castile whose marriage to Ferdinand of Aragon in 1469 marked the beginning of the modern state of Spain	Isabella|Queen Isabella|Isabella I|Isabella the Catholic
4440	Indonesian terrorist and Islamic militant who commands the Laskar Jihad	Jaffar|Jafar|Jaffar Umar Thalib|Jafar Umar Thalib
4441	the first Stuart to be king of England and Ireland from 1603 to 1625 and king of Scotland from 1567 to 1625	James|James I|King James|King James I
4442	act of transferring property title from one person to another	conveyance|conveyance of title|conveyancing|conveying
4443	17th President of the United States	Johnson|Andrew Johnson|President Johnson|President Andrew Johnson
4444	French nuclear physicist who was Marie Curie's assistant and who worked with Marie Curie's daughter who he married (taking the name Joliot-Curie)	Joliot|Jean-Frederic Joliot|Joliot-Curie|Jean-Frederic Joliot-Curie
4445	French explorer (with Jacques Marquette) of the upper Mississippi River valley (1645-1700)	Jolliet|Louis Jolliet|Joliet|Louis Joliet
4446	an equal exchange	barter|swap|swop|trade
4447	Russian painter who was a pioneer of abstract art (1866-1944)	Kandinsky|Wassily Kandinsky|Kandinski|Wassily Kandinski
4448	United States film actress who retired when she married into the royal family of Monaco (1928-1982)	Kelly|Grace Kelly|Grace Patricia Kelly|Princess Grace of Monaco
4449	Iranian religious leader of the Shiites	Khomeini|Ruholla Khomeini|Ayatollah Khomeini|Ayatollah Ruholla Khomeini
4450	British field marshal (1850-1916)	Kitchener|Herbert Kitchener|Horatio Herbert Kitchener|First Earl Kitchener of Khartoum
4451	Polish patriot and soldier who fought with Americans in the American Revolution (1746-1817)	Kosciusko|Thaddeus Kosciusko|Kosciuszko|Tadeusz Andrzej Bonawentura Kosciuszko
4452	British chemist who with Robert Curl and Richard Smalley discovered fullerenes and opened a new branch of chemistry (born in 1939)	Kroto|Harold Kroto|Harold W. Kroto|Sir Harold Walter Kroto
4453	English dramatist (1558-1594)	Kyd|Kid|Thomas Kyd|Thomas Kid
4454	French soldier who served under George Washington in the American Revolution (1757-1834)	Lafayette|La Fayette|Marie Joseph Paul Yves Roch Gilbert du Motier|Marquis de Lafayette
4455	French pirate who aided the United States in the War of 1812 and received an official pardon for his crimes (1780-1826)	Laffite|Lafitte|Jean Laffite|Jean Lafitte
4456	British actress and mistress of the prince who later became Edward VII (1853-1929)	Langtry|Lillie Langtry|Jersey Lillie|Emilie Charlotte le Breton
4457	Welsh soldier who from 1916 to 1918 organized the Arab revolt against the Turks	Lawrence|T. E. Lawrence|Thomas Edward Lawrence|Lawrence of Arabia
4458	Roman martyr	Lawrence|Saint Lawrence|St. Lawrence|Laurentius
4459	United States psychologist who experimented with psychoactive drugs (including LSD) and became a well-known advocate of their use (1920-1996)	Leary|Tim Leary|Timothy Leary|Timothy Francis Leary
4460	German philosopher and mathematician who thought of the universe as consisting of independent monads and who devised a system of the calculus independent of New	Leibniz|Leibnitz|Gottfried Wilhelm Leibniz|Gottfried Wilhelm Leibnitz
4461	United States writer of thrillers (born in 1925)	Leonard|Elmore Leonard|Elmore John Leonard|Dutch Leonard
4462	Dutch pioneer microscopist who was among the first to recognize cells in animals and who gave the first accurate descriptions of microbes and spermatozoa and bl	Leuwenhoek|Leeuwenhoek|Anton van Leuwenhoek|Anton van Leeuwenhoek
4463	16th President of the United States	Lincoln|Abraham Lincoln|President Lincoln|President Abraham Lincoln
4464	Swedish botanist who proposed the modern system of biological nomenclature (1707-1778)	Linnaeus|Carolus Linnaeus|Carl von Linne|Karl Linne
4465	king of France and Germany (846-879)	Louis II|Louis le Begue|Louis the Stammerer|Louis the German
4466	king of France whose military victories consolidated his reign (1081-1137)	Louis VI|Louis the Far|Louis the Wideawake|Louis the Bruiser
4467	British political cartoonist (born in New Zealand) who created the character Colonel Blimp (1891-1963)	Low|David Low|Sir David Low|Sir David Alexander Cecil Low
4468	French composer (born in Italy) who was the court composer to Louis XIV and founded the national French opera (1632-1687)	Lully|Jean Baptiste Lully|Lulli|Giambattista Lulli
4469	English writer of historical romances (1803-1873)	Lytton|First Baron Lytton|Bulwer-Lytton|Edward George Earle Bulwer-Lytton
4470	English historian noted for his history of England (1800-1859)	Macaulay|Thomas Babington Macaulay|First Baron Macaulay|Lord Macaulay
4471	French consort of Louis XIV who secretly married the king after the death of his first wife (1635-1719)	Maintenon|Marquise de Maintenon|Francoise d'Aubigne|Madame de Maintenon
4472	British statesman who was prime minister from 1990 until 1997 (born in 1943)	Major|John Major|John R. Major|John Roy Major
4473	Russian poet who died in a prison camp (1891-1938)	Mandelstam|Osip Mandelstam|Osip Emilevich Mandelstam|Mandelshtam
4474	Italian poet (1569-1625)	Marini|Giambattista Marini|Marino|Giambattista Marino
4475	Russian mathematician (1856-1922)	Markov|Andrei Markov|Markoff|Andre Markoff
4476	sinful woman Jesus healed of evil spirits	Mary Magdalene|St. Mary Magdalene|Mary Magdalen|St. Mary Magdalen
4477	English writer (born in France) of novels and short stories (1874-1965)	Maugham|Somerset Maugham|W. Somerset Maugham|William Somerset Maugham
4478	German arms manufacturer and inventor of a repeating rifle and pistol (1838-1914)	Mauser|von Mauser|P. P. von Mauser|Peter Paul Mauser
4479	United States baseball player (born in 1931)	Mays|Willie Mays|Willie Howard Mays Jr.|Say Hey Kid
4480	heroine of the American Revolution who carried water to soldiers during the Battle of Monmouth Court House and took over her husband's gun when he was overcome 	McCauley|Mary McCauley|Mary Ludwig Hays McCauley|Molly Pitcher
4481	United States financier and philanthropist (1855-1937)	Mellon|Andrew Mellon|Andrew W. Mellon|Andrew William Mellon
4482	the act of selling goods for a living	vending|peddling|hawking|vendition
4483	United States physicist (born in Germany) who collaborated with Morley in the Michelson-Morley experiment (1852-1931)	Michelson|A. A. Michelson|Albert Michelson|Albert Abraham Michelson
4484	Dutch colonist who bought Manhattan from the Native Americans for the equivalent of $24 (1580-1638)	Minuit|Peter Minuit|Minnewit|Peter Minnewit
4485	English general during World War II	Montgomery|Bernard Law Montgomery|Sir Bernard Law Montgomery|1st Viscount Montgomery of Alamein
4486	United States tennis player who dominated women's tennis in the 1920s and 1930s (1905-1998)	Moody|Helen Wills Moody|Helen Wills|Helen Newington Wills
4487	United States chemist and physicist who collaborated with Michelson in the Michelson-Morley experiment (1838-1923)	Morley|E. W. Morley|Edward Morley|Edward Williams Morley
4488	United States portrait painter who patented the telegraph and developed the Morse code (1791-1872)	Morse|Samuel Morse|Samuel F. B. Morse|Samuel Finley Breese Morse
4489	German raconteur who told preposterous stories about his adventures as a soldier and hunter	Munchhausen|Karl Friedrich Hieronymus von Munchhausen|Munchausen|Baron Munchausen
4490	British writer of short stories (1870-1916)	Munro|H. H. Munro|Hector Hugh Munro|Saki
4491	United States baseball player (born in 1920)	Musial|Stan Musial|Stanley Frank Musial|Stan the Man
4492	(Old Testament) king of Chaldea who captured and destroyed Jerusalem and exiled the Israelites to Babylonia (630?-562 BC)	Nebuchadnezzar|Nebuchadnezzar II|Nebuchadrezzar|Nebuchadrezzar II
4493	Chilean poet (1904-1973)	Neruda|Pablo Neruda|Reyes|Neftali Ricardo Reyes
4494	United States admiral of the Pacific fleet during World War II who used aircraft carriers to destroy the Japanese navy (1885-1966)	Nimitz|Chester Nimitz|Chester William Nimitz|Admiral Nimitz
4495	English scholastic philosopher and assumed author of Occam's Razor (1285-1349)	Occam|William of Occam|Ockham|William of Ockham
4496	German naturalist whose speculations that plants and animals are made up of tiny living `infusoria' led to the cell theory (1779-1851)	Oken|Lorenz Oken|Okenfuss|Lorenz Okenfuss
4497	English actor best know for his Shakespearean roles (1907-1989)	Olivier|Laurence Olivier|Sir Laurence Kerr Olivier|Baron Olivier of Birghton
4498	imaginative British writer concerned with social justice (1903-1950)	Orwell|George Orwell|Eric Blair|Eric Arthur Blair
4499	the act of spending or disbursing money	spending|disbursement|disbursal|outlay
4500	United States Arctic explorer and United States naval officer who has been regarded as the first man to reach the North Pole (1856-1920)	Peary|Robert Peary|Robert E. Peary|Robert Edwin Peary
